2024-07-10 20:15:59,171: asyncio: INFO: [MLTrader] Executing the initialize lifecycle method
2024-07-10 20:15:59,300: alpaca.trading.stream: ERROR: error during websocket communication: [SSL: CERTIFICATE_VERIFY_FAILED] certificate verify failed: unable to get local issuer certificate (_ssl.c:1000)
Traceback (most recent call last):
  File "/Library/Frameworks/Python.framework/Versions/3.12/lib/python3.12/site-packages/alpaca/trading/stream.py", line 168, in _run_forever
    await self._start_ws()
  File "/Library/Frameworks/Python.framework/Versions/3.12/lib/python3.12/site-packages/alpaca/trading/stream.py", line 128, in _start_ws
    await self._connect()
  File "/Library/Frameworks/Python.framework/Versions/3.12/lib/python3.12/site-packages/alpaca/trading/stream.py", line 59, in _connect
    self._ws = await websockets.connect(self._endpoint, **self._websocket_params)
               ^^^^^^^^^^^^^^^^^^^^^^^^^^^^^^^^^^^^^^^^^^^^^^^^^^^^^^^^^^^^^^^^^^
  File "/Library/Frameworks/Python.framework/Versions/3.12/lib/python3.12/site-packages/websockets/legacy/client.py", line 647, in __await_impl_timeout__
    return await self.__await_impl__()
           ^^^^^^^^^^^^^^^^^^^^^^^^^^^
  File "/Library/Frameworks/Python.framework/Versions/3.12/lib/python3.12/site-packages/websockets/legacy/client.py", line 651, in __await_impl__
    _transport, _protocol = await self._create_connection()
                            ^^^^^^^^^^^^^^^^^^^^^^^^^^^^^^^
  File "/Library/Frameworks/Python.framework/Versions/3.12/lib/python3.12/asyncio/base_events.py", line 1149, in create_connection
    transport, protocol = await self._create_connection_transport(
                          ^^^^^^^^^^^^^^^^^^^^^^^^^^^^^^^^^^^^^^^^
  File "/Library/Frameworks/Python.framework/Versions/3.12/lib/python3.12/asyncio/base_events.py", line 1182, in _create_connection_transport
    await waiter
  File "/Library/Frameworks/Python.framework/Versions/3.12/lib/python3.12/asyncio/sslproto.py", line 578, in _on_handshake_complete
    raise handshake_exc
  File "/Library/Frameworks/Python.framework/Versions/3.12/lib/python3.12/asyncio/sslproto.py", line 560, in _do_handshake
    self._sslobj.do_handshake()
  File "/Library/Frameworks/Python.framework/Versions/3.12/lib/python3.12/ssl.py", line 917, in do_handshake
    self._sslobj.do_handshake()
ssl.SSLCertVerificationError: [SSL: CERTIFICATE_VERIFY_FAILED] certificate verify failed: unable to get local issuer certificate (_ssl.c:1000)
2024-07-10 20:15:59,358: alpaca.trading.stream: INFO: starting trading websocket connection
2024-07-10 20:15:59,554: alpaca.trading.stream: ERROR: error during websocket communication: [SSL: CERTIFICATE_VERIFY_FAILED] certificate verify failed: unable to get local issuer certificate (_ssl.c:1000)
Traceback (most recent call last):
  File "/Library/Frameworks/Python.framework/Versions/3.12/lib/python3.12/site-packages/alpaca/trading/stream.py", line 168, in _run_forever
    await self._start_ws()
  File "/Library/Frameworks/Python.framework/Versions/3.12/lib/python3.12/site-packages/alpaca/trading/stream.py", line 128, in _start_ws
    await self._connect()
  File "/Library/Frameworks/Python.framework/Versions/3.12/lib/python3.12/site-packages/alpaca/trading/stream.py", line 59, in _connect
    self._ws = await websockets.connect(self._endpoint, **self._websocket_params)
               ^^^^^^^^^^^^^^^^^^^^^^^^^^^^^^^^^^^^^^^^^^^^^^^^^^^^^^^^^^^^^^^^^^
  File "/Library/Frameworks/Python.framework/Versions/3.12/lib/python3.12/site-packages/websockets/legacy/client.py", line 647, in __await_impl_timeout__
    return await self.__await_impl__()
           ^^^^^^^^^^^^^^^^^^^^^^^^^^^
  File "/Library/Frameworks/Python.framework/Versions/3.12/lib/python3.12/site-packages/websockets/legacy/client.py", line 651, in __await_impl__
    _transport, _protocol = await self._create_connection()
                            ^^^^^^^^^^^^^^^^^^^^^^^^^^^^^^^
  File "/Library/Frameworks/Python.framework/Versions/3.12/lib/python3.12/asyncio/base_events.py", line 1149, in create_connection
    transport, protocol = await self._create_connection_transport(
                          ^^^^^^^^^^^^^^^^^^^^^^^^^^^^^^^^^^^^^^^^
  File "/Library/Frameworks/Python.framework/Versions/3.12/lib/python3.12/asyncio/base_events.py", line 1182, in _create_connection_transport
    await waiter
  File "/Library/Frameworks/Python.framework/Versions/3.12/lib/python3.12/asyncio/sslproto.py", line 578, in _on_handshake_complete
    raise handshake_exc
  File "/Library/Frameworks/Python.framework/Versions/3.12/lib/python3.12/asyncio/sslproto.py", line 560, in _do_handshake
    self._sslobj.do_handshake()
  File "/Library/Frameworks/Python.framework/Versions/3.12/lib/python3.12/ssl.py", line 917, in do_handshake
    self._sslobj.do_handshake()
ssl.SSLCertVerificationError: [SSL: CERTIFICATE_VERIFY_FAILED] certificate verify failed: unable to get local issuer certificate (_ssl.c:1000)
2024-07-10 20:15:59,635: alpaca.trading.stream: INFO: starting trading websocket connection
2024-07-10 20:15:59,690: root: INFO: Current backtesting datetime 2023-12-15 08:30:00-05:00
2024-07-10 20:15:59,690: asyncio: INFO: [MLTrader] Executing the before_market_opens lifecycle method
2024-07-10 20:15:59,691: root: INFO: Current backtesting datetime 2023-12-15 09:30:00-05:00
2024-07-10 20:15:59,691: asyncio: INFO: [MLTrader] Executing the before_starting_trading lifecycle method
2024-07-10 20:15:59,691: asyncio: INFO: [MLTrader] Executing the on_trading_iteration lifecycle method at 2024-07-10 20:15:59
2024-07-10 20:15:59,691: root: WARNING: quote is not implemented for YahooData, but USD was passed as the quote
2024-07-10 20:15:59,754: alpaca.trading.stream: ERROR: error during websocket communication: [SSL: CERTIFICATE_VERIFY_FAILED] certificate verify failed: unable to get local issuer certificate (_ssl.c:1000)
Traceback (most recent call last):
  File "/Library/Frameworks/Python.framework/Versions/3.12/lib/python3.12/site-packages/alpaca/trading/stream.py", line 168, in _run_forever
    await self._start_ws()
  File "/Library/Frameworks/Python.framework/Versions/3.12/lib/python3.12/site-packages/alpaca/trading/stream.py", line 128, in _start_ws
    await self._connect()
  File "/Library/Frameworks/Python.framework/Versions/3.12/lib/python3.12/site-packages/alpaca/trading/stream.py", line 59, in _connect
    self._ws = await websockets.connect(self._endpoint, **self._websocket_params)
               ^^^^^^^^^^^^^^^^^^^^^^^^^^^^^^^^^^^^^^^^^^^^^^^^^^^^^^^^^^^^^^^^^^
  File "/Library/Frameworks/Python.framework/Versions/3.12/lib/python3.12/site-packages/websockets/legacy/client.py", line 647, in __await_impl_timeout__
    return await self.__await_impl__()
           ^^^^^^^^^^^^^^^^^^^^^^^^^^^
  File "/Library/Frameworks/Python.framework/Versions/3.12/lib/python3.12/site-packages/websockets/legacy/client.py", line 651, in __await_impl__
    _transport, _protocol = await self._create_connection()
                            ^^^^^^^^^^^^^^^^^^^^^^^^^^^^^^^
  File "/Library/Frameworks/Python.framework/Versions/3.12/lib/python3.12/asyncio/base_events.py", line 1149, in create_connection
    transport, protocol = await self._create_connection_transport(
                          ^^^^^^^^^^^^^^^^^^^^^^^^^^^^^^^^^^^^^^^^
  File "/Library/Frameworks/Python.framework/Versions/3.12/lib/python3.12/asyncio/base_events.py", line 1182, in _create_connection_transport
    await waiter
  File "/Library/Frameworks/Python.framework/Versions/3.12/lib/python3.12/asyncio/sslproto.py", line 578, in _on_handshake_complete
    raise handshake_exc
  File "/Library/Frameworks/Python.framework/Versions/3.12/lib/python3.12/asyncio/sslproto.py", line 560, in _do_handshake
    self._sslobj.do_handshake()
  File "/Library/Frameworks/Python.framework/Versions/3.12/lib/python3.12/ssl.py", line 917, in do_handshake
    self._sslobj.do_handshake()
ssl.SSLCertVerificationError: [SSL: CERTIFICATE_VERIFY_FAILED] certificate verify failed: unable to get local issuer certificate (_ssl.c:1000)
2024-07-10 20:15:59,766: alpaca.trading.stream: INFO: starting trading websocket connection
2024-07-10 20:15:59,825: alpaca.trading.stream: ERROR: error during websocket communication: [SSL: CERTIFICATE_VERIFY_FAILED] certificate verify failed: unable to get local issuer certificate (_ssl.c:1000)
Traceback (most recent call last):
  File "/Library/Frameworks/Python.framework/Versions/3.12/lib/python3.12/site-packages/alpaca/trading/stream.py", line 168, in _run_forever
    await self._start_ws()
  File "/Library/Frameworks/Python.framework/Versions/3.12/lib/python3.12/site-packages/alpaca/trading/stream.py", line 128, in _start_ws
    await self._connect()
  File "/Library/Frameworks/Python.framework/Versions/3.12/lib/python3.12/site-packages/alpaca/trading/stream.py", line 59, in _connect
    self._ws = await websockets.connect(self._endpoint, **self._websocket_params)
               ^^^^^^^^^^^^^^^^^^^^^^^^^^^^^^^^^^^^^^^^^^^^^^^^^^^^^^^^^^^^^^^^^^
  File "/Library/Frameworks/Python.framework/Versions/3.12/lib/python3.12/site-packages/websockets/legacy/client.py", line 647, in __await_impl_timeout__
    return await self.__await_impl__()
           ^^^^^^^^^^^^^^^^^^^^^^^^^^^
  File "/Library/Frameworks/Python.framework/Versions/3.12/lib/python3.12/site-packages/websockets/legacy/client.py", line 651, in __await_impl__
    _transport, _protocol = await self._create_connection()
                            ^^^^^^^^^^^^^^^^^^^^^^^^^^^^^^^
  File "/Library/Frameworks/Python.framework/Versions/3.12/lib/python3.12/asyncio/base_events.py", line 1149, in create_connection
    transport, protocol = await self._create_connection_transport(
                          ^^^^^^^^^^^^^^^^^^^^^^^^^^^^^^^^^^^^^^^^
  File "/Library/Frameworks/Python.framework/Versions/3.12/lib/python3.12/asyncio/base_events.py", line 1182, in _create_connection_transport
    await waiter
  File "/Library/Frameworks/Python.framework/Versions/3.12/lib/python3.12/asyncio/sslproto.py", line 578, in _on_handshake_complete
    raise handshake_exc
  File "/Library/Frameworks/Python.framework/Versions/3.12/lib/python3.12/asyncio/sslproto.py", line 560, in _do_handshake
    self._sslobj.do_handshake()
  File "/Library/Frameworks/Python.framework/Versions/3.12/lib/python3.12/ssl.py", line 917, in do_handshake
    self._sslobj.do_handshake()
ssl.SSLCertVerificationError: [SSL: CERTIFICATE_VERIFY_FAILED] certificate verify failed: unable to get local issuer certificate (_ssl.c:1000)
2024-07-10 20:15:59,836: alpaca.trading.stream: INFO: starting trading websocket connection
2024-07-10 20:15:59,893: alpaca.trading.stream: ERROR: error during websocket communication: [SSL: CERTIFICATE_VERIFY_FAILED] certificate verify failed: unable to get local issuer certificate (_ssl.c:1000)
Traceback (most recent call last):
  File "/Library/Frameworks/Python.framework/Versions/3.12/lib/python3.12/site-packages/alpaca/trading/stream.py", line 168, in _run_forever
    await self._start_ws()
  File "/Library/Frameworks/Python.framework/Versions/3.12/lib/python3.12/site-packages/alpaca/trading/stream.py", line 128, in _start_ws
    await self._connect()
  File "/Library/Frameworks/Python.framework/Versions/3.12/lib/python3.12/site-packages/alpaca/trading/stream.py", line 59, in _connect
    self._ws = await websockets.connect(self._endpoint, **self._websocket_params)
               ^^^^^^^^^^^^^^^^^^^^^^^^^^^^^^^^^^^^^^^^^^^^^^^^^^^^^^^^^^^^^^^^^^
  File "/Library/Frameworks/Python.framework/Versions/3.12/lib/python3.12/site-packages/websockets/legacy/client.py", line 647, in __await_impl_timeout__
    return await self.__await_impl__()
           ^^^^^^^^^^^^^^^^^^^^^^^^^^^
  File "/Library/Frameworks/Python.framework/Versions/3.12/lib/python3.12/site-packages/websockets/legacy/client.py", line 651, in __await_impl__
    _transport, _protocol = await self._create_connection()
                            ^^^^^^^^^^^^^^^^^^^^^^^^^^^^^^^
  File "/Library/Frameworks/Python.framework/Versions/3.12/lib/python3.12/asyncio/base_events.py", line 1149, in create_connection
    transport, protocol = await self._create_connection_transport(
                          ^^^^^^^^^^^^^^^^^^^^^^^^^^^^^^^^^^^^^^^^
  File "/Library/Frameworks/Python.framework/Versions/3.12/lib/python3.12/asyncio/base_events.py", line 1182, in _create_connection_transport
    await waiter
  File "/Library/Frameworks/Python.framework/Versions/3.12/lib/python3.12/asyncio/sslproto.py", line 578, in _on_handshake_complete
    raise handshake_exc
  File "/Library/Frameworks/Python.framework/Versions/3.12/lib/python3.12/asyncio/sslproto.py", line 560, in _do_handshake
    self._sslobj.do_handshake()
  File "/Library/Frameworks/Python.framework/Versions/3.12/lib/python3.12/ssl.py", line 917, in do_handshake
    self._sslobj.do_handshake()
ssl.SSLCertVerificationError: [SSL: CERTIFICATE_VERIFY_FAILED] certificate verify failed: unable to get local issuer certificate (_ssl.c:1000)
2024-07-10 20:15:59,905: alpaca.trading.stream: INFO: starting trading websocket connection
2024-07-10 20:15:59,962: alpaca.trading.stream: ERROR: error during websocket communication: [SSL: CERTIFICATE_VERIFY_FAILED] certificate verify failed: unable to get local issuer certificate (_ssl.c:1000)
Traceback (most recent call last):
  File "/Library/Frameworks/Python.framework/Versions/3.12/lib/python3.12/site-packages/alpaca/trading/stream.py", line 168, in _run_forever
    await self._start_ws()
  File "/Library/Frameworks/Python.framework/Versions/3.12/lib/python3.12/site-packages/alpaca/trading/stream.py", line 128, in _start_ws
    await self._connect()
  File "/Library/Frameworks/Python.framework/Versions/3.12/lib/python3.12/site-packages/alpaca/trading/stream.py", line 59, in _connect
    self._ws = await websockets.connect(self._endpoint, **self._websocket_params)
               ^^^^^^^^^^^^^^^^^^^^^^^^^^^^^^^^^^^^^^^^^^^^^^^^^^^^^^^^^^^^^^^^^^
  File "/Library/Frameworks/Python.framework/Versions/3.12/lib/python3.12/site-packages/websockets/legacy/client.py", line 647, in __await_impl_timeout__
    return await self.__await_impl__()
           ^^^^^^^^^^^^^^^^^^^^^^^^^^^
  File "/Library/Frameworks/Python.framework/Versions/3.12/lib/python3.12/site-packages/websockets/legacy/client.py", line 651, in __await_impl__
    _transport, _protocol = await self._create_connection()
                            ^^^^^^^^^^^^^^^^^^^^^^^^^^^^^^^
  File "/Library/Frameworks/Python.framework/Versions/3.12/lib/python3.12/asyncio/base_events.py", line 1149, in create_connection
    transport, protocol = await self._create_connection_transport(
                          ^^^^^^^^^^^^^^^^^^^^^^^^^^^^^^^^^^^^^^^^
  File "/Library/Frameworks/Python.framework/Versions/3.12/lib/python3.12/asyncio/base_events.py", line 1182, in _create_connection_transport
    await waiter
  File "/Library/Frameworks/Python.framework/Versions/3.12/lib/python3.12/asyncio/sslproto.py", line 578, in _on_handshake_complete
    raise handshake_exc
  File "/Library/Frameworks/Python.framework/Versions/3.12/lib/python3.12/asyncio/sslproto.py", line 560, in _do_handshake
    self._sslobj.do_handshake()
  File "/Library/Frameworks/Python.framework/Versions/3.12/lib/python3.12/ssl.py", line 917, in do_handshake
    self._sslobj.do_handshake()
ssl.SSLCertVerificationError: [SSL: CERTIFICATE_VERIFY_FAILED] certificate verify failed: unable to get local issuer certificate (_ssl.c:1000)
2024-07-10 20:15:59,975: alpaca.trading.stream: INFO: starting trading websocket connection
2024-07-10 20:16:00,037: alpaca.trading.stream: ERROR: error during websocket communication: [SSL: CERTIFICATE_VERIFY_FAILED] certificate verify failed: unable to get local issuer certificate (_ssl.c:1000)
Traceback (most recent call last):
  File "/Library/Frameworks/Python.framework/Versions/3.12/lib/python3.12/site-packages/alpaca/trading/stream.py", line 168, in _run_forever
    await self._start_ws()
  File "/Library/Frameworks/Python.framework/Versions/3.12/lib/python3.12/site-packages/alpaca/trading/stream.py", line 128, in _start_ws
    await self._connect()
  File "/Library/Frameworks/Python.framework/Versions/3.12/lib/python3.12/site-packages/alpaca/trading/stream.py", line 59, in _connect
    self._ws = await websockets.connect(self._endpoint, **self._websocket_params)
               ^^^^^^^^^^^^^^^^^^^^^^^^^^^^^^^^^^^^^^^^^^^^^^^^^^^^^^^^^^^^^^^^^^
  File "/Library/Frameworks/Python.framework/Versions/3.12/lib/python3.12/site-packages/websockets/legacy/client.py", line 647, in __await_impl_timeout__
    return await self.__await_impl__()
           ^^^^^^^^^^^^^^^^^^^^^^^^^^^
  File "/Library/Frameworks/Python.framework/Versions/3.12/lib/python3.12/site-packages/websockets/legacy/client.py", line 651, in __await_impl__
    _transport, _protocol = await self._create_connection()
                            ^^^^^^^^^^^^^^^^^^^^^^^^^^^^^^^
  File "/Library/Frameworks/Python.framework/Versions/3.12/lib/python3.12/asyncio/base_events.py", line 1149, in create_connection
    transport, protocol = await self._create_connection_transport(
                          ^^^^^^^^^^^^^^^^^^^^^^^^^^^^^^^^^^^^^^^^
  File "/Library/Frameworks/Python.framework/Versions/3.12/lib/python3.12/asyncio/base_events.py", line 1182, in _create_connection_transport
    await waiter
  File "/Library/Frameworks/Python.framework/Versions/3.12/lib/python3.12/asyncio/sslproto.py", line 578, in _on_handshake_complete
    raise handshake_exc
  File "/Library/Frameworks/Python.framework/Versions/3.12/lib/python3.12/asyncio/sslproto.py", line 560, in _do_handshake
    self._sslobj.do_handshake()
  File "/Library/Frameworks/Python.framework/Versions/3.12/lib/python3.12/ssl.py", line 917, in do_handshake
    self._sslobj.do_handshake()
ssl.SSLCertVerificationError: [SSL: CERTIFICATE_VERIFY_FAILED] certificate verify failed: unable to get local issuer certificate (_ssl.c:1000)
2024-07-10 20:16:00,050: alpaca.trading.stream: INFO: starting trading websocket connection
2024-07-10 20:16:00,109: alpaca.trading.stream: ERROR: error during websocket communication: [SSL: CERTIFICATE_VERIFY_FAILED] certificate verify failed: unable to get local issuer certificate (_ssl.c:1000)
Traceback (most recent call last):
  File "/Library/Frameworks/Python.framework/Versions/3.12/lib/python3.12/site-packages/alpaca/trading/stream.py", line 168, in _run_forever
    await self._start_ws()
  File "/Library/Frameworks/Python.framework/Versions/3.12/lib/python3.12/site-packages/alpaca/trading/stream.py", line 128, in _start_ws
    await self._connect()
  File "/Library/Frameworks/Python.framework/Versions/3.12/lib/python3.12/site-packages/alpaca/trading/stream.py", line 59, in _connect
    self._ws = await websockets.connect(self._endpoint, **self._websocket_params)
               ^^^^^^^^^^^^^^^^^^^^^^^^^^^^^^^^^^^^^^^^^^^^^^^^^^^^^^^^^^^^^^^^^^
  File "/Library/Frameworks/Python.framework/Versions/3.12/lib/python3.12/site-packages/websockets/legacy/client.py", line 647, in __await_impl_timeout__
    return await self.__await_impl__()
           ^^^^^^^^^^^^^^^^^^^^^^^^^^^
  File "/Library/Frameworks/Python.framework/Versions/3.12/lib/python3.12/site-packages/websockets/legacy/client.py", line 651, in __await_impl__
    _transport, _protocol = await self._create_connection()
                            ^^^^^^^^^^^^^^^^^^^^^^^^^^^^^^^
  File "/Library/Frameworks/Python.framework/Versions/3.12/lib/python3.12/asyncio/base_events.py", line 1149, in create_connection
    transport, protocol = await self._create_connection_transport(
                          ^^^^^^^^^^^^^^^^^^^^^^^^^^^^^^^^^^^^^^^^
  File "/Library/Frameworks/Python.framework/Versions/3.12/lib/python3.12/asyncio/base_events.py", line 1182, in _create_connection_transport
    await waiter
  File "/Library/Frameworks/Python.framework/Versions/3.12/lib/python3.12/asyncio/sslproto.py", line 578, in _on_handshake_complete
    raise handshake_exc
  File "/Library/Frameworks/Python.framework/Versions/3.12/lib/python3.12/asyncio/sslproto.py", line 560, in _do_handshake
    self._sslobj.do_handshake()
  File "/Library/Frameworks/Python.framework/Versions/3.12/lib/python3.12/ssl.py", line 917, in do_handshake
    self._sslobj.do_handshake()
ssl.SSLCertVerificationError: [SSL: CERTIFICATE_VERIFY_FAILED] certificate verify failed: unable to get local issuer certificate (_ssl.c:1000)
2024-07-10 20:16:00,121: alpaca.trading.stream: INFO: starting trading websocket connection
2024-07-10 20:16:00,187: alpaca.trading.stream: ERROR: error during websocket communication: [SSL: CERTIFICATE_VERIFY_FAILED] certificate verify failed: unable to get local issuer certificate (_ssl.c:1000)
Traceback (most recent call last):
  File "/Library/Frameworks/Python.framework/Versions/3.12/lib/python3.12/site-packages/alpaca/trading/stream.py", line 168, in _run_forever
    await self._start_ws()
  File "/Library/Frameworks/Python.framework/Versions/3.12/lib/python3.12/site-packages/alpaca/trading/stream.py", line 128, in _start_ws
    await self._connect()
  File "/Library/Frameworks/Python.framework/Versions/3.12/lib/python3.12/site-packages/alpaca/trading/stream.py", line 59, in _connect
    self._ws = await websockets.connect(self._endpoint, **self._websocket_params)
               ^^^^^^^^^^^^^^^^^^^^^^^^^^^^^^^^^^^^^^^^^^^^^^^^^^^^^^^^^^^^^^^^^^
  File "/Library/Frameworks/Python.framework/Versions/3.12/lib/python3.12/site-packages/websockets/legacy/client.py", line 647, in __await_impl_timeout__
    return await self.__await_impl__()
           ^^^^^^^^^^^^^^^^^^^^^^^^^^^
  File "/Library/Frameworks/Python.framework/Versions/3.12/lib/python3.12/site-packages/websockets/legacy/client.py", line 651, in __await_impl__
    _transport, _protocol = await self._create_connection()
                            ^^^^^^^^^^^^^^^^^^^^^^^^^^^^^^^
  File "/Library/Frameworks/Python.framework/Versions/3.12/lib/python3.12/asyncio/base_events.py", line 1149, in create_connection
    transport, protocol = await self._create_connection_transport(
                          ^^^^^^^^^^^^^^^^^^^^^^^^^^^^^^^^^^^^^^^^
  File "/Library/Frameworks/Python.framework/Versions/3.12/lib/python3.12/asyncio/base_events.py", line 1182, in _create_connection_transport
    await waiter
  File "/Library/Frameworks/Python.framework/Versions/3.12/lib/python3.12/asyncio/sslproto.py", line 578, in _on_handshake_complete
    raise handshake_exc
  File "/Library/Frameworks/Python.framework/Versions/3.12/lib/python3.12/asyncio/sslproto.py", line 560, in _do_handshake
    self._sslobj.do_handshake()
  File "/Library/Frameworks/Python.framework/Versions/3.12/lib/python3.12/ssl.py", line 917, in do_handshake
    self._sslobj.do_handshake()
ssl.SSLCertVerificationError: [SSL: CERTIFICATE_VERIFY_FAILED] certificate verify failed: unable to get local issuer certificate (_ssl.c:1000)
2024-07-10 20:16:00,213: alpaca.trading.stream: INFO: starting trading websocket connection
2024-07-10 20:16:00,256: root: WARNING: quote is not implemented for YahooData, but USD was passed as the quote
2024-07-10 20:16:00,256: asyncio: INFO: [MLTrader] New order was created: market order of | 106.0 SPY buy | at price $563.3879882812499 of class bracket with status new
2024-07-10 20:16:00,258: asyncio: INFO: [MLTrader] Trading iteration ended at 2024-07-10 20:16:00
2024-07-10 20:16:00,258: asyncio: INFO: [MLTrader] Getting historical prices for SPY, 1 bars, 
2024-07-10 20:16:00,258: root: WARNING: quote is not implemented for YahooData, but USD was passed as the quote
2024-07-10 20:16:00,258: root: WARNING: quote is not implemented for YahooData, but USD was passed as the quote
2024-07-10 20:16:00,259: root: INFO: market order of | 106.0 SPY buy | at price $563.3879882812499 of class bracket with status new was sent to broker backtesting
2024-07-10 20:16:00,259: root: INFO: market order of | 106.0 SPY buy | at price $563.3879882812499 of class bracket with status new was sent to broker backtesting
2024-07-10 20:16:00,259: asyncio: INFO: [MLTrader] Order was filled: market order of | 106.0 SPY buy | at price $469.49 of class bracket with status fill
2024-07-10 20:16:00,261: asyncio: INFO: [MLTrader] Sleeping for 86400 seconds
2024-07-10 20:16:00,261: root: INFO: Current backtesting datetime 2023-12-15 16:00:00-05:00
2024-07-10 20:16:00,261: root: INFO: Current backtesting datetime 2023-12-16 09:30:00-05:00
2024-07-10 20:16:00,262: asyncio: INFO: [MLTrader] The market is not currently open, skipping this trading iteration
2024-07-10 20:16:00,262: asyncio: INFO: [MLTrader] Getting historical prices for SPY, 1 bars, 
2024-07-10 20:16:00,262: root: WARNING: quote is not implemented for YahooData, but USD was passed as the quote
2024-07-10 20:16:00,262: root: WARNING: quote is not implemented for YahooData, but USD was passed as the quote
2024-07-10 20:16:00,262: asyncio: INFO: [MLTrader] Getting historical prices for SPY, 1 bars, 
2024-07-10 20:16:00,262: root: WARNING: quote is not implemented for YahooData, but USD was passed as the quote
2024-07-10 20:16:00,262: root: WARNING: quote is not implemented for YahooData, but USD was passed as the quote
2024-07-10 20:16:00,263: asyncio: INFO: [MLTrader] Getting historical prices for SPY, 1 bars, 
2024-07-10 20:16:00,263: root: WARNING: quote is not implemented for YahooData, but USD was passed as the quote
2024-07-10 20:16:00,263: root: WARNING: quote is not implemented for YahooData, but USD was passed as the quote
2024-07-10 20:16:00,263: asyncio: INFO: [MLTrader] Getting historical prices for SPY, 1 bars, 
2024-07-10 20:16:00,263: root: WARNING: quote is not implemented for YahooData, but USD was passed as the quote
2024-07-10 20:16:00,263: root: WARNING: quote is not implemented for YahooData, but USD was passed as the quote
2024-07-10 20:16:00,264: root: INFO: Current backtesting datetime 2023-12-16 09:29:00-05:00
2024-07-10 20:16:00,264: asyncio: INFO: [MLTrader] Getting historical prices for SPY, 1 bars, 
2024-07-10 20:16:00,264: root: WARNING: quote is not implemented for YahooData, but USD was passed as the quote
2024-07-10 20:16:00,264: root: WARNING: quote is not implemented for YahooData, but USD was passed as the quote
2024-07-10 20:16:00,264: asyncio: INFO: [MLTrader] Getting historical prices for SPY, 1 bars, 
2024-07-10 20:16:00,264: root: WARNING: quote is not implemented for YahooData, but USD was passed as the quote
2024-07-10 20:16:00,264: root: WARNING: quote is not implemented for YahooData, but USD was passed as the quote
2024-07-10 20:16:00,265: root: INFO: Current backtesting datetime 2023-12-16 09:29:00-05:00
2024-07-10 20:16:00,265: asyncio: INFO: [MLTrader] Executing the after_market_closes lifecycle method
2024-07-10 20:16:00,265: asyncio: INFO: [MLTrader] Getting historical prices for SPY, 1 bars, 
2024-07-10 20:16:00,265: root: WARNING: quote is not implemented for YahooData, but USD was passed as the quote
2024-07-10 20:16:00,265: root: WARNING: quote is not implemented for YahooData, but USD was passed as the quote
2024-07-10 20:16:00,265: asyncio: INFO: [MLTrader] Getting historical prices for SPY, 1 bars, 
2024-07-10 20:16:00,265: root: WARNING: quote is not implemented for YahooData, but USD was passed as the quote
2024-07-10 20:16:00,265: root: WARNING: quote is not implemented for YahooData, but USD was passed as the quote
2024-07-10 20:16:00,266: root: INFO: Current backtesting datetime 2023-12-18 08:30:00-05:00
2024-07-10 20:16:00,266: root: WARNING: quote is not implemented for YahooData, but USD was passed as the quote
2024-07-10 20:16:00,266: root: WARNING: quote is not implemented for YahooData, but USD was passed as the quote
2024-07-10 20:16:00,266: asyncio: INFO: [MLTrader] Executing the before_market_opens lifecycle method
2024-07-10 20:16:00,266: asyncio: INFO: [MLTrader] Getting historical prices for SPY, 1 bars, 
2024-07-10 20:16:00,266: root: WARNING: quote is not implemented for YahooData, but USD was passed as the quote
2024-07-10 20:16:00,267: root: WARNING: quote is not implemented for YahooData, but USD was passed as the quote
2024-07-10 20:16:00,267: asyncio: INFO: [MLTrader] Getting historical prices for SPY, 1 bars, 
2024-07-10 20:16:00,267: root: WARNING: quote is not implemented for YahooData, but USD was passed as the quote
2024-07-10 20:16:00,267: root: WARNING: quote is not implemented for YahooData, but USD was passed as the quote
2024-07-10 20:16:00,267: root: INFO: Current backtesting datetime 2023-12-18 09:30:00-05:00
2024-07-10 20:16:00,267: asyncio: INFO: [MLTrader] Executing the before_starting_trading lifecycle method
2024-07-10 20:16:00,268: asyncio: INFO: [MLTrader] Executing the on_trading_iteration lifecycle method at 2024-07-10 20:16:00
2024-07-10 20:16:00,268: root: WARNING: quote is not implemented for YahooData, but USD was passed as the quote
2024-07-10 20:16:00,269: root: WARNING: quote is not implemented for YahooData, but USD was passed as the quote
2024-07-10 20:16:00,269: asyncio: INFO: [MLTrader] Trading iteration ended at 2024-07-10 20:16:00
2024-07-10 20:16:00,269: asyncio: INFO: [MLTrader] Getting historical prices for SPY, 1 bars, 
2024-07-10 20:16:00,269: root: WARNING: quote is not implemented for YahooData, but USD was passed as the quote
2024-07-10 20:16:00,270: root: WARNING: quote is not implemented for YahooData, but USD was passed as the quote
2024-07-10 20:16:00,270: asyncio: INFO: [MLTrader] Getting historical prices for SPY, 1 bars, 
2024-07-10 20:16:00,270: root: WARNING: quote is not implemented for YahooData, but USD was passed as the quote
2024-07-10 20:16:00,270: root: WARNING: quote is not implemented for YahooData, but USD was passed as the quote
2024-07-10 20:16:00,271: asyncio: INFO: [MLTrader] Sleeping for 86400 seconds
2024-07-10 20:16:00,271: root: INFO: Current backtesting datetime 2023-12-18 16:00:00-05:00
2024-07-10 20:16:00,271: root: INFO: Current backtesting datetime 2023-12-19 09:30:00-05:00
2024-07-10 20:16:00,271: asyncio: INFO: [MLTrader] Executing the on_trading_iteration lifecycle method at 2024-07-10 20:16:00
2024-07-10 20:16:00,271: root: WARNING: quote is not implemented for YahooData, but USD was passed as the quote
2024-07-10 20:16:00,272: root: WARNING: quote is not implemented for YahooData, but USD was passed as the quote
2024-07-10 20:16:00,272: asyncio: INFO: [MLTrader] Trading iteration ended at 2024-07-10 20:16:00
2024-07-10 20:16:00,272: asyncio: INFO: [MLTrader] Getting historical prices for SPY, 1 bars, 
2024-07-10 20:16:00,272: root: WARNING: quote is not implemented for YahooData, but USD was passed as the quote
2024-07-10 20:16:00,273: root: WARNING: quote is not implemented for YahooData, but USD was passed as the quote
2024-07-10 20:16:00,273: asyncio: INFO: [MLTrader] Getting historical prices for SPY, 1 bars, 
2024-07-10 20:16:00,273: root: WARNING: quote is not implemented for YahooData, but USD was passed as the quote
2024-07-10 20:16:00,273: root: WARNING: quote is not implemented for YahooData, but USD was passed as the quote
2024-07-10 20:16:00,273: asyncio: INFO: [MLTrader] Sleeping for 86400 seconds
2024-07-10 20:16:00,274: root: INFO: Current backtesting datetime 2023-12-19 16:00:00-05:00
2024-07-10 20:16:00,274: root: INFO: Current backtesting datetime 2023-12-20 09:30:00-05:00
2024-07-10 20:16:00,274: asyncio: INFO: [MLTrader] Executing the on_trading_iteration lifecycle method at 2024-07-10 20:16:00
2024-07-10 20:16:00,274: root: WARNING: quote is not implemented for YahooData, but USD was passed as the quote
2024-07-10 20:16:00,275: root: WARNING: quote is not implemented for YahooData, but USD was passed as the quote
2024-07-10 20:16:00,275: asyncio: INFO: [MLTrader] Trading iteration ended at 2024-07-10 20:16:00
2024-07-10 20:16:00,275: asyncio: INFO: [MLTrader] Getting historical prices for SPY, 1 bars, 
2024-07-10 20:16:00,275: root: WARNING: quote is not implemented for YahooData, but USD was passed as the quote
2024-07-10 20:16:00,276: root: WARNING: quote is not implemented for YahooData, but USD was passed as the quote
2024-07-10 20:16:00,276: asyncio: INFO: [MLTrader] Getting historical prices for SPY, 1 bars, 
2024-07-10 20:16:00,276: root: WARNING: quote is not implemented for YahooData, but USD was passed as the quote
2024-07-10 20:16:00,276: root: WARNING: quote is not implemented for YahooData, but USD was passed as the quote
2024-07-10 20:16:00,276: asyncio: INFO: [MLTrader] Sleeping for 86400 seconds
2024-07-10 20:16:00,277: root: INFO: Current backtesting datetime 2023-12-20 16:00:00-05:00
2024-07-10 20:16:00,277: root: INFO: Current backtesting datetime 2023-12-21 09:30:00-05:00
2024-07-10 20:16:00,277: asyncio: INFO: [MLTrader] Executing the on_trading_iteration lifecycle method at 2024-07-10 20:16:00
2024-07-10 20:16:00,278: root: WARNING: quote is not implemented for YahooData, but USD was passed as the quote
2024-07-10 20:16:00,278: root: WARNING: quote is not implemented for YahooData, but USD was passed as the quote
2024-07-10 20:16:00,278: asyncio: INFO: [MLTrader] Trading iteration ended at 2024-07-10 20:16:00
2024-07-10 20:16:00,278: asyncio: INFO: [MLTrader] Getting historical prices for SPY, 1 bars, 
2024-07-10 20:16:00,278: root: WARNING: quote is not implemented for YahooData, but USD was passed as the quote
2024-07-10 20:16:00,279: root: WARNING: quote is not implemented for YahooData, but USD was passed as the quote
2024-07-10 20:16:00,279: asyncio: INFO: [MLTrader] Getting historical prices for SPY, 1 bars, 
2024-07-10 20:16:00,279: root: WARNING: quote is not implemented for YahooData, but USD was passed as the quote
2024-07-10 20:16:00,279: root: WARNING: quote is not implemented for YahooData, but USD was passed as the quote
2024-07-10 20:16:00,280: asyncio: INFO: [MLTrader] Sleeping for 86400 seconds
2024-07-10 20:16:00,280: root: INFO: Current backtesting datetime 2023-12-21 16:00:00-05:00
2024-07-10 20:16:00,280: root: INFO: Current backtesting datetime 2023-12-22 09:30:00-05:00
2024-07-10 20:16:00,280: asyncio: INFO: [MLTrader] Executing the on_trading_iteration lifecycle method at 2024-07-10 20:16:00
2024-07-10 20:16:00,281: root: WARNING: quote is not implemented for YahooData, but USD was passed as the quote
2024-07-10 20:16:00,281: root: WARNING: quote is not implemented for YahooData, but USD was passed as the quote
2024-07-10 20:16:00,281: asyncio: INFO: [MLTrader] Trading iteration ended at 2024-07-10 20:16:00
2024-07-10 20:16:00,281: asyncio: INFO: [MLTrader] Getting historical prices for SPY, 1 bars, 
2024-07-10 20:16:00,281: root: WARNING: quote is not implemented for YahooData, but USD was passed as the quote
2024-07-10 20:16:00,282: root: WARNING: quote is not implemented for YahooData, but USD was passed as the quote
2024-07-10 20:16:00,282: asyncio: INFO: [MLTrader] Getting historical prices for SPY, 1 bars, 
2024-07-10 20:16:00,282: root: WARNING: quote is not implemented for YahooData, but USD was passed as the quote
2024-07-10 20:16:00,282: root: WARNING: quote is not implemented for YahooData, but USD was passed as the quote
2024-07-10 20:16:00,282: asyncio: INFO: [MLTrader] Sleeping for 86400 seconds
2024-07-10 20:16:00,283: root: INFO: Current backtesting datetime 2023-12-22 16:00:00-05:00
2024-07-10 20:16:00,283: root: INFO: Current backtesting datetime 2023-12-23 09:30:00-05:00
2024-07-10 20:16:00,283: asyncio: INFO: [MLTrader] The market is not currently open, skipping this trading iteration
2024-07-10 20:16:00,284: asyncio: INFO: [MLTrader] Getting historical prices for SPY, 1 bars, 
2024-07-10 20:16:00,284: root: WARNING: quote is not implemented for YahooData, but USD was passed as the quote
2024-07-10 20:16:00,283: alpaca.trading.stream: ERROR: error during websocket communication: [SSL: CERTIFICATE_VERIFY_FAILED] certificate verify failed: unable to get local issuer certificate (_ssl.c:1000)
Traceback (most recent call last):
  File "/Library/Frameworks/Python.framework/Versions/3.12/lib/python3.12/site-packages/alpaca/trading/stream.py", line 168, in _run_forever
    await self._start_ws()
  File "/Library/Frameworks/Python.framework/Versions/3.12/lib/python3.12/site-packages/alpaca/trading/stream.py", line 128, in _start_ws
    await self._connect()
  File "/Library/Frameworks/Python.framework/Versions/3.12/lib/python3.12/site-packages/alpaca/trading/stream.py", line 59, in _connect
    self._ws = await websockets.connect(self._endpoint, **self._websocket_params)
               ^^^^^^^^^^^^^^^^^^^^^^^^^^^^^^^^^^^^^^^^^^^^^^^^^^^^^^^^^^^^^^^^^^
  File "/Library/Frameworks/Python.framework/Versions/3.12/lib/python3.12/site-packages/websockets/legacy/client.py", line 647, in __await_impl_timeout__
    return await self.__await_impl__()
           ^^^^^^^^^^^^^^^^^^^^^^^^^^^
  File "/Library/Frameworks/Python.framework/Versions/3.12/lib/python3.12/site-packages/websockets/legacy/client.py", line 651, in __await_impl__
    _transport, _protocol = await self._create_connection()
                            ^^^^^^^^^^^^^^^^^^^^^^^^^^^^^^^
  File "/Library/Frameworks/Python.framework/Versions/3.12/lib/python3.12/asyncio/base_events.py", line 1149, in create_connection
    transport, protocol = await self._create_connection_transport(
                          ^^^^^^^^^^^^^^^^^^^^^^^^^^^^^^^^^^^^^^^^
  File "/Library/Frameworks/Python.framework/Versions/3.12/lib/python3.12/asyncio/base_events.py", line 1182, in _create_connection_transport
    await waiter
  File "/Library/Frameworks/Python.framework/Versions/3.12/lib/python3.12/asyncio/sslproto.py", line 578, in _on_handshake_complete
    raise handshake_exc
  File "/Library/Frameworks/Python.framework/Versions/3.12/lib/python3.12/asyncio/sslproto.py", line 560, in _do_handshake
    self._sslobj.do_handshake()
  File "/Library/Frameworks/Python.framework/Versions/3.12/lib/python3.12/ssl.py", line 917, in do_handshake
    self._sslobj.do_handshake()
ssl.SSLCertVerificationError: [SSL: CERTIFICATE_VERIFY_FAILED] certificate verify failed: unable to get local issuer certificate (_ssl.c:1000)
2024-07-10 20:16:00,284: root: WARNING: quote is not implemented for YahooData, but USD was passed as the quote
2024-07-10 20:16:00,284: asyncio: INFO: [MLTrader] Getting historical prices for SPY, 1 bars, 
2024-07-10 20:16:00,284: root: WARNING: quote is not implemented for YahooData, but USD was passed as the quote
2024-07-10 20:16:00,285: root: WARNING: quote is not implemented for YahooData, but USD was passed as the quote
2024-07-10 20:16:00,285: asyncio: INFO: [MLTrader] Getting historical prices for SPY, 1 bars, 
2024-07-10 20:16:00,285: root: WARNING: quote is not implemented for YahooData, but USD was passed as the quote
2024-07-10 20:16:00,285: root: WARNING: quote is not implemented for YahooData, but USD was passed as the quote
2024-07-10 20:16:00,285: asyncio: INFO: [MLTrader] Getting historical prices for SPY, 1 bars, 
2024-07-10 20:16:00,285: root: WARNING: quote is not implemented for YahooData, but USD was passed as the quote
2024-07-10 20:16:00,285: root: WARNING: quote is not implemented for YahooData, but USD was passed as the quote
2024-07-10 20:16:00,286: root: INFO: Current backtesting datetime 2023-12-23 09:29:00-05:00
2024-07-10 20:16:00,286: asyncio: INFO: [MLTrader] Getting historical prices for SPY, 1 bars, 
2024-07-10 20:16:00,286: root: WARNING: quote is not implemented for YahooData, but USD was passed as the quote
2024-07-10 20:16:00,286: root: WARNING: quote is not implemented for YahooData, but USD was passed as the quote
2024-07-10 20:16:00,286: asyncio: INFO: [MLTrader] Getting historical prices for SPY, 1 bars, 
2024-07-10 20:16:00,286: root: WARNING: quote is not implemented for YahooData, but USD was passed as the quote
2024-07-10 20:16:00,287: root: WARNING: quote is not implemented for YahooData, but USD was passed as the quote
2024-07-10 20:16:00,287: root: INFO: Current backtesting datetime 2023-12-23 09:29:00-05:00
2024-07-10 20:16:00,287: asyncio: INFO: [MLTrader] Executing the after_market_closes lifecycle method
2024-07-10 20:16:00,287: asyncio: INFO: [MLTrader] Getting historical prices for SPY, 1 bars, 
2024-07-10 20:16:00,287: root: WARNING: quote is not implemented for YahooData, but USD was passed as the quote
2024-07-10 20:16:00,287: root: WARNING: quote is not implemented for YahooData, but USD was passed as the quote
2024-07-10 20:16:00,287: asyncio: INFO: [MLTrader] Getting historical prices for SPY, 1 bars, 
2024-07-10 20:16:00,287: root: WARNING: quote is not implemented for YahooData, but USD was passed as the quote
2024-07-10 20:16:00,287: root: WARNING: quote is not implemented for YahooData, but USD was passed as the quote
2024-07-10 20:16:00,288: root: INFO: Current backtesting datetime 2023-12-26 08:30:00-05:00
2024-07-10 20:16:00,288: root: WARNING: quote is not implemented for YahooData, but USD was passed as the quote
2024-07-10 20:16:00,288: root: WARNING: quote is not implemented for YahooData, but USD was passed as the quote
2024-07-10 20:16:00,288: asyncio: INFO: [MLTrader] Executing the before_market_opens lifecycle method
2024-07-10 20:16:00,288: asyncio: INFO: [MLTrader] Getting historical prices for SPY, 1 bars, 
2024-07-10 20:16:00,288: root: WARNING: quote is not implemented for YahooData, but USD was passed as the quote
2024-07-10 20:16:00,289: root: WARNING: quote is not implemented for YahooData, but USD was passed as the quote
2024-07-10 20:16:00,289: asyncio: INFO: [MLTrader] Getting historical prices for SPY, 1 bars, 
2024-07-10 20:16:00,289: root: WARNING: quote is not implemented for YahooData, but USD was passed as the quote
2024-07-10 20:16:00,289: root: WARNING: quote is not implemented for YahooData, but USD was passed as the quote
2024-07-10 20:16:00,289: root: INFO: Current backtesting datetime 2023-12-26 09:30:00-05:00
2024-07-10 20:16:00,289: asyncio: INFO: [MLTrader] Executing the before_starting_trading lifecycle method
2024-07-10 20:16:00,290: asyncio: INFO: [MLTrader] Executing the on_trading_iteration lifecycle method at 2024-07-10 20:16:00
2024-07-10 20:16:00,290: root: WARNING: quote is not implemented for YahooData, but USD was passed as the quote
2024-07-10 20:16:00,291: root: WARNING: quote is not implemented for YahooData, but USD was passed as the quote
2024-07-10 20:16:00,291: asyncio: INFO: [MLTrader] Trading iteration ended at 2024-07-10 20:16:00
2024-07-10 20:16:00,291: asyncio: INFO: [MLTrader] Getting historical prices for SPY, 1 bars, 
2024-07-10 20:16:00,291: root: WARNING: quote is not implemented for YahooData, but USD was passed as the quote
2024-07-10 20:16:00,291: root: WARNING: quote is not implemented for YahooData, but USD was passed as the quote
2024-07-10 20:16:00,291: asyncio: INFO: [MLTrader] Getting historical prices for SPY, 1 bars, 
2024-07-10 20:16:00,291: root: WARNING: quote is not implemented for YahooData, but USD was passed as the quote
2024-07-10 20:16:00,292: root: WARNING: quote is not implemented for YahooData, but USD was passed as the quote
2024-07-10 20:16:00,292: asyncio: INFO: [MLTrader] Sleeping for 86400 seconds
2024-07-10 20:16:00,292: root: INFO: Current backtesting datetime 2023-12-26 16:00:00-05:00
2024-07-10 20:16:00,292: root: INFO: Current backtesting datetime 2023-12-27 09:30:00-05:00
2024-07-10 20:16:00,293: asyncio: INFO: [MLTrader] Executing the on_trading_iteration lifecycle method at 2024-07-10 20:16:00
2024-07-10 20:16:00,293: root: WARNING: quote is not implemented for YahooData, but USD was passed as the quote
2024-07-10 20:16:00,293: root: WARNING: quote is not implemented for YahooData, but USD was passed as the quote
2024-07-10 20:16:00,293: asyncio: INFO: [MLTrader] Trading iteration ended at 2024-07-10 20:16:00
2024-07-10 20:16:00,294: asyncio: INFO: [MLTrader] Getting historical prices for SPY, 1 bars, 
2024-07-10 20:16:00,294: root: WARNING: quote is not implemented for YahooData, but USD was passed as the quote
2024-07-10 20:16:00,294: root: WARNING: quote is not implemented for YahooData, but USD was passed as the quote
2024-07-10 20:16:00,294: asyncio: INFO: [MLTrader] Getting historical prices for SPY, 1 bars, 
2024-07-10 20:16:00,294: root: WARNING: quote is not implemented for YahooData, but USD was passed as the quote
2024-07-10 20:16:00,294: root: WARNING: quote is not implemented for YahooData, but USD was passed as the quote
2024-07-10 20:16:00,295: asyncio: INFO: [MLTrader] Sleeping for 86400 seconds
2024-07-10 20:16:00,295: root: INFO: Current backtesting datetime 2023-12-27 16:00:00-05:00
2024-07-10 20:16:00,295: root: INFO: Current backtesting datetime 2023-12-28 09:30:00-05:00
2024-07-10 20:16:00,295: alpaca.trading.stream: INFO: starting trading websocket connection
2024-07-10 20:16:00,296: asyncio: INFO: [MLTrader] Executing the on_trading_iteration lifecycle method at 2024-07-10 20:16:00
2024-07-10 20:16:00,296: root: WARNING: quote is not implemented for YahooData, but USD was passed as the quote
2024-07-10 20:16:00,296: root: WARNING: quote is not implemented for YahooData, but USD was passed as the quote
2024-07-10 20:16:00,296: asyncio: INFO: [MLTrader] Trading iteration ended at 2024-07-10 20:16:00
2024-07-10 20:16:00,297: asyncio: INFO: [MLTrader] Getting historical prices for SPY, 1 bars, 
2024-07-10 20:16:00,297: root: WARNING: quote is not implemented for YahooData, but USD was passed as the quote
2024-07-10 20:16:00,297: root: WARNING: quote is not implemented for YahooData, but USD was passed as the quote
2024-07-10 20:16:00,297: asyncio: INFO: [MLTrader] Getting historical prices for SPY, 1 bars, 
2024-07-10 20:16:00,297: root: WARNING: quote is not implemented for YahooData, but USD was passed as the quote
2024-07-10 20:16:00,298: root: WARNING: quote is not implemented for YahooData, but USD was passed as the quote
2024-07-10 20:16:00,298: asyncio: INFO: [MLTrader] Sleeping for 86400 seconds
2024-07-10 20:16:00,298: root: INFO: Current backtesting datetime 2023-12-28 16:00:00-05:00
2024-07-10 20:16:00,298: root: INFO: Current backtesting datetime 2023-12-29 09:30:00-05:00
2024-07-10 20:16:00,299: asyncio: INFO: [MLTrader] Executing the on_trading_iteration lifecycle method at 2024-07-10 20:16:00
2024-07-10 20:16:00,299: root: WARNING: quote is not implemented for YahooData, but USD was passed as the quote
2024-07-10 20:16:00,299: root: WARNING: quote is not implemented for YahooData, but USD was passed as the quote
2024-07-10 20:16:00,300: asyncio: INFO: [MLTrader] Trading iteration ended at 2024-07-10 20:16:00
2024-07-10 20:16:00,300: asyncio: INFO: [MLTrader] Getting historical prices for SPY, 1 bars, 
2024-07-10 20:16:00,300: root: WARNING: quote is not implemented for YahooData, but USD was passed as the quote
2024-07-10 20:16:00,300: root: WARNING: quote is not implemented for YahooData, but USD was passed as the quote
2024-07-10 20:16:00,300: asyncio: INFO: [MLTrader] Getting historical prices for SPY, 1 bars, 
2024-07-10 20:16:00,300: root: WARNING: quote is not implemented for YahooData, but USD was passed as the quote
2024-07-10 20:16:00,300: root: WARNING: quote is not implemented for YahooData, but USD was passed as the quote
2024-07-10 20:16:00,301: asyncio: INFO: [MLTrader] Sleeping for 86400 seconds
2024-07-10 20:16:00,301: root: INFO: Current backtesting datetime 2023-12-29 16:00:00-05:00
2024-07-10 20:16:00,301: root: INFO: Current backtesting datetime 2023-12-30 09:30:00-05:00
2024-07-10 20:16:00,301: asyncio: INFO: [MLTrader] The market is not currently open, skipping this trading iteration
2024-07-10 20:16:00,302: asyncio: INFO: [MLTrader] Getting historical prices for SPY, 1 bars, 
2024-07-10 20:16:00,302: root: WARNING: quote is not implemented for YahooData, but USD was passed as the quote
2024-07-10 20:16:00,302: root: WARNING: quote is not implemented for YahooData, but USD was passed as the quote
2024-07-10 20:16:00,302: asyncio: INFO: [MLTrader] Getting historical prices for SPY, 1 bars, 
2024-07-10 20:16:00,302: root: WARNING: quote is not implemented for YahooData, but USD was passed as the quote
2024-07-10 20:16:00,302: root: WARNING: quote is not implemented for YahooData, but USD was passed as the quote
2024-07-10 20:16:00,303: asyncio: INFO: [MLTrader] Getting historical prices for SPY, 1 bars, 
2024-07-10 20:16:00,303: root: WARNING: quote is not implemented for YahooData, but USD was passed as the quote
2024-07-10 20:16:00,303: root: WARNING: quote is not implemented for YahooData, but USD was passed as the quote
2024-07-10 20:16:00,303: asyncio: INFO: [MLTrader] Getting historical prices for SPY, 1 bars, 
2024-07-10 20:16:00,303: root: WARNING: quote is not implemented for YahooData, but USD was passed as the quote
2024-07-10 20:16:00,303: root: WARNING: quote is not implemented for YahooData, but USD was passed as the quote
2024-07-10 20:16:00,304: root: INFO: Current backtesting datetime 2023-12-30 09:29:00-05:00
2024-07-10 20:16:00,304: asyncio: INFO: [MLTrader] Getting historical prices for SPY, 1 bars, 
2024-07-10 20:16:00,304: root: WARNING: quote is not implemented for YahooData, but USD was passed as the quote
2024-07-10 20:16:00,304: root: WARNING: quote is not implemented for YahooData, but USD was passed as the quote
2024-07-10 20:16:00,304: asyncio: INFO: [MLTrader] Getting historical prices for SPY, 1 bars, 
2024-07-10 20:16:00,304: root: WARNING: quote is not implemented for YahooData, but USD was passed as the quote
2024-07-10 20:16:00,304: root: WARNING: quote is not implemented for YahooData, but USD was passed as the quote
2024-07-10 20:16:00,305: root: INFO: Current backtesting datetime 2023-12-30 09:29:00-05:00
2024-07-10 20:16:00,305: asyncio: INFO: [MLTrader] Executing the after_market_closes lifecycle method
2024-07-10 20:16:00,305: asyncio: INFO: [MLTrader] Getting historical prices for SPY, 1 bars, 
2024-07-10 20:16:00,305: root: WARNING: quote is not implemented for YahooData, but USD was passed as the quote
2024-07-10 20:16:00,305: root: WARNING: quote is not implemented for YahooData, but USD was passed as the quote
2024-07-10 20:16:00,305: asyncio: INFO: [MLTrader] Getting historical prices for SPY, 1 bars, 
2024-07-10 20:16:00,305: root: WARNING: quote is not implemented for YahooData, but USD was passed as the quote
2024-07-10 20:16:00,305: root: WARNING: quote is not implemented for YahooData, but USD was passed as the quote
2024-07-10 20:16:00,306: root: INFO: Current backtesting datetime 2024-01-02 08:30:00-05:00
2024-07-10 20:16:00,306: asyncio: INFO: [MLTrader] Executing the on_strategy_end lifecycle method
2024-07-10 20:16:00,361: alpaca.trading.stream: ERROR: error during websocket communication: [SSL: CERTIFICATE_VERIFY_FAILED] certificate verify failed: unable to get local issuer certificate (_ssl.c:1000)
Traceback (most recent call last):
  File "/Library/Frameworks/Python.framework/Versions/3.12/lib/python3.12/site-packages/alpaca/trading/stream.py", line 168, in _run_forever
    await self._start_ws()
  File "/Library/Frameworks/Python.framework/Versions/3.12/lib/python3.12/site-packages/alpaca/trading/stream.py", line 128, in _start_ws
    await self._connect()
  File "/Library/Frameworks/Python.framework/Versions/3.12/lib/python3.12/site-packages/alpaca/trading/stream.py", line 59, in _connect
    self._ws = await websockets.connect(self._endpoint, **self._websocket_params)
               ^^^^^^^^^^^^^^^^^^^^^^^^^^^^^^^^^^^^^^^^^^^^^^^^^^^^^^^^^^^^^^^^^^
  File "/Library/Frameworks/Python.framework/Versions/3.12/lib/python3.12/site-packages/websockets/legacy/client.py", line 647, in __await_impl_timeout__
    return await self.__await_impl__()
           ^^^^^^^^^^^^^^^^^^^^^^^^^^^
  File "/Library/Frameworks/Python.framework/Versions/3.12/lib/python3.12/site-packages/websockets/legacy/client.py", line 651, in __await_impl__
    _transport, _protocol = await self._create_connection()
                            ^^^^^^^^^^^^^^^^^^^^^^^^^^^^^^^
  File "/Library/Frameworks/Python.framework/Versions/3.12/lib/python3.12/asyncio/base_events.py", line 1149, in create_connection
    transport, protocol = await self._create_connection_transport(
                          ^^^^^^^^^^^^^^^^^^^^^^^^^^^^^^^^^^^^^^^^
  File "/Library/Frameworks/Python.framework/Versions/3.12/lib/python3.12/asyncio/base_events.py", line 1182, in _create_connection_transport
    await waiter
  File "/Library/Frameworks/Python.framework/Versions/3.12/lib/python3.12/asyncio/sslproto.py", line 578, in _on_handshake_complete
    raise handshake_exc
  File "/Library/Frameworks/Python.framework/Versions/3.12/lib/python3.12/asyncio/sslproto.py", line 560, in _do_handshake
    self._sslobj.do_handshake()
  File "/Library/Frameworks/Python.framework/Versions/3.12/lib/python3.12/ssl.py", line 917, in do_handshake
    self._sslobj.do_handshake()
ssl.SSLCertVerificationError: [SSL: CERTIFICATE_VERIFY_FAILED] certificate verify failed: unable to get local issuer certificate (_ssl.c:1000)
2024-07-10 20:16:00,373: alpaca.trading.stream: INFO: starting trading websocket connection
2024-07-10 20:16:00,432: alpaca.trading.stream: ERROR: error during websocket communication: [SSL: CERTIFICATE_VERIFY_FAILED] certificate verify failed: unable to get local issuer certificate (_ssl.c:1000)
Traceback (most recent call last):
  File "/Library/Frameworks/Python.framework/Versions/3.12/lib/python3.12/site-packages/alpaca/trading/stream.py", line 168, in _run_forever
    await self._start_ws()
  File "/Library/Frameworks/Python.framework/Versions/3.12/lib/python3.12/site-packages/alpaca/trading/stream.py", line 128, in _start_ws
    await self._connect()
  File "/Library/Frameworks/Python.framework/Versions/3.12/lib/python3.12/site-packages/alpaca/trading/stream.py", line 59, in _connect
    self._ws = await websockets.connect(self._endpoint, **self._websocket_params)
               ^^^^^^^^^^^^^^^^^^^^^^^^^^^^^^^^^^^^^^^^^^^^^^^^^^^^^^^^^^^^^^^^^^
  File "/Library/Frameworks/Python.framework/Versions/3.12/lib/python3.12/site-packages/websockets/legacy/client.py", line 647, in __await_impl_timeout__
    return await self.__await_impl__()
           ^^^^^^^^^^^^^^^^^^^^^^^^^^^
  File "/Library/Frameworks/Python.framework/Versions/3.12/lib/python3.12/site-packages/websockets/legacy/client.py", line 651, in __await_impl__
    _transport, _protocol = await self._create_connection()
                            ^^^^^^^^^^^^^^^^^^^^^^^^^^^^^^^
  File "/Library/Frameworks/Python.framework/Versions/3.12/lib/python3.12/asyncio/base_events.py", line 1149, in create_connection
    transport, protocol = await self._create_connection_transport(
                          ^^^^^^^^^^^^^^^^^^^^^^^^^^^^^^^^^^^^^^^^
  File "/Library/Frameworks/Python.framework/Versions/3.12/lib/python3.12/asyncio/base_events.py", line 1182, in _create_connection_transport
    await waiter
  File "/Library/Frameworks/Python.framework/Versions/3.12/lib/python3.12/asyncio/sslproto.py", line 578, in _on_handshake_complete
    raise handshake_exc
  File "/Library/Frameworks/Python.framework/Versions/3.12/lib/python3.12/asyncio/sslproto.py", line 560, in _do_handshake
    self._sslobj.do_handshake()
  File "/Library/Frameworks/Python.framework/Versions/3.12/lib/python3.12/ssl.py", line 917, in do_handshake
    self._sslobj.do_handshake()
ssl.SSLCertVerificationError: [SSL: CERTIFICATE_VERIFY_FAILED] certificate verify failed: unable to get local issuer certificate (_ssl.c:1000)
2024-07-10 20:16:00,444: alpaca.trading.stream: INFO: starting trading websocket connection
2024-07-10 20:16:00,507: alpaca.trading.stream: ERROR: error during websocket communication: [SSL: CERTIFICATE_VERIFY_FAILED] certificate verify failed: unable to get local issuer certificate (_ssl.c:1000)
Traceback (most recent call last):
  File "/Library/Frameworks/Python.framework/Versions/3.12/lib/python3.12/site-packages/alpaca/trading/stream.py", line 168, in _run_forever
    await self._start_ws()
  File "/Library/Frameworks/Python.framework/Versions/3.12/lib/python3.12/site-packages/alpaca/trading/stream.py", line 128, in _start_ws
    await self._connect()
  File "/Library/Frameworks/Python.framework/Versions/3.12/lib/python3.12/site-packages/alpaca/trading/stream.py", line 59, in _connect
    self._ws = await websockets.connect(self._endpoint, **self._websocket_params)
               ^^^^^^^^^^^^^^^^^^^^^^^^^^^^^^^^^^^^^^^^^^^^^^^^^^^^^^^^^^^^^^^^^^
  File "/Library/Frameworks/Python.framework/Versions/3.12/lib/python3.12/site-packages/websockets/legacy/client.py", line 647, in __await_impl_timeout__
    return await self.__await_impl__()
           ^^^^^^^^^^^^^^^^^^^^^^^^^^^
  File "/Library/Frameworks/Python.framework/Versions/3.12/lib/python3.12/site-packages/websockets/legacy/client.py", line 651, in __await_impl__
    _transport, _protocol = await self._create_connection()
                            ^^^^^^^^^^^^^^^^^^^^^^^^^^^^^^^
  File "/Library/Frameworks/Python.framework/Versions/3.12/lib/python3.12/asyncio/base_events.py", line 1149, in create_connection
    transport, protocol = await self._create_connection_transport(
                          ^^^^^^^^^^^^^^^^^^^^^^^^^^^^^^^^^^^^^^^^
  File "/Library/Frameworks/Python.framework/Versions/3.12/lib/python3.12/asyncio/base_events.py", line 1182, in _create_connection_transport
    await waiter
  File "/Library/Frameworks/Python.framework/Versions/3.12/lib/python3.12/asyncio/sslproto.py", line 578, in _on_handshake_complete
    raise handshake_exc
  File "/Library/Frameworks/Python.framework/Versions/3.12/lib/python3.12/asyncio/sslproto.py", line 560, in _do_handshake
    self._sslobj.do_handshake()
  File "/Library/Frameworks/Python.framework/Versions/3.12/lib/python3.12/ssl.py", line 917, in do_handshake
    self._sslobj.do_handshake()
ssl.SSLCertVerificationError: [SSL: CERTIFICATE_VERIFY_FAILED] certificate verify failed: unable to get local issuer certificate (_ssl.c:1000)
2024-07-10 20:16:00,519: alpaca.trading.stream: INFO: starting trading websocket connection
2024-07-10 20:16:00,570: alpaca.trading.stream: ERROR: error during websocket communication: [SSL: CERTIFICATE_VERIFY_FAILED] certificate verify failed: unable to get local issuer certificate (_ssl.c:1000)
Traceback (most recent call last):
  File "/Library/Frameworks/Python.framework/Versions/3.12/lib/python3.12/site-packages/alpaca/trading/stream.py", line 168, in _run_forever
    await self._start_ws()
  File "/Library/Frameworks/Python.framework/Versions/3.12/lib/python3.12/site-packages/alpaca/trading/stream.py", line 128, in _start_ws
    await self._connect()
  File "/Library/Frameworks/Python.framework/Versions/3.12/lib/python3.12/site-packages/alpaca/trading/stream.py", line 59, in _connect
    self._ws = await websockets.connect(self._endpoint, **self._websocket_params)
               ^^^^^^^^^^^^^^^^^^^^^^^^^^^^^^^^^^^^^^^^^^^^^^^^^^^^^^^^^^^^^^^^^^
  File "/Library/Frameworks/Python.framework/Versions/3.12/lib/python3.12/site-packages/websockets/legacy/client.py", line 647, in __await_impl_timeout__
    return await self.__await_impl__()
           ^^^^^^^^^^^^^^^^^^^^^^^^^^^
  File "/Library/Frameworks/Python.framework/Versions/3.12/lib/python3.12/site-packages/websockets/legacy/client.py", line 651, in __await_impl__
    _transport, _protocol = await self._create_connection()
                            ^^^^^^^^^^^^^^^^^^^^^^^^^^^^^^^
  File "/Library/Frameworks/Python.framework/Versions/3.12/lib/python3.12/asyncio/base_events.py", line 1149, in create_connection
    transport, protocol = await self._create_connection_transport(
                          ^^^^^^^^^^^^^^^^^^^^^^^^^^^^^^^^^^^^^^^^
  File "/Library/Frameworks/Python.framework/Versions/3.12/lib/python3.12/asyncio/base_events.py", line 1182, in _create_connection_transport
    await waiter
  File "/Library/Frameworks/Python.framework/Versions/3.12/lib/python3.12/asyncio/sslproto.py", line 578, in _on_handshake_complete
    raise handshake_exc
  File "/Library/Frameworks/Python.framework/Versions/3.12/lib/python3.12/asyncio/sslproto.py", line 560, in _do_handshake
    self._sslobj.do_handshake()
  File "/Library/Frameworks/Python.framework/Versions/3.12/lib/python3.12/ssl.py", line 917, in do_handshake
    self._sslobj.do_handshake()
ssl.SSLCertVerificationError: [SSL: CERTIFICATE_VERIFY_FAILED] certificate verify failed: unable to get local issuer certificate (_ssl.c:1000)
2024-07-10 20:16:00,582: alpaca.trading.stream: INFO: starting trading websocket connection
2024-07-10 20:16:00,666: alpaca.trading.stream: ERROR: error during websocket communication: [SSL: CERTIFICATE_VERIFY_FAILED] certificate verify failed: unable to get local issuer certificate (_ssl.c:1000)
Traceback (most recent call last):
  File "/Library/Frameworks/Python.framework/Versions/3.12/lib/python3.12/site-packages/alpaca/trading/stream.py", line 168, in _run_forever
    await self._start_ws()
  File "/Library/Frameworks/Python.framework/Versions/3.12/lib/python3.12/site-packages/alpaca/trading/stream.py", line 128, in _start_ws
    await self._connect()
  File "/Library/Frameworks/Python.framework/Versions/3.12/lib/python3.12/site-packages/alpaca/trading/stream.py", line 59, in _connect
    self._ws = await websockets.connect(self._endpoint, **self._websocket_params)
               ^^^^^^^^^^^^^^^^^^^^^^^^^^^^^^^^^^^^^^^^^^^^^^^^^^^^^^^^^^^^^^^^^^
  File "/Library/Frameworks/Python.framework/Versions/3.12/lib/python3.12/site-packages/websockets/legacy/client.py", line 647, in __await_impl_timeout__
    return await self.__await_impl__()
           ^^^^^^^^^^^^^^^^^^^^^^^^^^^
  File "/Library/Frameworks/Python.framework/Versions/3.12/lib/python3.12/site-packages/websockets/legacy/client.py", line 651, in __await_impl__
    _transport, _protocol = await self._create_connection()
                            ^^^^^^^^^^^^^^^^^^^^^^^^^^^^^^^
  File "/Library/Frameworks/Python.framework/Versions/3.12/lib/python3.12/asyncio/base_events.py", line 1149, in create_connection
    transport, protocol = await self._create_connection_transport(
                          ^^^^^^^^^^^^^^^^^^^^^^^^^^^^^^^^^^^^^^^^
  File "/Library/Frameworks/Python.framework/Versions/3.12/lib/python3.12/asyncio/base_events.py", line 1182, in _create_connection_transport
    await waiter
  File "/Library/Frameworks/Python.framework/Versions/3.12/lib/python3.12/asyncio/sslproto.py", line 578, in _on_handshake_complete
    raise handshake_exc
  File "/Library/Frameworks/Python.framework/Versions/3.12/lib/python3.12/asyncio/sslproto.py", line 560, in _do_handshake
    self._sslobj.do_handshake()
  File "/Library/Frameworks/Python.framework/Versions/3.12/lib/python3.12/ssl.py", line 917, in do_handshake
    self._sslobj.do_handshake()
ssl.SSLCertVerificationError: [SSL: CERTIFICATE_VERIFY_FAILED] certificate verify failed: unable to get local issuer certificate (_ssl.c:1000)
2024-07-10 20:16:00,678: alpaca.trading.stream: INFO: starting trading websocket connection
2024-07-10 20:16:00,732: alpaca.trading.stream: ERROR: error during websocket communication: [SSL: CERTIFICATE_VERIFY_FAILED] certificate verify failed: unable to get local issuer certificate (_ssl.c:1000)
Traceback (most recent call last):
  File "/Library/Frameworks/Python.framework/Versions/3.12/lib/python3.12/site-packages/alpaca/trading/stream.py", line 168, in _run_forever
    await self._start_ws()
  File "/Library/Frameworks/Python.framework/Versions/3.12/lib/python3.12/site-packages/alpaca/trading/stream.py", line 128, in _start_ws
    await self._connect()
  File "/Library/Frameworks/Python.framework/Versions/3.12/lib/python3.12/site-packages/alpaca/trading/stream.py", line 59, in _connect
    self._ws = await websockets.connect(self._endpoint, **self._websocket_params)
               ^^^^^^^^^^^^^^^^^^^^^^^^^^^^^^^^^^^^^^^^^^^^^^^^^^^^^^^^^^^^^^^^^^
  File "/Library/Frameworks/Python.framework/Versions/3.12/lib/python3.12/site-packages/websockets/legacy/client.py", line 647, in __await_impl_timeout__
    return await self.__await_impl__()
           ^^^^^^^^^^^^^^^^^^^^^^^^^^^
  File "/Library/Frameworks/Python.framework/Versions/3.12/lib/python3.12/site-packages/websockets/legacy/client.py", line 651, in __await_impl__
    _transport, _protocol = await self._create_connection()
                            ^^^^^^^^^^^^^^^^^^^^^^^^^^^^^^^
  File "/Library/Frameworks/Python.framework/Versions/3.12/lib/python3.12/asyncio/base_events.py", line 1149, in create_connection
    transport, protocol = await self._create_connection_transport(
                          ^^^^^^^^^^^^^^^^^^^^^^^^^^^^^^^^^^^^^^^^
  File "/Library/Frameworks/Python.framework/Versions/3.12/lib/python3.12/asyncio/base_events.py", line 1182, in _create_connection_transport
    await waiter
  File "/Library/Frameworks/Python.framework/Versions/3.12/lib/python3.12/asyncio/sslproto.py", line 578, in _on_handshake_complete
    raise handshake_exc
  File "/Library/Frameworks/Python.framework/Versions/3.12/lib/python3.12/asyncio/sslproto.py", line 560, in _do_handshake
    self._sslobj.do_handshake()
  File "/Library/Frameworks/Python.framework/Versions/3.12/lib/python3.12/ssl.py", line 917, in do_handshake
    self._sslobj.do_handshake()
ssl.SSLCertVerificationError: [SSL: CERTIFICATE_VERIFY_FAILED] certificate verify failed: unable to get local issuer certificate (_ssl.c:1000)
2024-07-10 20:16:00,744: alpaca.trading.stream: INFO: starting trading websocket connection
2024-07-10 20:16:00,800: alpaca.trading.stream: ERROR: error during websocket communication: [SSL: CERTIFICATE_VERIFY_FAILED] certificate verify failed: unable to get local issuer certificate (_ssl.c:1000)
Traceback (most recent call last):
  File "/Library/Frameworks/Python.framework/Versions/3.12/lib/python3.12/site-packages/alpaca/trading/stream.py", line 168, in _run_forever
    await self._start_ws()
  File "/Library/Frameworks/Python.framework/Versions/3.12/lib/python3.12/site-packages/alpaca/trading/stream.py", line 128, in _start_ws
    await self._connect()
  File "/Library/Frameworks/Python.framework/Versions/3.12/lib/python3.12/site-packages/alpaca/trading/stream.py", line 59, in _connect
    self._ws = await websockets.connect(self._endpoint, **self._websocket_params)
               ^^^^^^^^^^^^^^^^^^^^^^^^^^^^^^^^^^^^^^^^^^^^^^^^^^^^^^^^^^^^^^^^^^
  File "/Library/Frameworks/Python.framework/Versions/3.12/lib/python3.12/site-packages/websockets/legacy/client.py", line 647, in __await_impl_timeout__
    return await self.__await_impl__()
           ^^^^^^^^^^^^^^^^^^^^^^^^^^^
  File "/Library/Frameworks/Python.framework/Versions/3.12/lib/python3.12/site-packages/websockets/legacy/client.py", line 651, in __await_impl__
    _transport, _protocol = await self._create_connection()
                            ^^^^^^^^^^^^^^^^^^^^^^^^^^^^^^^
  File "/Library/Frameworks/Python.framework/Versions/3.12/lib/python3.12/asyncio/base_events.py", line 1149, in create_connection
    transport, protocol = await self._create_connection_transport(
                          ^^^^^^^^^^^^^^^^^^^^^^^^^^^^^^^^^^^^^^^^
  File "/Library/Frameworks/Python.framework/Versions/3.12/lib/python3.12/asyncio/base_events.py", line 1182, in _create_connection_transport
    await waiter
  File "/Library/Frameworks/Python.framework/Versions/3.12/lib/python3.12/asyncio/sslproto.py", line 578, in _on_handshake_complete
    raise handshake_exc
  File "/Library/Frameworks/Python.framework/Versions/3.12/lib/python3.12/asyncio/sslproto.py", line 560, in _do_handshake
    self._sslobj.do_handshake()
  File "/Library/Frameworks/Python.framework/Versions/3.12/lib/python3.12/ssl.py", line 917, in do_handshake
    self._sslobj.do_handshake()
ssl.SSLCertVerificationError: [SSL: CERTIFICATE_VERIFY_FAILED] certificate verify failed: unable to get local issuer certificate (_ssl.c:1000)
2024-07-10 20:16:00,812: alpaca.trading.stream: INFO: starting trading websocket connection
2024-07-10 20:16:00,871: alpaca.trading.stream: ERROR: error during websocket communication: [SSL: CERTIFICATE_VERIFY_FAILED] certificate verify failed: unable to get local issuer certificate (_ssl.c:1000)
Traceback (most recent call last):
  File "/Library/Frameworks/Python.framework/Versions/3.12/lib/python3.12/site-packages/alpaca/trading/stream.py", line 168, in _run_forever
    await self._start_ws()
  File "/Library/Frameworks/Python.framework/Versions/3.12/lib/python3.12/site-packages/alpaca/trading/stream.py", line 128, in _start_ws
    await self._connect()
  File "/Library/Frameworks/Python.framework/Versions/3.12/lib/python3.12/site-packages/alpaca/trading/stream.py", line 59, in _connect
    self._ws = await websockets.connect(self._endpoint, **self._websocket_params)
               ^^^^^^^^^^^^^^^^^^^^^^^^^^^^^^^^^^^^^^^^^^^^^^^^^^^^^^^^^^^^^^^^^^
  File "/Library/Frameworks/Python.framework/Versions/3.12/lib/python3.12/site-packages/websockets/legacy/client.py", line 647, in __await_impl_timeout__
    return await self.__await_impl__()
           ^^^^^^^^^^^^^^^^^^^^^^^^^^^
  File "/Library/Frameworks/Python.framework/Versions/3.12/lib/python3.12/site-packages/websockets/legacy/client.py", line 651, in __await_impl__
    _transport, _protocol = await self._create_connection()
                            ^^^^^^^^^^^^^^^^^^^^^^^^^^^^^^^
  File "/Library/Frameworks/Python.framework/Versions/3.12/lib/python3.12/asyncio/base_events.py", line 1149, in create_connection
    transport, protocol = await self._create_connection_transport(
                          ^^^^^^^^^^^^^^^^^^^^^^^^^^^^^^^^^^^^^^^^
  File "/Library/Frameworks/Python.framework/Versions/3.12/lib/python3.12/asyncio/base_events.py", line 1182, in _create_connection_transport
    await waiter
  File "/Library/Frameworks/Python.framework/Versions/3.12/lib/python3.12/asyncio/sslproto.py", line 578, in _on_handshake_complete
    raise handshake_exc
  File "/Library/Frameworks/Python.framework/Versions/3.12/lib/python3.12/asyncio/sslproto.py", line 560, in _do_handshake
    self._sslobj.do_handshake()
  File "/Library/Frameworks/Python.framework/Versions/3.12/lib/python3.12/ssl.py", line 917, in do_handshake
    self._sslobj.do_handshake()
ssl.SSLCertVerificationError: [SSL: CERTIFICATE_VERIFY_FAILED] certificate verify failed: unable to get local issuer certificate (_ssl.c:1000)
2024-07-10 20:16:00,904: alpaca.trading.stream: INFO: starting trading websocket connection
2024-07-10 20:16:00,938: root: INFO: Backtesting finished
2024-07-10 20:16:00,967: alpaca.trading.stream: ERROR: error during websocket communication: [SSL: CERTIFICATE_VERIFY_FAILED] certificate verify failed: unable to get local issuer certificate (_ssl.c:1000)
Traceback (most recent call last):
  File "/Library/Frameworks/Python.framework/Versions/3.12/lib/python3.12/site-packages/alpaca/trading/stream.py", line 168, in _run_forever
    await self._start_ws()
  File "/Library/Frameworks/Python.framework/Versions/3.12/lib/python3.12/site-packages/alpaca/trading/stream.py", line 128, in _start_ws
    await self._connect()
  File "/Library/Frameworks/Python.framework/Versions/3.12/lib/python3.12/site-packages/alpaca/trading/stream.py", line 59, in _connect
    self._ws = await websockets.connect(self._endpoint, **self._websocket_params)
               ^^^^^^^^^^^^^^^^^^^^^^^^^^^^^^^^^^^^^^^^^^^^^^^^^^^^^^^^^^^^^^^^^^
  File "/Library/Frameworks/Python.framework/Versions/3.12/lib/python3.12/site-packages/websockets/legacy/client.py", line 647, in __await_impl_timeout__
    return await self.__await_impl__()
           ^^^^^^^^^^^^^^^^^^^^^^^^^^^
  File "/Library/Frameworks/Python.framework/Versions/3.12/lib/python3.12/site-packages/websockets/legacy/client.py", line 651, in __await_impl__
    _transport, _protocol = await self._create_connection()
                            ^^^^^^^^^^^^^^^^^^^^^^^^^^^^^^^
  File "/Library/Frameworks/Python.framework/Versions/3.12/lib/python3.12/asyncio/base_events.py", line 1149, in create_connection
    transport, protocol = await self._create_connection_transport(
                          ^^^^^^^^^^^^^^^^^^^^^^^^^^^^^^^^^^^^^^^^
  File "/Library/Frameworks/Python.framework/Versions/3.12/lib/python3.12/asyncio/base_events.py", line 1182, in _create_connection_transport
    await waiter
  File "/Library/Frameworks/Python.framework/Versions/3.12/lib/python3.12/asyncio/sslproto.py", line 578, in _on_handshake_complete
    raise handshake_exc
  File "/Library/Frameworks/Python.framework/Versions/3.12/lib/python3.12/asyncio/sslproto.py", line 560, in _do_handshake
    self._sslobj.do_handshake()
  File "/Library/Frameworks/Python.framework/Versions/3.12/lib/python3.12/ssl.py", line 917, in do_handshake
    self._sslobj.do_handshake()
ssl.SSLCertVerificationError: [SSL: CERTIFICATE_VERIFY_FAILED] certificate verify failed: unable to get local issuer certificate (_ssl.c:1000)
2024-07-10 20:16:00,996: alpaca.trading.stream: INFO: starting trading websocket connection
2024-07-10 20:16:01,060: alpaca.trading.stream: ERROR: error during websocket communication: [SSL: CERTIFICATE_VERIFY_FAILED] certificate verify failed: unable to get local issuer certificate (_ssl.c:1000)
Traceback (most recent call last):
  File "/Library/Frameworks/Python.framework/Versions/3.12/lib/python3.12/site-packages/alpaca/trading/stream.py", line 168, in _run_forever
    await self._start_ws()
  File "/Library/Frameworks/Python.framework/Versions/3.12/lib/python3.12/site-packages/alpaca/trading/stream.py", line 128, in _start_ws
    await self._connect()
  File "/Library/Frameworks/Python.framework/Versions/3.12/lib/python3.12/site-packages/alpaca/trading/stream.py", line 59, in _connect
    self._ws = await websockets.connect(self._endpoint, **self._websocket_params)
               ^^^^^^^^^^^^^^^^^^^^^^^^^^^^^^^^^^^^^^^^^^^^^^^^^^^^^^^^^^^^^^^^^^
  File "/Library/Frameworks/Python.framework/Versions/3.12/lib/python3.12/site-packages/websockets/legacy/client.py", line 647, in __await_impl_timeout__
    return await self.__await_impl__()
           ^^^^^^^^^^^^^^^^^^^^^^^^^^^
  File "/Library/Frameworks/Python.framework/Versions/3.12/lib/python3.12/site-packages/websockets/legacy/client.py", line 651, in __await_impl__
    _transport, _protocol = await self._create_connection()
                            ^^^^^^^^^^^^^^^^^^^^^^^^^^^^^^^
  File "/Library/Frameworks/Python.framework/Versions/3.12/lib/python3.12/asyncio/base_events.py", line 1149, in create_connection
    transport, protocol = await self._create_connection_transport(
                          ^^^^^^^^^^^^^^^^^^^^^^^^^^^^^^^^^^^^^^^^
  File "/Library/Frameworks/Python.framework/Versions/3.12/lib/python3.12/asyncio/base_events.py", line 1182, in _create_connection_transport
    await waiter
  File "/Library/Frameworks/Python.framework/Versions/3.12/lib/python3.12/asyncio/sslproto.py", line 578, in _on_handshake_complete
    raise handshake_exc
  File "/Library/Frameworks/Python.framework/Versions/3.12/lib/python3.12/asyncio/sslproto.py", line 560, in _do_handshake
    self._sslobj.do_handshake()
  File "/Library/Frameworks/Python.framework/Versions/3.12/lib/python3.12/ssl.py", line 917, in do_handshake
    self._sslobj.do_handshake()
ssl.SSLCertVerificationError: [SSL: CERTIFICATE_VERIFY_FAILED] certificate verify failed: unable to get local issuer certificate (_ssl.c:1000)
2024-07-10 20:16:01,113: alpaca.trading.stream: INFO: starting trading websocket connection
2024-07-10 20:16:01,167: alpaca.trading.stream: ERROR: error during websocket communication: [SSL: CERTIFICATE_VERIFY_FAILED] certificate verify failed: unable to get local issuer certificate (_ssl.c:1000)
Traceback (most recent call last):
  File "/Library/Frameworks/Python.framework/Versions/3.12/lib/python3.12/site-packages/alpaca/trading/stream.py", line 168, in _run_forever
    await self._start_ws()
  File "/Library/Frameworks/Python.framework/Versions/3.12/lib/python3.12/site-packages/alpaca/trading/stream.py", line 128, in _start_ws
    await self._connect()
  File "/Library/Frameworks/Python.framework/Versions/3.12/lib/python3.12/site-packages/alpaca/trading/stream.py", line 59, in _connect
    self._ws = await websockets.connect(self._endpoint, **self._websocket_params)
               ^^^^^^^^^^^^^^^^^^^^^^^^^^^^^^^^^^^^^^^^^^^^^^^^^^^^^^^^^^^^^^^^^^
  File "/Library/Frameworks/Python.framework/Versions/3.12/lib/python3.12/site-packages/websockets/legacy/client.py", line 647, in __await_impl_timeout__
    return await self.__await_impl__()
           ^^^^^^^^^^^^^^^^^^^^^^^^^^^
  File "/Library/Frameworks/Python.framework/Versions/3.12/lib/python3.12/site-packages/websockets/legacy/client.py", line 651, in __await_impl__
    _transport, _protocol = await self._create_connection()
                            ^^^^^^^^^^^^^^^^^^^^^^^^^^^^^^^
  File "/Library/Frameworks/Python.framework/Versions/3.12/lib/python3.12/asyncio/base_events.py", line 1149, in create_connection
    transport, protocol = await self._create_connection_transport(
                          ^^^^^^^^^^^^^^^^^^^^^^^^^^^^^^^^^^^^^^^^
  File "/Library/Frameworks/Python.framework/Versions/3.12/lib/python3.12/asyncio/base_events.py", line 1182, in _create_connection_transport
    await waiter
  File "/Library/Frameworks/Python.framework/Versions/3.12/lib/python3.12/asyncio/sslproto.py", line 578, in _on_handshake_complete
    raise handshake_exc
  File "/Library/Frameworks/Python.framework/Versions/3.12/lib/python3.12/asyncio/sslproto.py", line 560, in _do_handshake
    self._sslobj.do_handshake()
  File "/Library/Frameworks/Python.framework/Versions/3.12/lib/python3.12/ssl.py", line 917, in do_handshake
    self._sslobj.do_handshake()
ssl.SSLCertVerificationError: [SSL: CERTIFICATE_VERIFY_FAILED] certificate verify failed: unable to get local issuer certificate (_ssl.c:1000)
2024-07-10 20:16:01,178: alpaca.trading.stream: INFO: starting trading websocket connection
2024-07-10 20:16:01,243: alpaca.trading.stream: ERROR: error during websocket communication: [SSL: CERTIFICATE_VERIFY_FAILED] certificate verify failed: unable to get local issuer certificate (_ssl.c:1000)
Traceback (most recent call last):
  File "/Library/Frameworks/Python.framework/Versions/3.12/lib/python3.12/site-packages/alpaca/trading/stream.py", line 168, in _run_forever
    await self._start_ws()
  File "/Library/Frameworks/Python.framework/Versions/3.12/lib/python3.12/site-packages/alpaca/trading/stream.py", line 128, in _start_ws
    await self._connect()
  File "/Library/Frameworks/Python.framework/Versions/3.12/lib/python3.12/site-packages/alpaca/trading/stream.py", line 59, in _connect
    self._ws = await websockets.connect(self._endpoint, **self._websocket_params)
               ^^^^^^^^^^^^^^^^^^^^^^^^^^^^^^^^^^^^^^^^^^^^^^^^^^^^^^^^^^^^^^^^^^
  File "/Library/Frameworks/Python.framework/Versions/3.12/lib/python3.12/site-packages/websockets/legacy/client.py", line 647, in __await_impl_timeout__
    return await self.__await_impl__()
           ^^^^^^^^^^^^^^^^^^^^^^^^^^^
  File "/Library/Frameworks/Python.framework/Versions/3.12/lib/python3.12/site-packages/websockets/legacy/client.py", line 651, in __await_impl__
    _transport, _protocol = await self._create_connection()
                            ^^^^^^^^^^^^^^^^^^^^^^^^^^^^^^^
  File "/Library/Frameworks/Python.framework/Versions/3.12/lib/python3.12/asyncio/base_events.py", line 1149, in create_connection
    transport, protocol = await self._create_connection_transport(
                          ^^^^^^^^^^^^^^^^^^^^^^^^^^^^^^^^^^^^^^^^
  File "/Library/Frameworks/Python.framework/Versions/3.12/lib/python3.12/asyncio/base_events.py", line 1182, in _create_connection_transport
    await waiter
  File "/Library/Frameworks/Python.framework/Versions/3.12/lib/python3.12/asyncio/sslproto.py", line 578, in _on_handshake_complete
    raise handshake_exc
  File "/Library/Frameworks/Python.framework/Versions/3.12/lib/python3.12/asyncio/sslproto.py", line 560, in _do_handshake
    self._sslobj.do_handshake()
  File "/Library/Frameworks/Python.framework/Versions/3.12/lib/python3.12/ssl.py", line 917, in do_handshake
    self._sslobj.do_handshake()
ssl.SSLCertVerificationError: [SSL: CERTIFICATE_VERIFY_FAILED] certificate verify failed: unable to get local issuer certificate (_ssl.c:1000)
2024-07-10 20:16:01,254: alpaca.trading.stream: INFO: starting trading websocket connection
2024-07-10 20:16:01,310: alpaca.trading.stream: ERROR: error during websocket communication: [SSL: CERTIFICATE_VERIFY_FAILED] certificate verify failed: unable to get local issuer certificate (_ssl.c:1000)
Traceback (most recent call last):
  File "/Library/Frameworks/Python.framework/Versions/3.12/lib/python3.12/site-packages/alpaca/trading/stream.py", line 168, in _run_forever
    await self._start_ws()
  File "/Library/Frameworks/Python.framework/Versions/3.12/lib/python3.12/site-packages/alpaca/trading/stream.py", line 128, in _start_ws
    await self._connect()
  File "/Library/Frameworks/Python.framework/Versions/3.12/lib/python3.12/site-packages/alpaca/trading/stream.py", line 59, in _connect
    self._ws = await websockets.connect(self._endpoint, **self._websocket_params)
               ^^^^^^^^^^^^^^^^^^^^^^^^^^^^^^^^^^^^^^^^^^^^^^^^^^^^^^^^^^^^^^^^^^
  File "/Library/Frameworks/Python.framework/Versions/3.12/lib/python3.12/site-packages/websockets/legacy/client.py", line 647, in __await_impl_timeout__
    return await self.__await_impl__()
           ^^^^^^^^^^^^^^^^^^^^^^^^^^^
  File "/Library/Frameworks/Python.framework/Versions/3.12/lib/python3.12/site-packages/websockets/legacy/client.py", line 651, in __await_impl__
    _transport, _protocol = await self._create_connection()
                            ^^^^^^^^^^^^^^^^^^^^^^^^^^^^^^^
  File "/Library/Frameworks/Python.framework/Versions/3.12/lib/python3.12/asyncio/base_events.py", line 1149, in create_connection
    transport, protocol = await self._create_connection_transport(
                          ^^^^^^^^^^^^^^^^^^^^^^^^^^^^^^^^^^^^^^^^
  File "/Library/Frameworks/Python.framework/Versions/3.12/lib/python3.12/asyncio/base_events.py", line 1182, in _create_connection_transport
    await waiter
  File "/Library/Frameworks/Python.framework/Versions/3.12/lib/python3.12/asyncio/sslproto.py", line 578, in _on_handshake_complete
    raise handshake_exc
  File "/Library/Frameworks/Python.framework/Versions/3.12/lib/python3.12/asyncio/sslproto.py", line 560, in _do_handshake
    self._sslobj.do_handshake()
  File "/Library/Frameworks/Python.framework/Versions/3.12/lib/python3.12/ssl.py", line 917, in do_handshake
    self._sslobj.do_handshake()
ssl.SSLCertVerificationError: [SSL: CERTIFICATE_VERIFY_FAILED] certificate verify failed: unable to get local issuer certificate (_ssl.c:1000)
2024-07-10 20:16:01,322: alpaca.trading.stream: INFO: starting trading websocket connection
2024-07-10 20:16:01,382: alpaca.trading.stream: ERROR: error during websocket communication: [SSL: CERTIFICATE_VERIFY_FAILED] certificate verify failed: unable to get local issuer certificate (_ssl.c:1000)
Traceback (most recent call last):
  File "/Library/Frameworks/Python.framework/Versions/3.12/lib/python3.12/site-packages/alpaca/trading/stream.py", line 168, in _run_forever
    await self._start_ws()
  File "/Library/Frameworks/Python.framework/Versions/3.12/lib/python3.12/site-packages/alpaca/trading/stream.py", line 128, in _start_ws
    await self._connect()
  File "/Library/Frameworks/Python.framework/Versions/3.12/lib/python3.12/site-packages/alpaca/trading/stream.py", line 59, in _connect
    self._ws = await websockets.connect(self._endpoint, **self._websocket_params)
               ^^^^^^^^^^^^^^^^^^^^^^^^^^^^^^^^^^^^^^^^^^^^^^^^^^^^^^^^^^^^^^^^^^
  File "/Library/Frameworks/Python.framework/Versions/3.12/lib/python3.12/site-packages/websockets/legacy/client.py", line 647, in __await_impl_timeout__
    return await self.__await_impl__()
           ^^^^^^^^^^^^^^^^^^^^^^^^^^^
  File "/Library/Frameworks/Python.framework/Versions/3.12/lib/python3.12/site-packages/websockets/legacy/client.py", line 651, in __await_impl__
    _transport, _protocol = await self._create_connection()
                            ^^^^^^^^^^^^^^^^^^^^^^^^^^^^^^^
  File "/Library/Frameworks/Python.framework/Versions/3.12/lib/python3.12/asyncio/base_events.py", line 1149, in create_connection
    transport, protocol = await self._create_connection_transport(
                          ^^^^^^^^^^^^^^^^^^^^^^^^^^^^^^^^^^^^^^^^
  File "/Library/Frameworks/Python.framework/Versions/3.12/lib/python3.12/asyncio/base_events.py", line 1182, in _create_connection_transport
    await waiter
  File "/Library/Frameworks/Python.framework/Versions/3.12/lib/python3.12/asyncio/sslproto.py", line 578, in _on_handshake_complete
    raise handshake_exc
  File "/Library/Frameworks/Python.framework/Versions/3.12/lib/python3.12/asyncio/sslproto.py", line 560, in _do_handshake
    self._sslobj.do_handshake()
  File "/Library/Frameworks/Python.framework/Versions/3.12/lib/python3.12/ssl.py", line 917, in do_handshake
    self._sslobj.do_handshake()
ssl.SSLCertVerificationError: [SSL: CERTIFICATE_VERIFY_FAILED] certificate verify failed: unable to get local issuer certificate (_ssl.c:1000)
2024-07-10 20:16:01,393: alpaca.trading.stream: INFO: starting trading websocket connection
2024-07-10 20:16:01,452: alpaca.trading.stream: ERROR: error during websocket communication: [SSL: CERTIFICATE_VERIFY_FAILED] certificate verify failed: unable to get local issuer certificate (_ssl.c:1000)
Traceback (most recent call last):
  File "/Library/Frameworks/Python.framework/Versions/3.12/lib/python3.12/site-packages/alpaca/trading/stream.py", line 168, in _run_forever
    await self._start_ws()
  File "/Library/Frameworks/Python.framework/Versions/3.12/lib/python3.12/site-packages/alpaca/trading/stream.py", line 128, in _start_ws
    await self._connect()
  File "/Library/Frameworks/Python.framework/Versions/3.12/lib/python3.12/site-packages/alpaca/trading/stream.py", line 59, in _connect
    self._ws = await websockets.connect(self._endpoint, **self._websocket_params)
               ^^^^^^^^^^^^^^^^^^^^^^^^^^^^^^^^^^^^^^^^^^^^^^^^^^^^^^^^^^^^^^^^^^
  File "/Library/Frameworks/Python.framework/Versions/3.12/lib/python3.12/site-packages/websockets/legacy/client.py", line 647, in __await_impl_timeout__
    return await self.__await_impl__()
           ^^^^^^^^^^^^^^^^^^^^^^^^^^^
  File "/Library/Frameworks/Python.framework/Versions/3.12/lib/python3.12/site-packages/websockets/legacy/client.py", line 651, in __await_impl__
    _transport, _protocol = await self._create_connection()
                            ^^^^^^^^^^^^^^^^^^^^^^^^^^^^^^^
  File "/Library/Frameworks/Python.framework/Versions/3.12/lib/python3.12/asyncio/base_events.py", line 1149, in create_connection
    transport, protocol = await self._create_connection_transport(
                          ^^^^^^^^^^^^^^^^^^^^^^^^^^^^^^^^^^^^^^^^
  File "/Library/Frameworks/Python.framework/Versions/3.12/lib/python3.12/asyncio/base_events.py", line 1182, in _create_connection_transport
    await waiter
  File "/Library/Frameworks/Python.framework/Versions/3.12/lib/python3.12/asyncio/sslproto.py", line 578, in _on_handshake_complete
    raise handshake_exc
  File "/Library/Frameworks/Python.framework/Versions/3.12/lib/python3.12/asyncio/sslproto.py", line 560, in _do_handshake
    self._sslobj.do_handshake()
  File "/Library/Frameworks/Python.framework/Versions/3.12/lib/python3.12/ssl.py", line 917, in do_handshake
    self._sslobj.do_handshake()
ssl.SSLCertVerificationError: [SSL: CERTIFICATE_VERIFY_FAILED] certificate verify failed: unable to get local issuer certificate (_ssl.c:1000)
2024-07-10 20:16:01,467: alpaca.trading.stream: INFO: starting trading websocket connection
2024-07-10 20:16:01,523: alpaca.trading.stream: ERROR: error during websocket communication: [SSL: CERTIFICATE_VERIFY_FAILED] certificate verify failed: unable to get local issuer certificate (_ssl.c:1000)
Traceback (most recent call last):
  File "/Library/Frameworks/Python.framework/Versions/3.12/lib/python3.12/site-packages/alpaca/trading/stream.py", line 168, in _run_forever
    await self._start_ws()
  File "/Library/Frameworks/Python.framework/Versions/3.12/lib/python3.12/site-packages/alpaca/trading/stream.py", line 128, in _start_ws
    await self._connect()
  File "/Library/Frameworks/Python.framework/Versions/3.12/lib/python3.12/site-packages/alpaca/trading/stream.py", line 59, in _connect
    self._ws = await websockets.connect(self._endpoint, **self._websocket_params)
               ^^^^^^^^^^^^^^^^^^^^^^^^^^^^^^^^^^^^^^^^^^^^^^^^^^^^^^^^^^^^^^^^^^
  File "/Library/Frameworks/Python.framework/Versions/3.12/lib/python3.12/site-packages/websockets/legacy/client.py", line 647, in __await_impl_timeout__
    return await self.__await_impl__()
           ^^^^^^^^^^^^^^^^^^^^^^^^^^^
  File "/Library/Frameworks/Python.framework/Versions/3.12/lib/python3.12/site-packages/websockets/legacy/client.py", line 651, in __await_impl__
    _transport, _protocol = await self._create_connection()
                            ^^^^^^^^^^^^^^^^^^^^^^^^^^^^^^^
  File "/Library/Frameworks/Python.framework/Versions/3.12/lib/python3.12/asyncio/base_events.py", line 1149, in create_connection
    transport, protocol = await self._create_connection_transport(
                          ^^^^^^^^^^^^^^^^^^^^^^^^^^^^^^^^^^^^^^^^
  File "/Library/Frameworks/Python.framework/Versions/3.12/lib/python3.12/asyncio/base_events.py", line 1182, in _create_connection_transport
    await waiter
  File "/Library/Frameworks/Python.framework/Versions/3.12/lib/python3.12/asyncio/sslproto.py", line 578, in _on_handshake_complete
    raise handshake_exc
  File "/Library/Frameworks/Python.framework/Versions/3.12/lib/python3.12/asyncio/sslproto.py", line 560, in _do_handshake
    self._sslobj.do_handshake()
  File "/Library/Frameworks/Python.framework/Versions/3.12/lib/python3.12/ssl.py", line 917, in do_handshake
    self._sslobj.do_handshake()
ssl.SSLCertVerificationError: [SSL: CERTIFICATE_VERIFY_FAILED] certificate verify failed: unable to get local issuer certificate (_ssl.c:1000)
2024-07-10 20:16:01,534: alpaca.trading.stream: INFO: starting trading websocket connection
2024-07-10 20:16:01,588: alpaca.trading.stream: ERROR: error during websocket communication: [SSL: CERTIFICATE_VERIFY_FAILED] certificate verify failed: unable to get local issuer certificate (_ssl.c:1000)
Traceback (most recent call last):
  File "/Library/Frameworks/Python.framework/Versions/3.12/lib/python3.12/site-packages/alpaca/trading/stream.py", line 168, in _run_forever
    await self._start_ws()
  File "/Library/Frameworks/Python.framework/Versions/3.12/lib/python3.12/site-packages/alpaca/trading/stream.py", line 128, in _start_ws
    await self._connect()
  File "/Library/Frameworks/Python.framework/Versions/3.12/lib/python3.12/site-packages/alpaca/trading/stream.py", line 59, in _connect
    self._ws = await websockets.connect(self._endpoint, **self._websocket_params)
               ^^^^^^^^^^^^^^^^^^^^^^^^^^^^^^^^^^^^^^^^^^^^^^^^^^^^^^^^^^^^^^^^^^
  File "/Library/Frameworks/Python.framework/Versions/3.12/lib/python3.12/site-packages/websockets/legacy/client.py", line 647, in __await_impl_timeout__
    return await self.__await_impl__()
           ^^^^^^^^^^^^^^^^^^^^^^^^^^^
  File "/Library/Frameworks/Python.framework/Versions/3.12/lib/python3.12/site-packages/websockets/legacy/client.py", line 651, in __await_impl__
    _transport, _protocol = await self._create_connection()
                            ^^^^^^^^^^^^^^^^^^^^^^^^^^^^^^^
  File "/Library/Frameworks/Python.framework/Versions/3.12/lib/python3.12/asyncio/base_events.py", line 1149, in create_connection
    transport, protocol = await self._create_connection_transport(
                          ^^^^^^^^^^^^^^^^^^^^^^^^^^^^^^^^^^^^^^^^
  File "/Library/Frameworks/Python.framework/Versions/3.12/lib/python3.12/asyncio/base_events.py", line 1182, in _create_connection_transport
    await waiter
  File "/Library/Frameworks/Python.framework/Versions/3.12/lib/python3.12/asyncio/sslproto.py", line 578, in _on_handshake_complete
    raise handshake_exc
  File "/Library/Frameworks/Python.framework/Versions/3.12/lib/python3.12/asyncio/sslproto.py", line 560, in _do_handshake
    self._sslobj.do_handshake()
  File "/Library/Frameworks/Python.framework/Versions/3.12/lib/python3.12/ssl.py", line 917, in do_handshake
    self._sslobj.do_handshake()
ssl.SSLCertVerificationError: [SSL: CERTIFICATE_VERIFY_FAILED] certificate verify failed: unable to get local issuer certificate (_ssl.c:1000)
2024-07-10 20:16:01,600: alpaca.trading.stream: INFO: starting trading websocket connection
2024-07-10 20:16:01,665: alpaca.trading.stream: ERROR: error during websocket communication: [SSL: CERTIFICATE_VERIFY_FAILED] certificate verify failed: unable to get local issuer certificate (_ssl.c:1000)
Traceback (most recent call last):
  File "/Library/Frameworks/Python.framework/Versions/3.12/lib/python3.12/site-packages/alpaca/trading/stream.py", line 168, in _run_forever
    await self._start_ws()
  File "/Library/Frameworks/Python.framework/Versions/3.12/lib/python3.12/site-packages/alpaca/trading/stream.py", line 128, in _start_ws
    await self._connect()
  File "/Library/Frameworks/Python.framework/Versions/3.12/lib/python3.12/site-packages/alpaca/trading/stream.py", line 59, in _connect
    self._ws = await websockets.connect(self._endpoint, **self._websocket_params)
               ^^^^^^^^^^^^^^^^^^^^^^^^^^^^^^^^^^^^^^^^^^^^^^^^^^^^^^^^^^^^^^^^^^
  File "/Library/Frameworks/Python.framework/Versions/3.12/lib/python3.12/site-packages/websockets/legacy/client.py", line 647, in __await_impl_timeout__
    return await self.__await_impl__()
           ^^^^^^^^^^^^^^^^^^^^^^^^^^^
  File "/Library/Frameworks/Python.framework/Versions/3.12/lib/python3.12/site-packages/websockets/legacy/client.py", line 651, in __await_impl__
    _transport, _protocol = await self._create_connection()
                            ^^^^^^^^^^^^^^^^^^^^^^^^^^^^^^^
  File "/Library/Frameworks/Python.framework/Versions/3.12/lib/python3.12/asyncio/base_events.py", line 1149, in create_connection
    transport, protocol = await self._create_connection_transport(
                          ^^^^^^^^^^^^^^^^^^^^^^^^^^^^^^^^^^^^^^^^
  File "/Library/Frameworks/Python.framework/Versions/3.12/lib/python3.12/asyncio/base_events.py", line 1182, in _create_connection_transport
    await waiter
  File "/Library/Frameworks/Python.framework/Versions/3.12/lib/python3.12/asyncio/sslproto.py", line 578, in _on_handshake_complete
    raise handshake_exc
  File "/Library/Frameworks/Python.framework/Versions/3.12/lib/python3.12/asyncio/sslproto.py", line 560, in _do_handshake
    self._sslobj.do_handshake()
  File "/Library/Frameworks/Python.framework/Versions/3.12/lib/python3.12/ssl.py", line 917, in do_handshake
    self._sslobj.do_handshake()
ssl.SSLCertVerificationError: [SSL: CERTIFICATE_VERIFY_FAILED] certificate verify failed: unable to get local issuer certificate (_ssl.c:1000)
2024-07-10 20:16:01,676: alpaca.trading.stream: INFO: starting trading websocket connection
2024-07-10 20:16:01,734: alpaca.trading.stream: ERROR: error during websocket communication: [SSL: CERTIFICATE_VERIFY_FAILED] certificate verify failed: unable to get local issuer certificate (_ssl.c:1000)
Traceback (most recent call last):
  File "/Library/Frameworks/Python.framework/Versions/3.12/lib/python3.12/site-packages/alpaca/trading/stream.py", line 168, in _run_forever
    await self._start_ws()
  File "/Library/Frameworks/Python.framework/Versions/3.12/lib/python3.12/site-packages/alpaca/trading/stream.py", line 128, in _start_ws
    await self._connect()
  File "/Library/Frameworks/Python.framework/Versions/3.12/lib/python3.12/site-packages/alpaca/trading/stream.py", line 59, in _connect
    self._ws = await websockets.connect(self._endpoint, **self._websocket_params)
               ^^^^^^^^^^^^^^^^^^^^^^^^^^^^^^^^^^^^^^^^^^^^^^^^^^^^^^^^^^^^^^^^^^
  File "/Library/Frameworks/Python.framework/Versions/3.12/lib/python3.12/site-packages/websockets/legacy/client.py", line 647, in __await_impl_timeout__
    return await self.__await_impl__()
           ^^^^^^^^^^^^^^^^^^^^^^^^^^^
  File "/Library/Frameworks/Python.framework/Versions/3.12/lib/python3.12/site-packages/websockets/legacy/client.py", line 651, in __await_impl__
    _transport, _protocol = await self._create_connection()
                            ^^^^^^^^^^^^^^^^^^^^^^^^^^^^^^^
  File "/Library/Frameworks/Python.framework/Versions/3.12/lib/python3.12/asyncio/base_events.py", line 1149, in create_connection
    transport, protocol = await self._create_connection_transport(
                          ^^^^^^^^^^^^^^^^^^^^^^^^^^^^^^^^^^^^^^^^
  File "/Library/Frameworks/Python.framework/Versions/3.12/lib/python3.12/asyncio/base_events.py", line 1182, in _create_connection_transport
    await waiter
  File "/Library/Frameworks/Python.framework/Versions/3.12/lib/python3.12/asyncio/sslproto.py", line 578, in _on_handshake_complete
    raise handshake_exc
  File "/Library/Frameworks/Python.framework/Versions/3.12/lib/python3.12/asyncio/sslproto.py", line 560, in _do_handshake
    self._sslobj.do_handshake()
  File "/Library/Frameworks/Python.framework/Versions/3.12/lib/python3.12/ssl.py", line 917, in do_handshake
    self._sslobj.do_handshake()
ssl.SSLCertVerificationError: [SSL: CERTIFICATE_VERIFY_FAILED] certificate verify failed: unable to get local issuer certificate (_ssl.c:1000)
2024-07-10 20:16:01,744: alpaca.trading.stream: INFO: starting trading websocket connection
2024-07-10 20:16:01,809: alpaca.trading.stream: ERROR: error during websocket communication: [SSL: CERTIFICATE_VERIFY_FAILED] certificate verify failed: unable to get local issuer certificate (_ssl.c:1000)
Traceback (most recent call last):
  File "/Library/Frameworks/Python.framework/Versions/3.12/lib/python3.12/site-packages/alpaca/trading/stream.py", line 168, in _run_forever
    await self._start_ws()
  File "/Library/Frameworks/Python.framework/Versions/3.12/lib/python3.12/site-packages/alpaca/trading/stream.py", line 128, in _start_ws
    await self._connect()
  File "/Library/Frameworks/Python.framework/Versions/3.12/lib/python3.12/site-packages/alpaca/trading/stream.py", line 59, in _connect
    self._ws = await websockets.connect(self._endpoint, **self._websocket_params)
               ^^^^^^^^^^^^^^^^^^^^^^^^^^^^^^^^^^^^^^^^^^^^^^^^^^^^^^^^^^^^^^^^^^
  File "/Library/Frameworks/Python.framework/Versions/3.12/lib/python3.12/site-packages/websockets/legacy/client.py", line 647, in __await_impl_timeout__
    return await self.__await_impl__()
           ^^^^^^^^^^^^^^^^^^^^^^^^^^^
  File "/Library/Frameworks/Python.framework/Versions/3.12/lib/python3.12/site-packages/websockets/legacy/client.py", line 651, in __await_impl__
    _transport, _protocol = await self._create_connection()
                            ^^^^^^^^^^^^^^^^^^^^^^^^^^^^^^^
  File "/Library/Frameworks/Python.framework/Versions/3.12/lib/python3.12/asyncio/base_events.py", line 1149, in create_connection
    transport, protocol = await self._create_connection_transport(
                          ^^^^^^^^^^^^^^^^^^^^^^^^^^^^^^^^^^^^^^^^
  File "/Library/Frameworks/Python.framework/Versions/3.12/lib/python3.12/asyncio/base_events.py", line 1182, in _create_connection_transport
    await waiter
  File "/Library/Frameworks/Python.framework/Versions/3.12/lib/python3.12/asyncio/sslproto.py", line 578, in _on_handshake_complete
    raise handshake_exc
  File "/Library/Frameworks/Python.framework/Versions/3.12/lib/python3.12/asyncio/sslproto.py", line 560, in _do_handshake
    self._sslobj.do_handshake()
  File "/Library/Frameworks/Python.framework/Versions/3.12/lib/python3.12/ssl.py", line 917, in do_handshake
    self._sslobj.do_handshake()
ssl.SSLCertVerificationError: [SSL: CERTIFICATE_VERIFY_FAILED] certificate verify failed: unable to get local issuer certificate (_ssl.c:1000)
2024-07-10 20:16:01,820: alpaca.trading.stream: INFO: starting trading websocket connection
2024-07-10 20:16:01,879: alpaca.trading.stream: ERROR: error during websocket communication: [SSL: CERTIFICATE_VERIFY_FAILED] certificate verify failed: unable to get local issuer certificate (_ssl.c:1000)
Traceback (most recent call last):
  File "/Library/Frameworks/Python.framework/Versions/3.12/lib/python3.12/site-packages/alpaca/trading/stream.py", line 168, in _run_forever
    await self._start_ws()
  File "/Library/Frameworks/Python.framework/Versions/3.12/lib/python3.12/site-packages/alpaca/trading/stream.py", line 128, in _start_ws
    await self._connect()
  File "/Library/Frameworks/Python.framework/Versions/3.12/lib/python3.12/site-packages/alpaca/trading/stream.py", line 59, in _connect
    self._ws = await websockets.connect(self._endpoint, **self._websocket_params)
               ^^^^^^^^^^^^^^^^^^^^^^^^^^^^^^^^^^^^^^^^^^^^^^^^^^^^^^^^^^^^^^^^^^
  File "/Library/Frameworks/Python.framework/Versions/3.12/lib/python3.12/site-packages/websockets/legacy/client.py", line 647, in __await_impl_timeout__
    return await self.__await_impl__()
           ^^^^^^^^^^^^^^^^^^^^^^^^^^^
  File "/Library/Frameworks/Python.framework/Versions/3.12/lib/python3.12/site-packages/websockets/legacy/client.py", line 651, in __await_impl__
    _transport, _protocol = await self._create_connection()
                            ^^^^^^^^^^^^^^^^^^^^^^^^^^^^^^^
  File "/Library/Frameworks/Python.framework/Versions/3.12/lib/python3.12/asyncio/base_events.py", line 1149, in create_connection
    transport, protocol = await self._create_connection_transport(
                          ^^^^^^^^^^^^^^^^^^^^^^^^^^^^^^^^^^^^^^^^
  File "/Library/Frameworks/Python.framework/Versions/3.12/lib/python3.12/asyncio/base_events.py", line 1182, in _create_connection_transport
    await waiter
  File "/Library/Frameworks/Python.framework/Versions/3.12/lib/python3.12/asyncio/sslproto.py", line 578, in _on_handshake_complete
    raise handshake_exc
  File "/Library/Frameworks/Python.framework/Versions/3.12/lib/python3.12/asyncio/sslproto.py", line 560, in _do_handshake
    self._sslobj.do_handshake()
  File "/Library/Frameworks/Python.framework/Versions/3.12/lib/python3.12/ssl.py", line 917, in do_handshake
    self._sslobj.do_handshake()
ssl.SSLCertVerificationError: [SSL: CERTIFICATE_VERIFY_FAILED] certificate verify failed: unable to get local issuer certificate (_ssl.c:1000)
2024-07-10 20:16:01,890: alpaca.trading.stream: INFO: starting trading websocket connection
2024-07-10 20:16:01,958: alpaca.trading.stream: ERROR: error during websocket communication: [SSL: CERTIFICATE_VERIFY_FAILED] certificate verify failed: unable to get local issuer certificate (_ssl.c:1000)
Traceback (most recent call last):
  File "/Library/Frameworks/Python.framework/Versions/3.12/lib/python3.12/site-packages/alpaca/trading/stream.py", line 168, in _run_forever
    await self._start_ws()
  File "/Library/Frameworks/Python.framework/Versions/3.12/lib/python3.12/site-packages/alpaca/trading/stream.py", line 128, in _start_ws
    await self._connect()
  File "/Library/Frameworks/Python.framework/Versions/3.12/lib/python3.12/site-packages/alpaca/trading/stream.py", line 59, in _connect
    self._ws = await websockets.connect(self._endpoint, **self._websocket_params)
               ^^^^^^^^^^^^^^^^^^^^^^^^^^^^^^^^^^^^^^^^^^^^^^^^^^^^^^^^^^^^^^^^^^
  File "/Library/Frameworks/Python.framework/Versions/3.12/lib/python3.12/site-packages/websockets/legacy/client.py", line 647, in __await_impl_timeout__
    return await self.__await_impl__()
           ^^^^^^^^^^^^^^^^^^^^^^^^^^^
  File "/Library/Frameworks/Python.framework/Versions/3.12/lib/python3.12/site-packages/websockets/legacy/client.py", line 651, in __await_impl__
    _transport, _protocol = await self._create_connection()
                            ^^^^^^^^^^^^^^^^^^^^^^^^^^^^^^^
  File "/Library/Frameworks/Python.framework/Versions/3.12/lib/python3.12/asyncio/base_events.py", line 1149, in create_connection
    transport, protocol = await self._create_connection_transport(
                          ^^^^^^^^^^^^^^^^^^^^^^^^^^^^^^^^^^^^^^^^
  File "/Library/Frameworks/Python.framework/Versions/3.12/lib/python3.12/asyncio/base_events.py", line 1182, in _create_connection_transport
    await waiter
  File "/Library/Frameworks/Python.framework/Versions/3.12/lib/python3.12/asyncio/sslproto.py", line 578, in _on_handshake_complete
    raise handshake_exc
  File "/Library/Frameworks/Python.framework/Versions/3.12/lib/python3.12/asyncio/sslproto.py", line 560, in _do_handshake
    self._sslobj.do_handshake()
  File "/Library/Frameworks/Python.framework/Versions/3.12/lib/python3.12/ssl.py", line 917, in do_handshake
    self._sslobj.do_handshake()
ssl.SSLCertVerificationError: [SSL: CERTIFICATE_VERIFY_FAILED] certificate verify failed: unable to get local issuer certificate (_ssl.c:1000)
2024-07-10 20:16:01,968: alpaca.trading.stream: INFO: starting trading websocket connection
2024-07-10 20:16:02,035: alpaca.trading.stream: ERROR: error during websocket communication: [SSL: CERTIFICATE_VERIFY_FAILED] certificate verify failed: unable to get local issuer certificate (_ssl.c:1000)
Traceback (most recent call last):
  File "/Library/Frameworks/Python.framework/Versions/3.12/lib/python3.12/site-packages/alpaca/trading/stream.py", line 168, in _run_forever
    await self._start_ws()
  File "/Library/Frameworks/Python.framework/Versions/3.12/lib/python3.12/site-packages/alpaca/trading/stream.py", line 128, in _start_ws
    await self._connect()
  File "/Library/Frameworks/Python.framework/Versions/3.12/lib/python3.12/site-packages/alpaca/trading/stream.py", line 59, in _connect
    self._ws = await websockets.connect(self._endpoint, **self._websocket_params)
               ^^^^^^^^^^^^^^^^^^^^^^^^^^^^^^^^^^^^^^^^^^^^^^^^^^^^^^^^^^^^^^^^^^
  File "/Library/Frameworks/Python.framework/Versions/3.12/lib/python3.12/site-packages/websockets/legacy/client.py", line 647, in __await_impl_timeout__
    return await self.__await_impl__()
           ^^^^^^^^^^^^^^^^^^^^^^^^^^^
  File "/Library/Frameworks/Python.framework/Versions/3.12/lib/python3.12/site-packages/websockets/legacy/client.py", line 651, in __await_impl__
    _transport, _protocol = await self._create_connection()
                            ^^^^^^^^^^^^^^^^^^^^^^^^^^^^^^^
  File "/Library/Frameworks/Python.framework/Versions/3.12/lib/python3.12/asyncio/base_events.py", line 1149, in create_connection
    transport, protocol = await self._create_connection_transport(
                          ^^^^^^^^^^^^^^^^^^^^^^^^^^^^^^^^^^^^^^^^
  File "/Library/Frameworks/Python.framework/Versions/3.12/lib/python3.12/asyncio/base_events.py", line 1182, in _create_connection_transport
    await waiter
  File "/Library/Frameworks/Python.framework/Versions/3.12/lib/python3.12/asyncio/sslproto.py", line 578, in _on_handshake_complete
    raise handshake_exc
  File "/Library/Frameworks/Python.framework/Versions/3.12/lib/python3.12/asyncio/sslproto.py", line 560, in _do_handshake
    self._sslobj.do_handshake()
  File "/Library/Frameworks/Python.framework/Versions/3.12/lib/python3.12/ssl.py", line 917, in do_handshake
    self._sslobj.do_handshake()
ssl.SSLCertVerificationError: [SSL: CERTIFICATE_VERIFY_FAILED] certificate verify failed: unable to get local issuer certificate (_ssl.c:1000)
2024-07-10 20:16:02,047: alpaca.trading.stream: INFO: starting trading websocket connection
2024-07-10 20:16:02,119: alpaca.trading.stream: ERROR: error during websocket communication: [SSL: CERTIFICATE_VERIFY_FAILED] certificate verify failed: unable to get local issuer certificate (_ssl.c:1000)
Traceback (most recent call last):
  File "/Library/Frameworks/Python.framework/Versions/3.12/lib/python3.12/site-packages/alpaca/trading/stream.py", line 168, in _run_forever
    await self._start_ws()
  File "/Library/Frameworks/Python.framework/Versions/3.12/lib/python3.12/site-packages/alpaca/trading/stream.py", line 128, in _start_ws
    await self._connect()
  File "/Library/Frameworks/Python.framework/Versions/3.12/lib/python3.12/site-packages/alpaca/trading/stream.py", line 59, in _connect
    self._ws = await websockets.connect(self._endpoint, **self._websocket_params)
               ^^^^^^^^^^^^^^^^^^^^^^^^^^^^^^^^^^^^^^^^^^^^^^^^^^^^^^^^^^^^^^^^^^
  File "/Library/Frameworks/Python.framework/Versions/3.12/lib/python3.12/site-packages/websockets/legacy/client.py", line 647, in __await_impl_timeout__
    return await self.__await_impl__()
           ^^^^^^^^^^^^^^^^^^^^^^^^^^^
  File "/Library/Frameworks/Python.framework/Versions/3.12/lib/python3.12/site-packages/websockets/legacy/client.py", line 651, in __await_impl__
    _transport, _protocol = await self._create_connection()
                            ^^^^^^^^^^^^^^^^^^^^^^^^^^^^^^^
  File "/Library/Frameworks/Python.framework/Versions/3.12/lib/python3.12/asyncio/base_events.py", line 1149, in create_connection
    transport, protocol = await self._create_connection_transport(
                          ^^^^^^^^^^^^^^^^^^^^^^^^^^^^^^^^^^^^^^^^
  File "/Library/Frameworks/Python.framework/Versions/3.12/lib/python3.12/asyncio/base_events.py", line 1182, in _create_connection_transport
    await waiter
  File "/Library/Frameworks/Python.framework/Versions/3.12/lib/python3.12/asyncio/sslproto.py", line 578, in _on_handshake_complete
    raise handshake_exc
  File "/Library/Frameworks/Python.framework/Versions/3.12/lib/python3.12/asyncio/sslproto.py", line 560, in _do_handshake
    self._sslobj.do_handshake()
  File "/Library/Frameworks/Python.framework/Versions/3.12/lib/python3.12/ssl.py", line 917, in do_handshake
    self._sslobj.do_handshake()
ssl.SSLCertVerificationError: [SSL: CERTIFICATE_VERIFY_FAILED] certificate verify failed: unable to get local issuer certificate (_ssl.c:1000)
2024-07-10 20:16:02,133: alpaca.trading.stream: INFO: starting trading websocket connection
2024-07-10 20:16:02,235: alpaca.trading.stream: ERROR: error during websocket communication: [SSL: CERTIFICATE_VERIFY_FAILED] certificate verify failed: unable to get local issuer certificate (_ssl.c:1000)
Traceback (most recent call last):
  File "/Library/Frameworks/Python.framework/Versions/3.12/lib/python3.12/site-packages/alpaca/trading/stream.py", line 168, in _run_forever
    await self._start_ws()
  File "/Library/Frameworks/Python.framework/Versions/3.12/lib/python3.12/site-packages/alpaca/trading/stream.py", line 128, in _start_ws
    await self._connect()
  File "/Library/Frameworks/Python.framework/Versions/3.12/lib/python3.12/site-packages/alpaca/trading/stream.py", line 59, in _connect
    self._ws = await websockets.connect(self._endpoint, **self._websocket_params)
               ^^^^^^^^^^^^^^^^^^^^^^^^^^^^^^^^^^^^^^^^^^^^^^^^^^^^^^^^^^^^^^^^^^
  File "/Library/Frameworks/Python.framework/Versions/3.12/lib/python3.12/site-packages/websockets/legacy/client.py", line 647, in __await_impl_timeout__
    return await self.__await_impl__()
           ^^^^^^^^^^^^^^^^^^^^^^^^^^^
  File "/Library/Frameworks/Python.framework/Versions/3.12/lib/python3.12/site-packages/websockets/legacy/client.py", line 651, in __await_impl__
    _transport, _protocol = await self._create_connection()
                            ^^^^^^^^^^^^^^^^^^^^^^^^^^^^^^^
  File "/Library/Frameworks/Python.framework/Versions/3.12/lib/python3.12/asyncio/base_events.py", line 1149, in create_connection
    transport, protocol = await self._create_connection_transport(
                          ^^^^^^^^^^^^^^^^^^^^^^^^^^^^^^^^^^^^^^^^
  File "/Library/Frameworks/Python.framework/Versions/3.12/lib/python3.12/asyncio/base_events.py", line 1182, in _create_connection_transport
    await waiter
  File "/Library/Frameworks/Python.framework/Versions/3.12/lib/python3.12/asyncio/sslproto.py", line 578, in _on_handshake_complete
    raise handshake_exc
  File "/Library/Frameworks/Python.framework/Versions/3.12/lib/python3.12/asyncio/sslproto.py", line 560, in _do_handshake
    self._sslobj.do_handshake()
  File "/Library/Frameworks/Python.framework/Versions/3.12/lib/python3.12/ssl.py", line 917, in do_handshake
    self._sslobj.do_handshake()
ssl.SSLCertVerificationError: [SSL: CERTIFICATE_VERIFY_FAILED] certificate verify failed: unable to get local issuer certificate (_ssl.c:1000)
2024-07-10 20:16:02,250: alpaca.trading.stream: INFO: starting trading websocket connection
2024-07-10 20:16:02,337: alpaca.trading.stream: ERROR: error during websocket communication: [SSL: CERTIFICATE_VERIFY_FAILED] certificate verify failed: unable to get local issuer certificate (_ssl.c:1000)
Traceback (most recent call last):
  File "/Library/Frameworks/Python.framework/Versions/3.12/lib/python3.12/site-packages/alpaca/trading/stream.py", line 168, in _run_forever
    await self._start_ws()
  File "/Library/Frameworks/Python.framework/Versions/3.12/lib/python3.12/site-packages/alpaca/trading/stream.py", line 128, in _start_ws
    await self._connect()
  File "/Library/Frameworks/Python.framework/Versions/3.12/lib/python3.12/site-packages/alpaca/trading/stream.py", line 59, in _connect
    self._ws = await websockets.connect(self._endpoint, **self._websocket_params)
               ^^^^^^^^^^^^^^^^^^^^^^^^^^^^^^^^^^^^^^^^^^^^^^^^^^^^^^^^^^^^^^^^^^
  File "/Library/Frameworks/Python.framework/Versions/3.12/lib/python3.12/site-packages/websockets/legacy/client.py", line 647, in __await_impl_timeout__
    return await self.__await_impl__()
           ^^^^^^^^^^^^^^^^^^^^^^^^^^^
  File "/Library/Frameworks/Python.framework/Versions/3.12/lib/python3.12/site-packages/websockets/legacy/client.py", line 651, in __await_impl__
    _transport, _protocol = await self._create_connection()
                            ^^^^^^^^^^^^^^^^^^^^^^^^^^^^^^^
  File "/Library/Frameworks/Python.framework/Versions/3.12/lib/python3.12/asyncio/base_events.py", line 1149, in create_connection
    transport, protocol = await self._create_connection_transport(
                          ^^^^^^^^^^^^^^^^^^^^^^^^^^^^^^^^^^^^^^^^
  File "/Library/Frameworks/Python.framework/Versions/3.12/lib/python3.12/asyncio/base_events.py", line 1182, in _create_connection_transport
    await waiter
  File "/Library/Frameworks/Python.framework/Versions/3.12/lib/python3.12/asyncio/sslproto.py", line 578, in _on_handshake_complete
    raise handshake_exc
  File "/Library/Frameworks/Python.framework/Versions/3.12/lib/python3.12/asyncio/sslproto.py", line 560, in _do_handshake
    self._sslobj.do_handshake()
  File "/Library/Frameworks/Python.framework/Versions/3.12/lib/python3.12/ssl.py", line 917, in do_handshake
    self._sslobj.do_handshake()
ssl.SSLCertVerificationError: [SSL: CERTIFICATE_VERIFY_FAILED] certificate verify failed: unable to get local issuer certificate (_ssl.c:1000)
2024-07-10 20:16:02,349: alpaca.trading.stream: INFO: starting trading websocket connection
2024-07-10 20:16:02,409: alpaca.trading.stream: ERROR: error during websocket communication: [SSL: CERTIFICATE_VERIFY_FAILED] certificate verify failed: unable to get local issuer certificate (_ssl.c:1000)
Traceback (most recent call last):
  File "/Library/Frameworks/Python.framework/Versions/3.12/lib/python3.12/site-packages/alpaca/trading/stream.py", line 168, in _run_forever
    await self._start_ws()
  File "/Library/Frameworks/Python.framework/Versions/3.12/lib/python3.12/site-packages/alpaca/trading/stream.py", line 128, in _start_ws
    await self._connect()
  File "/Library/Frameworks/Python.framework/Versions/3.12/lib/python3.12/site-packages/alpaca/trading/stream.py", line 59, in _connect
    self._ws = await websockets.connect(self._endpoint, **self._websocket_params)
               ^^^^^^^^^^^^^^^^^^^^^^^^^^^^^^^^^^^^^^^^^^^^^^^^^^^^^^^^^^^^^^^^^^
  File "/Library/Frameworks/Python.framework/Versions/3.12/lib/python3.12/site-packages/websockets/legacy/client.py", line 647, in __await_impl_timeout__
    return await self.__await_impl__()
           ^^^^^^^^^^^^^^^^^^^^^^^^^^^
  File "/Library/Frameworks/Python.framework/Versions/3.12/lib/python3.12/site-packages/websockets/legacy/client.py", line 651, in __await_impl__
    _transport, _protocol = await self._create_connection()
                            ^^^^^^^^^^^^^^^^^^^^^^^^^^^^^^^
  File "/Library/Frameworks/Python.framework/Versions/3.12/lib/python3.12/asyncio/base_events.py", line 1149, in create_connection
    transport, protocol = await self._create_connection_transport(
                          ^^^^^^^^^^^^^^^^^^^^^^^^^^^^^^^^^^^^^^^^
  File "/Library/Frameworks/Python.framework/Versions/3.12/lib/python3.12/asyncio/base_events.py", line 1182, in _create_connection_transport
    await waiter
  File "/Library/Frameworks/Python.framework/Versions/3.12/lib/python3.12/asyncio/sslproto.py", line 578, in _on_handshake_complete
    raise handshake_exc
  File "/Library/Frameworks/Python.framework/Versions/3.12/lib/python3.12/asyncio/sslproto.py", line 560, in _do_handshake
    self._sslobj.do_handshake()
  File "/Library/Frameworks/Python.framework/Versions/3.12/lib/python3.12/ssl.py", line 917, in do_handshake
    self._sslobj.do_handshake()
ssl.SSLCertVerificationError: [SSL: CERTIFICATE_VERIFY_FAILED] certificate verify failed: unable to get local issuer certificate (_ssl.c:1000)
2024-07-10 20:16:02,424: alpaca.trading.stream: INFO: starting trading websocket connection
2024-07-10 20:16:02,495: alpaca.trading.stream: ERROR: error during websocket communication: [SSL: CERTIFICATE_VERIFY_FAILED] certificate verify failed: unable to get local issuer certificate (_ssl.c:1000)
Traceback (most recent call last):
  File "/Library/Frameworks/Python.framework/Versions/3.12/lib/python3.12/site-packages/alpaca/trading/stream.py", line 168, in _run_forever
    await self._start_ws()
  File "/Library/Frameworks/Python.framework/Versions/3.12/lib/python3.12/site-packages/alpaca/trading/stream.py", line 128, in _start_ws
    await self._connect()
  File "/Library/Frameworks/Python.framework/Versions/3.12/lib/python3.12/site-packages/alpaca/trading/stream.py", line 59, in _connect
    self._ws = await websockets.connect(self._endpoint, **self._websocket_params)
               ^^^^^^^^^^^^^^^^^^^^^^^^^^^^^^^^^^^^^^^^^^^^^^^^^^^^^^^^^^^^^^^^^^
  File "/Library/Frameworks/Python.framework/Versions/3.12/lib/python3.12/site-packages/websockets/legacy/client.py", line 647, in __await_impl_timeout__
    return await self.__await_impl__()
           ^^^^^^^^^^^^^^^^^^^^^^^^^^^
  File "/Library/Frameworks/Python.framework/Versions/3.12/lib/python3.12/site-packages/websockets/legacy/client.py", line 651, in __await_impl__
    _transport, _protocol = await self._create_connection()
                            ^^^^^^^^^^^^^^^^^^^^^^^^^^^^^^^
  File "/Library/Frameworks/Python.framework/Versions/3.12/lib/python3.12/asyncio/base_events.py", line 1149, in create_connection
    transport, protocol = await self._create_connection_transport(
                          ^^^^^^^^^^^^^^^^^^^^^^^^^^^^^^^^^^^^^^^^
  File "/Library/Frameworks/Python.framework/Versions/3.12/lib/python3.12/asyncio/base_events.py", line 1182, in _create_connection_transport
    await waiter
  File "/Library/Frameworks/Python.framework/Versions/3.12/lib/python3.12/asyncio/sslproto.py", line 578, in _on_handshake_complete
    raise handshake_exc
  File "/Library/Frameworks/Python.framework/Versions/3.12/lib/python3.12/asyncio/sslproto.py", line 560, in _do_handshake
    self._sslobj.do_handshake()
  File "/Library/Frameworks/Python.framework/Versions/3.12/lib/python3.12/ssl.py", line 917, in do_handshake
    self._sslobj.do_handshake()
ssl.SSLCertVerificationError: [SSL: CERTIFICATE_VERIFY_FAILED] certificate verify failed: unable to get local issuer certificate (_ssl.c:1000)
2024-07-10 20:16:02,509: alpaca.trading.stream: INFO: starting trading websocket connection
2024-07-10 20:16:02,584: alpaca.trading.stream: ERROR: error during websocket communication: [SSL: CERTIFICATE_VERIFY_FAILED] certificate verify failed: unable to get local issuer certificate (_ssl.c:1000)
Traceback (most recent call last):
  File "/Library/Frameworks/Python.framework/Versions/3.12/lib/python3.12/site-packages/alpaca/trading/stream.py", line 168, in _run_forever
    await self._start_ws()
  File "/Library/Frameworks/Python.framework/Versions/3.12/lib/python3.12/site-packages/alpaca/trading/stream.py", line 128, in _start_ws
    await self._connect()
  File "/Library/Frameworks/Python.framework/Versions/3.12/lib/python3.12/site-packages/alpaca/trading/stream.py", line 59, in _connect
    self._ws = await websockets.connect(self._endpoint, **self._websocket_params)
               ^^^^^^^^^^^^^^^^^^^^^^^^^^^^^^^^^^^^^^^^^^^^^^^^^^^^^^^^^^^^^^^^^^
  File "/Library/Frameworks/Python.framework/Versions/3.12/lib/python3.12/site-packages/websockets/legacy/client.py", line 647, in __await_impl_timeout__
    return await self.__await_impl__()
           ^^^^^^^^^^^^^^^^^^^^^^^^^^^
  File "/Library/Frameworks/Python.framework/Versions/3.12/lib/python3.12/site-packages/websockets/legacy/client.py", line 651, in __await_impl__
    _transport, _protocol = await self._create_connection()
                            ^^^^^^^^^^^^^^^^^^^^^^^^^^^^^^^
  File "/Library/Frameworks/Python.framework/Versions/3.12/lib/python3.12/asyncio/base_events.py", line 1149, in create_connection
    transport, protocol = await self._create_connection_transport(
                          ^^^^^^^^^^^^^^^^^^^^^^^^^^^^^^^^^^^^^^^^
  File "/Library/Frameworks/Python.framework/Versions/3.12/lib/python3.12/asyncio/base_events.py", line 1182, in _create_connection_transport
    await waiter
  File "/Library/Frameworks/Python.framework/Versions/3.12/lib/python3.12/asyncio/sslproto.py", line 578, in _on_handshake_complete
    raise handshake_exc
  File "/Library/Frameworks/Python.framework/Versions/3.12/lib/python3.12/asyncio/sslproto.py", line 560, in _do_handshake
    self._sslobj.do_handshake()
  File "/Library/Frameworks/Python.framework/Versions/3.12/lib/python3.12/ssl.py", line 917, in do_handshake
    self._sslobj.do_handshake()
ssl.SSLCertVerificationError: [SSL: CERTIFICATE_VERIFY_FAILED] certificate verify failed: unable to get local issuer certificate (_ssl.c:1000)
2024-07-10 20:16:02,598: alpaca.trading.stream: INFO: starting trading websocket connection
2024-07-10 20:16:02,667: alpaca.trading.stream: ERROR: error during websocket communication: [SSL: CERTIFICATE_VERIFY_FAILED] certificate verify failed: unable to get local issuer certificate (_ssl.c:1000)
Traceback (most recent call last):
  File "/Library/Frameworks/Python.framework/Versions/3.12/lib/python3.12/site-packages/alpaca/trading/stream.py", line 168, in _run_forever
    await self._start_ws()
  File "/Library/Frameworks/Python.framework/Versions/3.12/lib/python3.12/site-packages/alpaca/trading/stream.py", line 128, in _start_ws
    await self._connect()
  File "/Library/Frameworks/Python.framework/Versions/3.12/lib/python3.12/site-packages/alpaca/trading/stream.py", line 59, in _connect
    self._ws = await websockets.connect(self._endpoint, **self._websocket_params)
               ^^^^^^^^^^^^^^^^^^^^^^^^^^^^^^^^^^^^^^^^^^^^^^^^^^^^^^^^^^^^^^^^^^
  File "/Library/Frameworks/Python.framework/Versions/3.12/lib/python3.12/site-packages/websockets/legacy/client.py", line 647, in __await_impl_timeout__
    return await self.__await_impl__()
           ^^^^^^^^^^^^^^^^^^^^^^^^^^^
  File "/Library/Frameworks/Python.framework/Versions/3.12/lib/python3.12/site-packages/websockets/legacy/client.py", line 651, in __await_impl__
    _transport, _protocol = await self._create_connection()
                            ^^^^^^^^^^^^^^^^^^^^^^^^^^^^^^^
  File "/Library/Frameworks/Python.framework/Versions/3.12/lib/python3.12/asyncio/base_events.py", line 1149, in create_connection
    transport, protocol = await self._create_connection_transport(
                          ^^^^^^^^^^^^^^^^^^^^^^^^^^^^^^^^^^^^^^^^
  File "/Library/Frameworks/Python.framework/Versions/3.12/lib/python3.12/asyncio/base_events.py", line 1182, in _create_connection_transport
    await waiter
  File "/Library/Frameworks/Python.framework/Versions/3.12/lib/python3.12/asyncio/sslproto.py", line 578, in _on_handshake_complete
    raise handshake_exc
  File "/Library/Frameworks/Python.framework/Versions/3.12/lib/python3.12/asyncio/sslproto.py", line 560, in _do_handshake
    self._sslobj.do_handshake()
  File "/Library/Frameworks/Python.framework/Versions/3.12/lib/python3.12/ssl.py", line 917, in do_handshake
    self._sslobj.do_handshake()
ssl.SSLCertVerificationError: [SSL: CERTIFICATE_VERIFY_FAILED] certificate verify failed: unable to get local issuer certificate (_ssl.c:1000)
2024-07-10 20:16:02,681: alpaca.trading.stream: INFO: starting trading websocket connection
2024-07-10 20:16:02,759: alpaca.trading.stream: ERROR: error during websocket communication: [SSL: CERTIFICATE_VERIFY_FAILED] certificate verify failed: unable to get local issuer certificate (_ssl.c:1000)
Traceback (most recent call last):
  File "/Library/Frameworks/Python.framework/Versions/3.12/lib/python3.12/site-packages/alpaca/trading/stream.py", line 168, in _run_forever
    await self._start_ws()
  File "/Library/Frameworks/Python.framework/Versions/3.12/lib/python3.12/site-packages/alpaca/trading/stream.py", line 128, in _start_ws
    await self._connect()
  File "/Library/Frameworks/Python.framework/Versions/3.12/lib/python3.12/site-packages/alpaca/trading/stream.py", line 59, in _connect
    self._ws = await websockets.connect(self._endpoint, **self._websocket_params)
               ^^^^^^^^^^^^^^^^^^^^^^^^^^^^^^^^^^^^^^^^^^^^^^^^^^^^^^^^^^^^^^^^^^
  File "/Library/Frameworks/Python.framework/Versions/3.12/lib/python3.12/site-packages/websockets/legacy/client.py", line 647, in __await_impl_timeout__
    return await self.__await_impl__()
           ^^^^^^^^^^^^^^^^^^^^^^^^^^^
  File "/Library/Frameworks/Python.framework/Versions/3.12/lib/python3.12/site-packages/websockets/legacy/client.py", line 651, in __await_impl__
    _transport, _protocol = await self._create_connection()
                            ^^^^^^^^^^^^^^^^^^^^^^^^^^^^^^^
  File "/Library/Frameworks/Python.framework/Versions/3.12/lib/python3.12/asyncio/base_events.py", line 1149, in create_connection
    transport, protocol = await self._create_connection_transport(
                          ^^^^^^^^^^^^^^^^^^^^^^^^^^^^^^^^^^^^^^^^
  File "/Library/Frameworks/Python.framework/Versions/3.12/lib/python3.12/asyncio/base_events.py", line 1182, in _create_connection_transport
    await waiter
  File "/Library/Frameworks/Python.framework/Versions/3.12/lib/python3.12/asyncio/sslproto.py", line 578, in _on_handshake_complete
    raise handshake_exc
  File "/Library/Frameworks/Python.framework/Versions/3.12/lib/python3.12/asyncio/sslproto.py", line 560, in _do_handshake
    self._sslobj.do_handshake()
  File "/Library/Frameworks/Python.framework/Versions/3.12/lib/python3.12/ssl.py", line 917, in do_handshake
    self._sslobj.do_handshake()
ssl.SSLCertVerificationError: [SSL: CERTIFICATE_VERIFY_FAILED] certificate verify failed: unable to get local issuer certificate (_ssl.c:1000)
2024-07-10 20:16:02,775: alpaca.trading.stream: INFO: starting trading websocket connection
2024-07-10 20:16:02,839: alpaca.trading.stream: ERROR: error during websocket communication: [SSL: CERTIFICATE_VERIFY_FAILED] certificate verify failed: unable to get local issuer certificate (_ssl.c:1000)
Traceback (most recent call last):
  File "/Library/Frameworks/Python.framework/Versions/3.12/lib/python3.12/site-packages/alpaca/trading/stream.py", line 168, in _run_forever
    await self._start_ws()
  File "/Library/Frameworks/Python.framework/Versions/3.12/lib/python3.12/site-packages/alpaca/trading/stream.py", line 128, in _start_ws
    await self._connect()
  File "/Library/Frameworks/Python.framework/Versions/3.12/lib/python3.12/site-packages/alpaca/trading/stream.py", line 59, in _connect
    self._ws = await websockets.connect(self._endpoint, **self._websocket_params)
               ^^^^^^^^^^^^^^^^^^^^^^^^^^^^^^^^^^^^^^^^^^^^^^^^^^^^^^^^^^^^^^^^^^
  File "/Library/Frameworks/Python.framework/Versions/3.12/lib/python3.12/site-packages/websockets/legacy/client.py", line 647, in __await_impl_timeout__
    return await self.__await_impl__()
           ^^^^^^^^^^^^^^^^^^^^^^^^^^^
  File "/Library/Frameworks/Python.framework/Versions/3.12/lib/python3.12/site-packages/websockets/legacy/client.py", line 651, in __await_impl__
    _transport, _protocol = await self._create_connection()
                            ^^^^^^^^^^^^^^^^^^^^^^^^^^^^^^^
  File "/Library/Frameworks/Python.framework/Versions/3.12/lib/python3.12/asyncio/base_events.py", line 1149, in create_connection
    transport, protocol = await self._create_connection_transport(
                          ^^^^^^^^^^^^^^^^^^^^^^^^^^^^^^^^^^^^^^^^
  File "/Library/Frameworks/Python.framework/Versions/3.12/lib/python3.12/asyncio/base_events.py", line 1182, in _create_connection_transport
    await waiter
  File "/Library/Frameworks/Python.framework/Versions/3.12/lib/python3.12/asyncio/sslproto.py", line 578, in _on_handshake_complete
    raise handshake_exc
  File "/Library/Frameworks/Python.framework/Versions/3.12/lib/python3.12/asyncio/sslproto.py", line 560, in _do_handshake
    self._sslobj.do_handshake()
  File "/Library/Frameworks/Python.framework/Versions/3.12/lib/python3.12/ssl.py", line 917, in do_handshake
    self._sslobj.do_handshake()
ssl.SSLCertVerificationError: [SSL: CERTIFICATE_VERIFY_FAILED] certificate verify failed: unable to get local issuer certificate (_ssl.c:1000)
2024-07-10 20:16:02,856: alpaca.trading.stream: INFO: starting trading websocket connection
2024-07-10 20:16:02,917: alpaca.trading.stream: ERROR: error during websocket communication: [SSL: CERTIFICATE_VERIFY_FAILED] certificate verify failed: unable to get local issuer certificate (_ssl.c:1000)
Traceback (most recent call last):
  File "/Library/Frameworks/Python.framework/Versions/3.12/lib/python3.12/site-packages/alpaca/trading/stream.py", line 168, in _run_forever
    await self._start_ws()
  File "/Library/Frameworks/Python.framework/Versions/3.12/lib/python3.12/site-packages/alpaca/trading/stream.py", line 128, in _start_ws
    await self._connect()
  File "/Library/Frameworks/Python.framework/Versions/3.12/lib/python3.12/site-packages/alpaca/trading/stream.py", line 59, in _connect
    self._ws = await websockets.connect(self._endpoint, **self._websocket_params)
               ^^^^^^^^^^^^^^^^^^^^^^^^^^^^^^^^^^^^^^^^^^^^^^^^^^^^^^^^^^^^^^^^^^
  File "/Library/Frameworks/Python.framework/Versions/3.12/lib/python3.12/site-packages/websockets/legacy/client.py", line 647, in __await_impl_timeout__
    return await self.__await_impl__()
           ^^^^^^^^^^^^^^^^^^^^^^^^^^^
  File "/Library/Frameworks/Python.framework/Versions/3.12/lib/python3.12/site-packages/websockets/legacy/client.py", line 651, in __await_impl__
    _transport, _protocol = await self._create_connection()
                            ^^^^^^^^^^^^^^^^^^^^^^^^^^^^^^^
  File "/Library/Frameworks/Python.framework/Versions/3.12/lib/python3.12/asyncio/base_events.py", line 1149, in create_connection
    transport, protocol = await self._create_connection_transport(
                          ^^^^^^^^^^^^^^^^^^^^^^^^^^^^^^^^^^^^^^^^
  File "/Library/Frameworks/Python.framework/Versions/3.12/lib/python3.12/asyncio/base_events.py", line 1182, in _create_connection_transport
    await waiter
  File "/Library/Frameworks/Python.framework/Versions/3.12/lib/python3.12/asyncio/sslproto.py", line 578, in _on_handshake_complete
    raise handshake_exc
  File "/Library/Frameworks/Python.framework/Versions/3.12/lib/python3.12/asyncio/sslproto.py", line 560, in _do_handshake
    self._sslobj.do_handshake()
  File "/Library/Frameworks/Python.framework/Versions/3.12/lib/python3.12/ssl.py", line 917, in do_handshake
    self._sslobj.do_handshake()
ssl.SSLCertVerificationError: [SSL: CERTIFICATE_VERIFY_FAILED] certificate verify failed: unable to get local issuer certificate (_ssl.c:1000)
2024-07-10 20:16:02,934: alpaca.trading.stream: INFO: starting trading websocket connection
2024-07-10 20:16:03,004: alpaca.trading.stream: ERROR: error during websocket communication: [SSL: CERTIFICATE_VERIFY_FAILED] certificate verify failed: unable to get local issuer certificate (_ssl.c:1000)
Traceback (most recent call last):
  File "/Library/Frameworks/Python.framework/Versions/3.12/lib/python3.12/site-packages/alpaca/trading/stream.py", line 168, in _run_forever
    await self._start_ws()
  File "/Library/Frameworks/Python.framework/Versions/3.12/lib/python3.12/site-packages/alpaca/trading/stream.py", line 128, in _start_ws
    await self._connect()
  File "/Library/Frameworks/Python.framework/Versions/3.12/lib/python3.12/site-packages/alpaca/trading/stream.py", line 59, in _connect
    self._ws = await websockets.connect(self._endpoint, **self._websocket_params)
               ^^^^^^^^^^^^^^^^^^^^^^^^^^^^^^^^^^^^^^^^^^^^^^^^^^^^^^^^^^^^^^^^^^
  File "/Library/Frameworks/Python.framework/Versions/3.12/lib/python3.12/site-packages/websockets/legacy/client.py", line 647, in __await_impl_timeout__
    return await self.__await_impl__()
           ^^^^^^^^^^^^^^^^^^^^^^^^^^^
  File "/Library/Frameworks/Python.framework/Versions/3.12/lib/python3.12/site-packages/websockets/legacy/client.py", line 651, in __await_impl__
    _transport, _protocol = await self._create_connection()
                            ^^^^^^^^^^^^^^^^^^^^^^^^^^^^^^^
  File "/Library/Frameworks/Python.framework/Versions/3.12/lib/python3.12/asyncio/base_events.py", line 1149, in create_connection
    transport, protocol = await self._create_connection_transport(
                          ^^^^^^^^^^^^^^^^^^^^^^^^^^^^^^^^^^^^^^^^
  File "/Library/Frameworks/Python.framework/Versions/3.12/lib/python3.12/asyncio/base_events.py", line 1182, in _create_connection_transport
    await waiter
  File "/Library/Frameworks/Python.framework/Versions/3.12/lib/python3.12/asyncio/sslproto.py", line 578, in _on_handshake_complete
    raise handshake_exc
  File "/Library/Frameworks/Python.framework/Versions/3.12/lib/python3.12/asyncio/sslproto.py", line 560, in _do_handshake
    self._sslobj.do_handshake()
  File "/Library/Frameworks/Python.framework/Versions/3.12/lib/python3.12/ssl.py", line 917, in do_handshake
    self._sslobj.do_handshake()
ssl.SSLCertVerificationError: [SSL: CERTIFICATE_VERIFY_FAILED] certificate verify failed: unable to get local issuer certificate (_ssl.c:1000)
2024-07-10 20:16:03,028: alpaca.trading.stream: INFO: starting trading websocket connection
2024-07-10 20:16:03,098: alpaca.trading.stream: ERROR: error during websocket communication: [SSL: CERTIFICATE_VERIFY_FAILED] certificate verify failed: unable to get local issuer certificate (_ssl.c:1000)
Traceback (most recent call last):
  File "/Library/Frameworks/Python.framework/Versions/3.12/lib/python3.12/site-packages/alpaca/trading/stream.py", line 168, in _run_forever
    await self._start_ws()
  File "/Library/Frameworks/Python.framework/Versions/3.12/lib/python3.12/site-packages/alpaca/trading/stream.py", line 128, in _start_ws
    await self._connect()
  File "/Library/Frameworks/Python.framework/Versions/3.12/lib/python3.12/site-packages/alpaca/trading/stream.py", line 59, in _connect
    self._ws = await websockets.connect(self._endpoint, **self._websocket_params)
               ^^^^^^^^^^^^^^^^^^^^^^^^^^^^^^^^^^^^^^^^^^^^^^^^^^^^^^^^^^^^^^^^^^
  File "/Library/Frameworks/Python.framework/Versions/3.12/lib/python3.12/site-packages/websockets/legacy/client.py", line 647, in __await_impl_timeout__
    return await self.__await_impl__()
           ^^^^^^^^^^^^^^^^^^^^^^^^^^^
  File "/Library/Frameworks/Python.framework/Versions/3.12/lib/python3.12/site-packages/websockets/legacy/client.py", line 651, in __await_impl__
    _transport, _protocol = await self._create_connection()
                            ^^^^^^^^^^^^^^^^^^^^^^^^^^^^^^^
  File "/Library/Frameworks/Python.framework/Versions/3.12/lib/python3.12/asyncio/base_events.py", line 1149, in create_connection
    transport, protocol = await self._create_connection_transport(
                          ^^^^^^^^^^^^^^^^^^^^^^^^^^^^^^^^^^^^^^^^
  File "/Library/Frameworks/Python.framework/Versions/3.12/lib/python3.12/asyncio/base_events.py", line 1182, in _create_connection_transport
    await waiter
  File "/Library/Frameworks/Python.framework/Versions/3.12/lib/python3.12/asyncio/sslproto.py", line 578, in _on_handshake_complete
    raise handshake_exc
  File "/Library/Frameworks/Python.framework/Versions/3.12/lib/python3.12/asyncio/sslproto.py", line 560, in _do_handshake
    self._sslobj.do_handshake()
  File "/Library/Frameworks/Python.framework/Versions/3.12/lib/python3.12/ssl.py", line 917, in do_handshake
    self._sslobj.do_handshake()
ssl.SSLCertVerificationError: [SSL: CERTIFICATE_VERIFY_FAILED] certificate verify failed: unable to get local issuer certificate (_ssl.c:1000)
2024-07-10 20:16:03,123: alpaca.trading.stream: INFO: starting trading websocket connection
2024-07-10 20:16:03,185: alpaca.trading.stream: ERROR: error during websocket communication: [SSL: CERTIFICATE_VERIFY_FAILED] certificate verify failed: unable to get local issuer certificate (_ssl.c:1000)
Traceback (most recent call last):
  File "/Library/Frameworks/Python.framework/Versions/3.12/lib/python3.12/site-packages/alpaca/trading/stream.py", line 168, in _run_forever
    await self._start_ws()
  File "/Library/Frameworks/Python.framework/Versions/3.12/lib/python3.12/site-packages/alpaca/trading/stream.py", line 128, in _start_ws
    await self._connect()
  File "/Library/Frameworks/Python.framework/Versions/3.12/lib/python3.12/site-packages/alpaca/trading/stream.py", line 59, in _connect
    self._ws = await websockets.connect(self._endpoint, **self._websocket_params)
               ^^^^^^^^^^^^^^^^^^^^^^^^^^^^^^^^^^^^^^^^^^^^^^^^^^^^^^^^^^^^^^^^^^
  File "/Library/Frameworks/Python.framework/Versions/3.12/lib/python3.12/site-packages/websockets/legacy/client.py", line 647, in __await_impl_timeout__
    return await self.__await_impl__()
           ^^^^^^^^^^^^^^^^^^^^^^^^^^^
  File "/Library/Frameworks/Python.framework/Versions/3.12/lib/python3.12/site-packages/websockets/legacy/client.py", line 651, in __await_impl__
    _transport, _protocol = await self._create_connection()
                            ^^^^^^^^^^^^^^^^^^^^^^^^^^^^^^^
  File "/Library/Frameworks/Python.framework/Versions/3.12/lib/python3.12/asyncio/base_events.py", line 1149, in create_connection
    transport, protocol = await self._create_connection_transport(
                          ^^^^^^^^^^^^^^^^^^^^^^^^^^^^^^^^^^^^^^^^
  File "/Library/Frameworks/Python.framework/Versions/3.12/lib/python3.12/asyncio/base_events.py", line 1182, in _create_connection_transport
    await waiter
  File "/Library/Frameworks/Python.framework/Versions/3.12/lib/python3.12/asyncio/sslproto.py", line 578, in _on_handshake_complete
    raise handshake_exc
  File "/Library/Frameworks/Python.framework/Versions/3.12/lib/python3.12/asyncio/sslproto.py", line 560, in _do_handshake
    self._sslobj.do_handshake()
  File "/Library/Frameworks/Python.framework/Versions/3.12/lib/python3.12/ssl.py", line 917, in do_handshake
    self._sslobj.do_handshake()
ssl.SSLCertVerificationError: [SSL: CERTIFICATE_VERIFY_FAILED] certificate verify failed: unable to get local issuer certificate (_ssl.c:1000)
2024-07-10 20:16:03,197: alpaca.trading.stream: INFO: starting trading websocket connection
2024-07-10 20:16:03,261: alpaca.trading.stream: ERROR: error during websocket communication: [SSL: CERTIFICATE_VERIFY_FAILED] certificate verify failed: unable to get local issuer certificate (_ssl.c:1000)
Traceback (most recent call last):
  File "/Library/Frameworks/Python.framework/Versions/3.12/lib/python3.12/site-packages/alpaca/trading/stream.py", line 168, in _run_forever
    await self._start_ws()
  File "/Library/Frameworks/Python.framework/Versions/3.12/lib/python3.12/site-packages/alpaca/trading/stream.py", line 128, in _start_ws
    await self._connect()
  File "/Library/Frameworks/Python.framework/Versions/3.12/lib/python3.12/site-packages/alpaca/trading/stream.py", line 59, in _connect
    self._ws = await websockets.connect(self._endpoint, **self._websocket_params)
               ^^^^^^^^^^^^^^^^^^^^^^^^^^^^^^^^^^^^^^^^^^^^^^^^^^^^^^^^^^^^^^^^^^
  File "/Library/Frameworks/Python.framework/Versions/3.12/lib/python3.12/site-packages/websockets/legacy/client.py", line 647, in __await_impl_timeout__
    return await self.__await_impl__()
           ^^^^^^^^^^^^^^^^^^^^^^^^^^^
  File "/Library/Frameworks/Python.framework/Versions/3.12/lib/python3.12/site-packages/websockets/legacy/client.py", line 651, in __await_impl__
    _transport, _protocol = await self._create_connection()
                            ^^^^^^^^^^^^^^^^^^^^^^^^^^^^^^^
  File "/Library/Frameworks/Python.framework/Versions/3.12/lib/python3.12/asyncio/base_events.py", line 1149, in create_connection
    transport, protocol = await self._create_connection_transport(
                          ^^^^^^^^^^^^^^^^^^^^^^^^^^^^^^^^^^^^^^^^
  File "/Library/Frameworks/Python.framework/Versions/3.12/lib/python3.12/asyncio/base_events.py", line 1182, in _create_connection_transport
    await waiter
  File "/Library/Frameworks/Python.framework/Versions/3.12/lib/python3.12/asyncio/sslproto.py", line 578, in _on_handshake_complete
    raise handshake_exc
  File "/Library/Frameworks/Python.framework/Versions/3.12/lib/python3.12/asyncio/sslproto.py", line 560, in _do_handshake
    self._sslobj.do_handshake()
  File "/Library/Frameworks/Python.framework/Versions/3.12/lib/python3.12/ssl.py", line 917, in do_handshake
    self._sslobj.do_handshake()
ssl.SSLCertVerificationError: [SSL: CERTIFICATE_VERIFY_FAILED] certificate verify failed: unable to get local issuer certificate (_ssl.c:1000)
2024-07-10 20:16:03,273: alpaca.trading.stream: INFO: starting trading websocket connection
2024-07-10 20:16:03,338: alpaca.trading.stream: ERROR: error during websocket communication: [SSL: CERTIFICATE_VERIFY_FAILED] certificate verify failed: unable to get local issuer certificate (_ssl.c:1000)
Traceback (most recent call last):
  File "/Library/Frameworks/Python.framework/Versions/3.12/lib/python3.12/site-packages/alpaca/trading/stream.py", line 168, in _run_forever
    await self._start_ws()
  File "/Library/Frameworks/Python.framework/Versions/3.12/lib/python3.12/site-packages/alpaca/trading/stream.py", line 128, in _start_ws
    await self._connect()
  File "/Library/Frameworks/Python.framework/Versions/3.12/lib/python3.12/site-packages/alpaca/trading/stream.py", line 59, in _connect
    self._ws = await websockets.connect(self._endpoint, **self._websocket_params)
               ^^^^^^^^^^^^^^^^^^^^^^^^^^^^^^^^^^^^^^^^^^^^^^^^^^^^^^^^^^^^^^^^^^
  File "/Library/Frameworks/Python.framework/Versions/3.12/lib/python3.12/site-packages/websockets/legacy/client.py", line 647, in __await_impl_timeout__
    return await self.__await_impl__()
           ^^^^^^^^^^^^^^^^^^^^^^^^^^^
  File "/Library/Frameworks/Python.framework/Versions/3.12/lib/python3.12/site-packages/websockets/legacy/client.py", line 651, in __await_impl__
    _transport, _protocol = await self._create_connection()
                            ^^^^^^^^^^^^^^^^^^^^^^^^^^^^^^^
  File "/Library/Frameworks/Python.framework/Versions/3.12/lib/python3.12/asyncio/base_events.py", line 1149, in create_connection
    transport, protocol = await self._create_connection_transport(
                          ^^^^^^^^^^^^^^^^^^^^^^^^^^^^^^^^^^^^^^^^
  File "/Library/Frameworks/Python.framework/Versions/3.12/lib/python3.12/asyncio/base_events.py", line 1182, in _create_connection_transport
    await waiter
  File "/Library/Frameworks/Python.framework/Versions/3.12/lib/python3.12/asyncio/sslproto.py", line 578, in _on_handshake_complete
    raise handshake_exc
  File "/Library/Frameworks/Python.framework/Versions/3.12/lib/python3.12/asyncio/sslproto.py", line 560, in _do_handshake
    self._sslobj.do_handshake()
  File "/Library/Frameworks/Python.framework/Versions/3.12/lib/python3.12/ssl.py", line 917, in do_handshake
    self._sslobj.do_handshake()
ssl.SSLCertVerificationError: [SSL: CERTIFICATE_VERIFY_FAILED] certificate verify failed: unable to get local issuer certificate (_ssl.c:1000)
2024-07-10 20:16:03,350: alpaca.trading.stream: INFO: starting trading websocket connection
2024-07-10 20:16:03,413: alpaca.trading.stream: ERROR: error during websocket communication: [SSL: CERTIFICATE_VERIFY_FAILED] certificate verify failed: unable to get local issuer certificate (_ssl.c:1000)
Traceback (most recent call last):
  File "/Library/Frameworks/Python.framework/Versions/3.12/lib/python3.12/site-packages/alpaca/trading/stream.py", line 168, in _run_forever
    await self._start_ws()
  File "/Library/Frameworks/Python.framework/Versions/3.12/lib/python3.12/site-packages/alpaca/trading/stream.py", line 128, in _start_ws
    await self._connect()
  File "/Library/Frameworks/Python.framework/Versions/3.12/lib/python3.12/site-packages/alpaca/trading/stream.py", line 59, in _connect
    self._ws = await websockets.connect(self._endpoint, **self._websocket_params)
               ^^^^^^^^^^^^^^^^^^^^^^^^^^^^^^^^^^^^^^^^^^^^^^^^^^^^^^^^^^^^^^^^^^
  File "/Library/Frameworks/Python.framework/Versions/3.12/lib/python3.12/site-packages/websockets/legacy/client.py", line 647, in __await_impl_timeout__
    return await self.__await_impl__()
           ^^^^^^^^^^^^^^^^^^^^^^^^^^^
  File "/Library/Frameworks/Python.framework/Versions/3.12/lib/python3.12/site-packages/websockets/legacy/client.py", line 651, in __await_impl__
    _transport, _protocol = await self._create_connection()
                            ^^^^^^^^^^^^^^^^^^^^^^^^^^^^^^^
  File "/Library/Frameworks/Python.framework/Versions/3.12/lib/python3.12/asyncio/base_events.py", line 1149, in create_connection
    transport, protocol = await self._create_connection_transport(
                          ^^^^^^^^^^^^^^^^^^^^^^^^^^^^^^^^^^^^^^^^
  File "/Library/Frameworks/Python.framework/Versions/3.12/lib/python3.12/asyncio/base_events.py", line 1182, in _create_connection_transport
    await waiter
  File "/Library/Frameworks/Python.framework/Versions/3.12/lib/python3.12/asyncio/sslproto.py", line 578, in _on_handshake_complete
    raise handshake_exc
  File "/Library/Frameworks/Python.framework/Versions/3.12/lib/python3.12/asyncio/sslproto.py", line 560, in _do_handshake
    self._sslobj.do_handshake()
  File "/Library/Frameworks/Python.framework/Versions/3.12/lib/python3.12/ssl.py", line 917, in do_handshake
    self._sslobj.do_handshake()
ssl.SSLCertVerificationError: [SSL: CERTIFICATE_VERIFY_FAILED] certificate verify failed: unable to get local issuer certificate (_ssl.c:1000)
2024-07-10 20:16:03,424: alpaca.trading.stream: INFO: starting trading websocket connection
2024-07-10 20:16:03,468: backtest_stats: INFO: Backtest took 0:00:04.297154 for a speed of 0.000
