2024-07-10 21:35:25,829: asyncio: INFO: [MLTrader] Executing the initialize lifecycle method
2024-07-10 21:35:25,883: alpaca.trading.stream: INFO: connected to: BaseURL.TRADING_STREAM_PAPER
2024-07-10 21:35:26,324: root: INFO: Current backtesting datetime 2020-01-02 08:30:00-05:00
2024-07-10 21:35:26,325: asyncio: INFO: [MLTrader] Executing the before_market_opens lifecycle method
2024-07-10 21:35:26,325: root: INFO: Current backtesting datetime 2020-01-02 09:30:00-05:00
2024-07-10 21:35:26,325: asyncio: INFO: [MLTrader] Executing the before_starting_trading lifecycle method
2024-07-10 21:35:26,325: asyncio: INFO: [MLTrader] Executing the on_trading_iteration lifecycle method at 2024-07-10 21:35:26
2024-07-10 21:35:26,326: root: WARNING: quote is not implemented for YahooData, but USD was passed as the quote
2024-07-10 21:35:27,011: root: WARNING: quote is not implemented for YahooData, but USD was passed as the quote
2024-07-10 21:35:27,872: asyncio: INFO: [MLTrader] Trading iteration ended at 2024-07-10 21:35:27
2024-07-10 21:35:27,873: asyncio: INFO: [MLTrader] Sleeping for 86400 seconds
2024-07-10 21:35:27,873: root: INFO: Current backtesting datetime 2020-01-02 16:00:00-05:00
2024-07-10 21:35:27,874: root: INFO: Current backtesting datetime 2020-01-03 09:30:00-05:00
2024-07-10 21:35:27,874: asyncio: INFO: [MLTrader] Executing the on_trading_iteration lifecycle method at 2024-07-10 21:35:27
2024-07-10 21:35:27,874: root: WARNING: quote is not implemented for YahooData, but USD was passed as the quote
2024-07-10 21:35:27,874: root: WARNING: quote is not implemented for YahooData, but USD was passed as the quote
2024-07-10 21:35:28,062: asyncio: INFO: [MLTrader] Trading iteration ended at 2024-07-10 21:35:28
2024-07-10 21:35:28,063: asyncio: INFO: [MLTrader] Sleeping for 86400 seconds
2024-07-10 21:35:28,063: root: INFO: Current backtesting datetime 2020-01-03 16:00:00-05:00
2024-07-10 21:35:28,063: root: INFO: Current backtesting datetime 2020-01-04 09:30:00-05:00
2024-07-10 21:35:28,064: asyncio: INFO: [MLTrader] The market is not currently open, skipping this trading iteration
2024-07-10 21:35:28,064: root: INFO: Current backtesting datetime 2020-01-04 09:29:00-05:00
2024-07-10 21:35:28,065: root: INFO: Current backtesting datetime 2020-01-04 09:29:00-05:00
2024-07-10 21:35:28,065: asyncio: INFO: [MLTrader] Executing the after_market_closes lifecycle method
2024-07-10 21:35:28,065: root: INFO: Current backtesting datetime 2020-01-06 08:30:00-05:00
2024-07-10 21:35:28,065: asyncio: INFO: [MLTrader] Executing the before_market_opens lifecycle method
2024-07-10 21:35:28,065: root: INFO: Current backtesting datetime 2020-01-06 09:30:00-05:00
2024-07-10 21:35:28,066: asyncio: INFO: [MLTrader] Executing the before_starting_trading lifecycle method
2024-07-10 21:35:28,066: asyncio: INFO: [MLTrader] Executing the on_trading_iteration lifecycle method at 2024-07-10 21:35:28
2024-07-10 21:35:28,066: root: WARNING: quote is not implemented for YahooData, but USD was passed as the quote
2024-07-10 21:35:28,067: root: WARNING: quote is not implemented for YahooData, but USD was passed as the quote
2024-07-10 21:35:28,284: asyncio: INFO: [MLTrader] Trading iteration ended at 2024-07-10 21:35:28
2024-07-10 21:35:28,285: asyncio: INFO: [MLTrader] Sleeping for 86400 seconds
2024-07-10 21:35:28,285: root: INFO: Current backtesting datetime 2020-01-06 16:00:00-05:00
2024-07-10 21:35:28,285: root: INFO: Current backtesting datetime 2020-01-07 09:30:00-05:00
2024-07-10 21:35:28,286: asyncio: INFO: [MLTrader] Executing the on_trading_iteration lifecycle method at 2024-07-10 21:35:28
2024-07-10 21:35:28,286: root: WARNING: quote is not implemented for YahooData, but USD was passed as the quote
2024-07-10 21:35:28,286: root: WARNING: quote is not implemented for YahooData, but USD was passed as the quote
2024-07-10 21:35:28,566: asyncio: INFO: [MLTrader] Trading iteration ended at 2024-07-10 21:35:28
2024-07-10 21:35:28,567: asyncio: INFO: [MLTrader] Sleeping for 86400 seconds
2024-07-10 21:35:28,568: root: INFO: Current backtesting datetime 2020-01-07 16:00:00-05:00
2024-07-10 21:35:28,568: root: INFO: Current backtesting datetime 2020-01-08 09:30:00-05:00
2024-07-10 21:35:28,568: asyncio: INFO: [MLTrader] Executing the on_trading_iteration lifecycle method at 2024-07-10 21:35:28
2024-07-10 21:35:28,568: root: WARNING: quote is not implemented for YahooData, but USD was passed as the quote
2024-07-10 21:35:28,574: root: WARNING: quote is not implemented for YahooData, but USD was passed as the quote
2024-07-10 21:35:28,832: asyncio: INFO: [MLTrader] Trading iteration ended at 2024-07-10 21:35:28
2024-07-10 21:35:28,833: asyncio: INFO: [MLTrader] Sleeping for 86400 seconds
2024-07-10 21:35:28,833: root: INFO: Current backtesting datetime 2020-01-08 16:00:00-05:00
2024-07-10 21:35:28,833: root: INFO: Current backtesting datetime 2020-01-09 09:30:00-05:00
2024-07-10 21:35:28,834: asyncio: INFO: [MLTrader] Executing the on_trading_iteration lifecycle method at 2024-07-10 21:35:28
2024-07-10 21:35:28,834: root: WARNING: quote is not implemented for YahooData, but USD was passed as the quote
2024-07-10 21:35:28,834: root: WARNING: quote is not implemented for YahooData, but USD was passed as the quote
2024-07-10 21:35:29,034: asyncio: INFO: [MLTrader] Trading iteration ended at 2024-07-10 21:35:29
2024-07-10 21:35:29,035: asyncio: INFO: [MLTrader] Sleeping for 86400 seconds
2024-07-10 21:35:29,035: root: INFO: Current backtesting datetime 2020-01-09 16:00:00-05:00
2024-07-10 21:35:29,035: root: INFO: Current backtesting datetime 2020-01-10 09:30:00-05:00
2024-07-10 21:35:29,035: asyncio: INFO: [MLTrader] Executing the on_trading_iteration lifecycle method at 2024-07-10 21:35:29
2024-07-10 21:35:29,035: root: WARNING: quote is not implemented for YahooData, but USD was passed as the quote
2024-07-10 21:35:29,036: root: WARNING: quote is not implemented for YahooData, but USD was passed as the quote
2024-07-10 21:35:29,212: asyncio: INFO: [MLTrader] Trading iteration ended at 2024-07-10 21:35:29
2024-07-10 21:35:29,212: asyncio: INFO: [MLTrader] Sleeping for 86400 seconds
2024-07-10 21:35:29,213: root: INFO: Current backtesting datetime 2020-01-10 16:00:00-05:00
2024-07-10 21:35:29,213: root: INFO: Current backtesting datetime 2020-01-11 09:30:00-05:00
2024-07-10 21:35:29,213: asyncio: INFO: [MLTrader] The market is not currently open, skipping this trading iteration
2024-07-10 21:35:29,214: root: INFO: Current backtesting datetime 2020-01-11 09:29:00-05:00
2024-07-10 21:35:29,214: root: INFO: Current backtesting datetime 2020-01-11 09:29:00-05:00
2024-07-10 21:35:29,214: asyncio: INFO: [MLTrader] Executing the after_market_closes lifecycle method
2024-07-10 21:35:29,214: root: INFO: Current backtesting datetime 2020-01-13 08:30:00-05:00
2024-07-10 21:35:29,215: asyncio: INFO: [MLTrader] Executing the before_market_opens lifecycle method
2024-07-10 21:35:29,215: root: INFO: Current backtesting datetime 2020-01-13 09:30:00-05:00
2024-07-10 21:35:29,215: asyncio: INFO: [MLTrader] Executing the before_starting_trading lifecycle method
2024-07-10 21:35:29,215: asyncio: INFO: [MLTrader] Executing the on_trading_iteration lifecycle method at 2024-07-10 21:35:29
2024-07-10 21:35:29,215: root: WARNING: quote is not implemented for YahooData, but USD was passed as the quote
2024-07-10 21:35:29,242: root: WARNING: quote is not implemented for YahooData, but USD was passed as the quote
2024-07-10 21:35:29,421: asyncio: INFO: [MLTrader] Trading iteration ended at 2024-07-10 21:35:29
2024-07-10 21:35:29,422: asyncio: INFO: [MLTrader] Sleeping for 86400 seconds
2024-07-10 21:35:29,422: root: INFO: Current backtesting datetime 2020-01-13 16:00:00-05:00
2024-07-10 21:35:29,422: root: INFO: Current backtesting datetime 2020-01-14 09:30:00-05:00
2024-07-10 21:35:29,423: asyncio: INFO: [MLTrader] Executing the on_trading_iteration lifecycle method at 2024-07-10 21:35:29
2024-07-10 21:35:29,423: root: WARNING: quote is not implemented for YahooData, but USD was passed as the quote
2024-07-10 21:35:29,423: root: WARNING: quote is not implemented for YahooData, but USD was passed as the quote
2024-07-10 21:35:29,587: asyncio: INFO: [MLTrader] Trading iteration ended at 2024-07-10 21:35:29
2024-07-10 21:35:29,588: asyncio: INFO: [MLTrader] Sleeping for 86400 seconds
2024-07-10 21:35:29,588: root: INFO: Current backtesting datetime 2020-01-14 16:00:00-05:00
2024-07-10 21:35:29,588: root: INFO: Current backtesting datetime 2020-01-15 09:30:00-05:00
2024-07-10 21:35:29,588: asyncio: INFO: [MLTrader] Executing the on_trading_iteration lifecycle method at 2024-07-10 21:35:29
2024-07-10 21:35:29,589: root: WARNING: quote is not implemented for YahooData, but USD was passed as the quote
2024-07-10 21:35:29,589: root: WARNING: quote is not implemented for YahooData, but USD was passed as the quote
2024-07-10 21:35:29,842: asyncio: INFO: [MLTrader] Trading iteration ended at 2024-07-10 21:35:29
2024-07-10 21:35:29,843: asyncio: INFO: [MLTrader] Sleeping for 86400 seconds
2024-07-10 21:35:29,843: root: INFO: Current backtesting datetime 2020-01-15 16:00:00-05:00
2024-07-10 21:35:29,843: root: INFO: Current backtesting datetime 2020-01-16 09:30:00-05:00
2024-07-10 21:35:29,843: asyncio: INFO: [MLTrader] Executing the on_trading_iteration lifecycle method at 2024-07-10 21:35:29
2024-07-10 21:35:29,843: root: WARNING: quote is not implemented for YahooData, but USD was passed as the quote
2024-07-10 21:35:29,844: root: WARNING: quote is not implemented for YahooData, but USD was passed as the quote
2024-07-10 21:35:30,046: asyncio: INFO: [MLTrader] Trading iteration ended at 2024-07-10 21:35:30
2024-07-10 21:35:30,047: asyncio: INFO: [MLTrader] Sleeping for 86400 seconds
2024-07-10 21:35:30,047: root: INFO: Current backtesting datetime 2020-01-16 16:00:00-05:00
2024-07-10 21:35:30,047: root: INFO: Current backtesting datetime 2020-01-17 09:30:00-05:00
2024-07-10 21:35:30,047: asyncio: INFO: [MLTrader] Executing the on_trading_iteration lifecycle method at 2024-07-10 21:35:30
2024-07-10 21:35:30,048: root: WARNING: quote is not implemented for YahooData, but USD was passed as the quote
2024-07-10 21:35:30,048: root: WARNING: quote is not implemented for YahooData, but USD was passed as the quote
2024-07-10 21:35:30,252: asyncio: INFO: [MLTrader] Trading iteration ended at 2024-07-10 21:35:30
2024-07-10 21:35:30,253: asyncio: INFO: [MLTrader] Sleeping for 86400 seconds
2024-07-10 21:35:30,253: root: INFO: Current backtesting datetime 2020-01-17 16:00:00-05:00
2024-07-10 21:35:30,254: root: INFO: Current backtesting datetime 2020-01-18 09:30:00-05:00
2024-07-10 21:35:30,254: asyncio: INFO: [MLTrader] The market is not currently open, skipping this trading iteration
2024-07-10 21:35:30,254: root: INFO: Current backtesting datetime 2020-01-18 09:29:00-05:00
2024-07-10 21:35:30,255: root: INFO: Current backtesting datetime 2020-01-18 09:29:00-05:00
2024-07-10 21:35:30,255: asyncio: INFO: [MLTrader] Executing the after_market_closes lifecycle method
2024-07-10 21:35:30,255: root: INFO: Current backtesting datetime 2020-01-21 08:30:00-05:00
2024-07-10 21:35:30,255: asyncio: INFO: [MLTrader] Executing the before_market_opens lifecycle method
2024-07-10 21:35:30,256: root: INFO: Current backtesting datetime 2020-01-21 09:30:00-05:00
2024-07-10 21:35:30,256: asyncio: INFO: [MLTrader] Executing the before_starting_trading lifecycle method
2024-07-10 21:35:30,256: asyncio: INFO: [MLTrader] Executing the on_trading_iteration lifecycle method at 2024-07-10 21:35:30
2024-07-10 21:35:30,256: root: WARNING: quote is not implemented for YahooData, but USD was passed as the quote
2024-07-10 21:35:30,257: root: WARNING: quote is not implemented for YahooData, but USD was passed as the quote
2024-07-10 21:35:30,336: asyncio: INFO: [MLTrader] Trading iteration ended at 2024-07-10 21:35:30
2024-07-10 21:35:30,337: asyncio: INFO: [MLTrader] Sleeping for 86400 seconds
2024-07-10 21:35:30,338: root: INFO: Current backtesting datetime 2020-01-21 16:00:00-05:00
2024-07-10 21:35:30,338: root: INFO: Current backtesting datetime 2020-01-22 09:30:00-05:00
2024-07-10 21:35:30,338: asyncio: INFO: [MLTrader] Executing the on_trading_iteration lifecycle method at 2024-07-10 21:35:30
2024-07-10 21:35:30,338: root: WARNING: quote is not implemented for YahooData, but USD was passed as the quote
2024-07-10 21:35:30,339: root: WARNING: quote is not implemented for YahooData, but USD was passed as the quote
2024-07-10 21:35:30,494: asyncio: INFO: [MLTrader] Trading iteration ended at 2024-07-10 21:35:30
2024-07-10 21:35:30,495: asyncio: INFO: [MLTrader] Sleeping for 86400 seconds
2024-07-10 21:35:30,495: root: INFO: Current backtesting datetime 2020-01-22 16:00:00-05:00
2024-07-10 21:35:30,495: root: INFO: Current backtesting datetime 2020-01-23 09:30:00-05:00
2024-07-10 21:35:30,496: asyncio: INFO: [MLTrader] Executing the on_trading_iteration lifecycle method at 2024-07-10 21:35:30
2024-07-10 21:35:30,496: root: WARNING: quote is not implemented for YahooData, but USD was passed as the quote
2024-07-10 21:35:30,496: root: WARNING: quote is not implemented for YahooData, but USD was passed as the quote
2024-07-10 21:35:30,634: asyncio: INFO: [MLTrader] Trading iteration ended at 2024-07-10 21:35:30
2024-07-10 21:35:30,634: asyncio: INFO: [MLTrader] Sleeping for 86400 seconds
2024-07-10 21:35:30,635: root: INFO: Current backtesting datetime 2020-01-23 16:00:00-05:00
2024-07-10 21:35:30,635: root: INFO: Current backtesting datetime 2020-01-24 09:30:00-05:00
2024-07-10 21:35:30,635: asyncio: INFO: [MLTrader] Executing the on_trading_iteration lifecycle method at 2024-07-10 21:35:30
2024-07-10 21:35:30,635: root: WARNING: quote is not implemented for YahooData, but USD was passed as the quote
2024-07-10 21:35:30,636: root: WARNING: quote is not implemented for YahooData, but USD was passed as the quote
2024-07-10 21:35:30,838: asyncio: INFO: [MLTrader] Trading iteration ended at 2024-07-10 21:35:30
2024-07-10 21:35:30,839: asyncio: INFO: [MLTrader] Sleeping for 86400 seconds
2024-07-10 21:35:30,839: root: INFO: Current backtesting datetime 2020-01-24 16:00:00-05:00
2024-07-10 21:35:30,839: root: INFO: Current backtesting datetime 2020-01-25 09:30:00-05:00
2024-07-10 21:35:30,839: asyncio: INFO: [MLTrader] The market is not currently open, skipping this trading iteration
2024-07-10 21:35:30,840: root: INFO: Current backtesting datetime 2020-01-25 09:29:00-05:00
2024-07-10 21:35:30,840: root: INFO: Current backtesting datetime 2020-01-25 09:29:00-05:00
2024-07-10 21:35:30,840: asyncio: INFO: [MLTrader] Executing the after_market_closes lifecycle method
2024-07-10 21:35:30,840: root: INFO: Current backtesting datetime 2020-01-27 08:30:00-05:00
2024-07-10 21:35:30,841: asyncio: INFO: [MLTrader] Executing the before_market_opens lifecycle method
2024-07-10 21:35:30,841: root: INFO: Current backtesting datetime 2020-01-27 09:30:00-05:00
2024-07-10 21:35:30,841: asyncio: INFO: [MLTrader] Executing the before_starting_trading lifecycle method
2024-07-10 21:35:30,841: asyncio: INFO: [MLTrader] Executing the on_trading_iteration lifecycle method at 2024-07-10 21:35:30
2024-07-10 21:35:30,842: root: WARNING: quote is not implemented for YahooData, but USD was passed as the quote
2024-07-10 21:35:30,842: root: WARNING: quote is not implemented for YahooData, but USD was passed as the quote
2024-07-10 21:35:31,041: asyncio: INFO: [MLTrader] Trading iteration ended at 2024-07-10 21:35:31
2024-07-10 21:35:31,042: asyncio: INFO: [MLTrader] Sleeping for 86400 seconds
2024-07-10 21:35:31,042: root: INFO: Current backtesting datetime 2020-01-27 16:00:00-05:00
2024-07-10 21:35:31,042: root: INFO: Current backtesting datetime 2020-01-28 09:30:00-05:00
2024-07-10 21:35:31,043: asyncio: INFO: [MLTrader] Executing the on_trading_iteration lifecycle method at 2024-07-10 21:35:31
2024-07-10 21:35:31,043: root: WARNING: quote is not implemented for YahooData, but USD was passed as the quote
2024-07-10 21:35:31,043: root: WARNING: quote is not implemented for YahooData, but USD was passed as the quote
2024-07-10 21:35:31,244: asyncio: INFO: [MLTrader] Trading iteration ended at 2024-07-10 21:35:31
2024-07-10 21:35:31,245: asyncio: INFO: [MLTrader] Sleeping for 86400 seconds
2024-07-10 21:35:31,245: root: INFO: Current backtesting datetime 2020-01-28 16:00:00-05:00
2024-07-10 21:35:31,245: root: INFO: Current backtesting datetime 2020-01-29 09:30:00-05:00
2024-07-10 21:35:31,245: asyncio: INFO: [MLTrader] Executing the on_trading_iteration lifecycle method at 2024-07-10 21:35:31
2024-07-10 21:35:31,245: root: WARNING: quote is not implemented for YahooData, but USD was passed as the quote
2024-07-10 21:35:31,246: root: WARNING: quote is not implemented for YahooData, but USD was passed as the quote
2024-07-10 21:35:31,402: asyncio: INFO: [MLTrader] Trading iteration ended at 2024-07-10 21:35:31
2024-07-10 21:35:31,403: asyncio: INFO: [MLTrader] Sleeping for 86400 seconds
2024-07-10 21:35:31,403: root: INFO: Current backtesting datetime 2020-01-29 16:00:00-05:00
2024-07-10 21:35:31,403: root: INFO: Current backtesting datetime 2020-01-30 09:30:00-05:00
2024-07-10 21:35:31,404: asyncio: INFO: [MLTrader] Executing the on_trading_iteration lifecycle method at 2024-07-10 21:35:31
2024-07-10 21:35:31,404: root: WARNING: quote is not implemented for YahooData, but USD was passed as the quote
2024-07-10 21:35:31,404: root: WARNING: quote is not implemented for YahooData, but USD was passed as the quote
2024-07-10 21:35:31,588: asyncio: INFO: [MLTrader] Trading iteration ended at 2024-07-10 21:35:31
2024-07-10 21:35:31,589: asyncio: INFO: [MLTrader] Sleeping for 86400 seconds
2024-07-10 21:35:31,589: root: INFO: Current backtesting datetime 2020-01-30 16:00:00-05:00
2024-07-10 21:35:31,589: root: INFO: Current backtesting datetime 2020-01-31 09:30:00-05:00
2024-07-10 21:35:31,589: asyncio: INFO: [MLTrader] Executing the on_trading_iteration lifecycle method at 2024-07-10 21:35:31
2024-07-10 21:35:31,590: root: WARNING: quote is not implemented for YahooData, but USD was passed as the quote
2024-07-10 21:35:31,590: root: WARNING: quote is not implemented for YahooData, but USD was passed as the quote
2024-07-10 21:35:31,786: asyncio: INFO: [MLTrader] Trading iteration ended at 2024-07-10 21:35:31
2024-07-10 21:35:31,787: asyncio: INFO: [MLTrader] Sleeping for 86400 seconds
2024-07-10 21:35:31,787: root: INFO: Current backtesting datetime 2020-01-31 16:00:00-05:00
2024-07-10 21:35:31,787: root: INFO: Current backtesting datetime 2020-02-01 09:30:00-05:00
2024-07-10 21:35:31,787: asyncio: INFO: [MLTrader] The market is not currently open, skipping this trading iteration
2024-07-10 21:35:31,788: root: INFO: Current backtesting datetime 2020-02-01 09:29:00-05:00
2024-07-10 21:35:31,788: root: INFO: Current backtesting datetime 2020-02-01 09:29:00-05:00
2024-07-10 21:35:31,788: asyncio: INFO: [MLTrader] Executing the after_market_closes lifecycle method
2024-07-10 21:35:31,788: root: INFO: Current backtesting datetime 2020-02-03 08:30:00-05:00
2024-07-10 21:35:31,788: asyncio: INFO: [MLTrader] Executing the before_market_opens lifecycle method
2024-07-10 21:35:31,789: root: INFO: Current backtesting datetime 2020-02-03 09:30:00-05:00
2024-07-10 21:35:31,789: asyncio: INFO: [MLTrader] Executing the before_starting_trading lifecycle method
2024-07-10 21:35:31,789: asyncio: INFO: [MLTrader] Executing the on_trading_iteration lifecycle method at 2024-07-10 21:35:31
2024-07-10 21:35:31,789: root: WARNING: quote is not implemented for YahooData, but USD was passed as the quote
2024-07-10 21:35:31,790: root: WARNING: quote is not implemented for YahooData, but USD was passed as the quote
2024-07-10 21:35:31,949: asyncio: INFO: [MLTrader] New order was created: market order of | 155.0 SPY sell | at price $258.6800048828125 of class bracket with status new
2024-07-10 21:35:31,954: asyncio: INFO: [MLTrader] Trading iteration ended at 2024-07-10 21:35:31
2024-07-10 21:35:31,954: asyncio: INFO: [MLTrader] Getting historical prices for SPY, 1 bars, 
2024-07-10 21:35:31,954: root: WARNING: quote is not implemented for YahooData, but USD was passed as the quote
2024-07-10 21:35:31,954: root: WARNING: quote is not implemented for YahooData, but USD was passed as the quote
2024-07-10 21:35:31,955: root: INFO: market order of | 155.0 SPY sell | at price $258.6800048828125 of class bracket with status new was sent to broker backtesting
2024-07-10 21:35:31,955: root: INFO: market order of | 155.0 SPY sell | at price $258.6800048828125 of class bracket with status new was sent to broker backtesting
2024-07-10 21:35:31,955: asyncio: INFO: [MLTrader] Order was filled: market order of | 155.0 SPY sell | at price $323.35 of class bracket with status fill
2024-07-10 21:35:31,957: asyncio: INFO: [MLTrader] Sleeping for 86400 seconds
2024-07-10 21:35:31,957: root: INFO: Current backtesting datetime 2020-02-03 16:00:00-05:00
2024-07-10 21:35:31,957: root: INFO: Current backtesting datetime 2020-02-04 09:30:00-05:00
2024-07-10 21:35:31,958: asyncio: INFO: [MLTrader] Executing the on_trading_iteration lifecycle method at 2024-07-10 21:35:31
2024-07-10 21:35:31,958: root: WARNING: quote is not implemented for YahooData, but USD was passed as the quote
2024-07-10 21:35:31,958: root: WARNING: quote is not implemented for YahooData, but USD was passed as the quote
2024-07-10 21:35:32,086: asyncio: INFO: [MLTrader] Trading iteration ended at 2024-07-10 21:35:32
2024-07-10 21:35:32,086: asyncio: INFO: [MLTrader] Getting historical prices for SPY, 1 bars, 
2024-07-10 21:35:32,086: root: WARNING: quote is not implemented for YahooData, but USD was passed as the quote
2024-07-10 21:35:32,087: root: WARNING: quote is not implemented for YahooData, but USD was passed as the quote
2024-07-10 21:35:32,087: asyncio: INFO: [MLTrader] Getting historical prices for SPY, 1 bars, 
2024-07-10 21:35:32,087: root: WARNING: quote is not implemented for YahooData, but USD was passed as the quote
2024-07-10 21:35:32,087: root: WARNING: quote is not implemented for YahooData, but USD was passed as the quote
2024-07-10 21:35:32,088: asyncio: INFO: [MLTrader] Sleeping for 86400 seconds
2024-07-10 21:35:32,088: root: INFO: Current backtesting datetime 2020-02-04 16:00:00-05:00
2024-07-10 21:35:32,088: root: INFO: Current backtesting datetime 2020-02-05 09:30:00-05:00
2024-07-10 21:35:32,089: asyncio: INFO: [MLTrader] Executing the on_trading_iteration lifecycle method at 2024-07-10 21:35:32
2024-07-10 21:35:32,089: root: WARNING: quote is not implemented for YahooData, but USD was passed as the quote
2024-07-10 21:35:32,089: root: WARNING: quote is not implemented for YahooData, but USD was passed as the quote
2024-07-10 21:35:32,296: asyncio: INFO: [MLTrader] Trading iteration ended at 2024-07-10 21:35:32
2024-07-10 21:35:32,296: asyncio: INFO: [MLTrader] Getting historical prices for SPY, 1 bars, 
2024-07-10 21:35:32,296: root: WARNING: quote is not implemented for YahooData, but USD was passed as the quote
2024-07-10 21:35:32,297: root: WARNING: quote is not implemented for YahooData, but USD was passed as the quote
2024-07-10 21:35:32,297: asyncio: INFO: [MLTrader] Getting historical prices for SPY, 1 bars, 
2024-07-10 21:35:32,297: root: WARNING: quote is not implemented for YahooData, but USD was passed as the quote
2024-07-10 21:35:32,297: root: WARNING: quote is not implemented for YahooData, but USD was passed as the quote
2024-07-10 21:35:32,298: asyncio: INFO: [MLTrader] Sleeping for 86400 seconds
2024-07-10 21:35:32,298: root: INFO: Current backtesting datetime 2020-02-05 16:00:00-05:00
2024-07-10 21:35:32,298: root: INFO: Current backtesting datetime 2020-02-06 09:30:00-05:00
2024-07-10 21:35:32,298: asyncio: INFO: [MLTrader] Executing the on_trading_iteration lifecycle method at 2024-07-10 21:35:32
2024-07-10 21:35:32,299: root: WARNING: quote is not implemented for YahooData, but USD was passed as the quote
2024-07-10 21:35:32,299: root: WARNING: quote is not implemented for YahooData, but USD was passed as the quote
2024-07-10 21:35:32,466: asyncio: INFO: [MLTrader] Trading iteration ended at 2024-07-10 21:35:32
2024-07-10 21:35:32,466: asyncio: INFO: [MLTrader] Getting historical prices for SPY, 1 bars, 
2024-07-10 21:35:32,466: root: WARNING: quote is not implemented for YahooData, but USD was passed as the quote
2024-07-10 21:35:32,466: root: WARNING: quote is not implemented for YahooData, but USD was passed as the quote
2024-07-10 21:35:32,466: asyncio: INFO: [MLTrader] Getting historical prices for SPY, 1 bars, 
2024-07-10 21:35:32,466: root: WARNING: quote is not implemented for YahooData, but USD was passed as the quote
2024-07-10 21:35:32,467: root: WARNING: quote is not implemented for YahooData, but USD was passed as the quote
2024-07-10 21:35:32,467: asyncio: INFO: [MLTrader] Sleeping for 86400 seconds
2024-07-10 21:35:32,468: root: INFO: Current backtesting datetime 2020-02-06 16:00:00-05:00
2024-07-10 21:35:32,468: root: INFO: Current backtesting datetime 2020-02-07 09:30:00-05:00
2024-07-10 21:35:32,468: asyncio: INFO: [MLTrader] Executing the on_trading_iteration lifecycle method at 2024-07-10 21:35:32
2024-07-10 21:35:32,468: root: WARNING: quote is not implemented for YahooData, but USD was passed as the quote
2024-07-10 21:35:32,469: root: WARNING: quote is not implemented for YahooData, but USD was passed as the quote
2024-07-10 21:35:32,847: asyncio: INFO: [MLTrader] Trading iteration ended at 2024-07-10 21:35:32
2024-07-10 21:35:32,847: asyncio: INFO: [MLTrader] Getting historical prices for SPY, 1 bars, 
2024-07-10 21:35:32,847: root: WARNING: quote is not implemented for YahooData, but USD was passed as the quote
2024-07-10 21:35:32,848: root: WARNING: quote is not implemented for YahooData, but USD was passed as the quote
2024-07-10 21:35:32,848: asyncio: INFO: [MLTrader] Getting historical prices for SPY, 1 bars, 
2024-07-10 21:35:32,848: root: WARNING: quote is not implemented for YahooData, but USD was passed as the quote
2024-07-10 21:35:32,849: root: WARNING: quote is not implemented for YahooData, but USD was passed as the quote
2024-07-10 21:35:32,849: asyncio: INFO: [MLTrader] Sleeping for 86400 seconds
2024-07-10 21:35:32,849: root: INFO: Current backtesting datetime 2020-02-07 16:00:00-05:00
2024-07-10 21:35:32,849: root: INFO: Current backtesting datetime 2020-02-08 09:30:00-05:00
2024-07-10 21:35:32,850: asyncio: INFO: [MLTrader] The market is not currently open, skipping this trading iteration
2024-07-10 21:35:32,850: asyncio: INFO: [MLTrader] Getting historical prices for SPY, 1 bars, 
2024-07-10 21:35:32,850: root: WARNING: quote is not implemented for YahooData, but USD was passed as the quote
2024-07-10 21:35:32,850: root: WARNING: quote is not implemented for YahooData, but USD was passed as the quote
2024-07-10 21:35:32,850: asyncio: INFO: [MLTrader] Getting historical prices for SPY, 1 bars, 
2024-07-10 21:35:32,850: root: WARNING: quote is not implemented for YahooData, but USD was passed as the quote
2024-07-10 21:35:32,851: root: WARNING: quote is not implemented for YahooData, but USD was passed as the quote
2024-07-10 21:35:32,851: asyncio: INFO: [MLTrader] Getting historical prices for SPY, 1 bars, 
2024-07-10 21:35:32,851: root: WARNING: quote is not implemented for YahooData, but USD was passed as the quote
2024-07-10 21:35:32,851: root: WARNING: quote is not implemented for YahooData, but USD was passed as the quote
2024-07-10 21:35:32,851: asyncio: INFO: [MLTrader] Getting historical prices for SPY, 1 bars, 
2024-07-10 21:35:32,851: root: WARNING: quote is not implemented for YahooData, but USD was passed as the quote
2024-07-10 21:35:32,851: root: WARNING: quote is not implemented for YahooData, but USD was passed as the quote
2024-07-10 21:35:32,852: root: INFO: Current backtesting datetime 2020-02-08 09:29:00-05:00
2024-07-10 21:35:32,852: asyncio: INFO: [MLTrader] Getting historical prices for SPY, 1 bars, 
2024-07-10 21:35:32,852: root: WARNING: quote is not implemented for YahooData, but USD was passed as the quote
2024-07-10 21:35:32,852: root: WARNING: quote is not implemented for YahooData, but USD was passed as the quote
2024-07-10 21:35:32,852: asyncio: INFO: [MLTrader] Getting historical prices for SPY, 1 bars, 
2024-07-10 21:35:32,852: root: WARNING: quote is not implemented for YahooData, but USD was passed as the quote
2024-07-10 21:35:32,852: root: WARNING: quote is not implemented for YahooData, but USD was passed as the quote
2024-07-10 21:35:32,853: root: INFO: Current backtesting datetime 2020-02-08 09:29:00-05:00
2024-07-10 21:35:32,853: asyncio: INFO: [MLTrader] Executing the after_market_closes lifecycle method
2024-07-10 21:35:32,853: asyncio: INFO: [MLTrader] Getting historical prices for SPY, 1 bars, 
2024-07-10 21:35:32,853: root: WARNING: quote is not implemented for YahooData, but USD was passed as the quote
2024-07-10 21:35:32,853: root: WARNING: quote is not implemented for YahooData, but USD was passed as the quote
2024-07-10 21:35:32,853: asyncio: INFO: [MLTrader] Getting historical prices for SPY, 1 bars, 
2024-07-10 21:35:32,853: root: WARNING: quote is not implemented for YahooData, but USD was passed as the quote
2024-07-10 21:35:32,853: root: WARNING: quote is not implemented for YahooData, but USD was passed as the quote
2024-07-10 21:35:32,854: root: INFO: Current backtesting datetime 2020-02-10 08:30:00-05:00
2024-07-10 21:35:32,854: root: WARNING: quote is not implemented for YahooData, but USD was passed as the quote
2024-07-10 21:35:32,856: root: WARNING: quote is not implemented for YahooData, but USD was passed as the quote
2024-07-10 21:35:32,856: asyncio: INFO: [MLTrader] Executing the before_market_opens lifecycle method
2024-07-10 21:35:32,856: asyncio: INFO: [MLTrader] Getting historical prices for SPY, 1 bars, 
2024-07-10 21:35:32,856: root: WARNING: quote is not implemented for YahooData, but USD was passed as the quote
2024-07-10 21:35:32,856: root: WARNING: quote is not implemented for YahooData, but USD was passed as the quote
2024-07-10 21:35:32,856: asyncio: INFO: [MLTrader] Getting historical prices for SPY, 1 bars, 
2024-07-10 21:35:32,856: root: WARNING: quote is not implemented for YahooData, but USD was passed as the quote
2024-07-10 21:35:32,856: root: WARNING: quote is not implemented for YahooData, but USD was passed as the quote
2024-07-10 21:35:32,857: root: INFO: Current backtesting datetime 2020-02-10 09:30:00-05:00
2024-07-10 21:35:32,857: asyncio: INFO: [MLTrader] Executing the before_starting_trading lifecycle method
2024-07-10 21:35:32,857: asyncio: INFO: [MLTrader] Executing the on_trading_iteration lifecycle method at 2024-07-10 21:35:32
2024-07-10 21:35:32,858: root: WARNING: quote is not implemented for YahooData, but USD was passed as the quote
2024-07-10 21:35:32,858: root: WARNING: quote is not implemented for YahooData, but USD was passed as the quote
2024-07-10 21:35:33,118: asyncio: INFO: [MLTrader] New order was created: market order of | 227.0 SPY sell | at price $264.9840087890625 of class bracket with status new
2024-07-10 21:35:33,120: asyncio: INFO: [MLTrader] Trading iteration ended at 2024-07-10 21:35:33
2024-07-10 21:35:33,121: asyncio: INFO: [MLTrader] Getting historical prices for SPY, 1 bars, 
2024-07-10 21:35:33,121: root: WARNING: quote is not implemented for YahooData, but USD was passed as the quote
2024-07-10 21:35:33,121: root: WARNING: quote is not implemented for YahooData, but USD was passed as the quote
2024-07-10 21:35:33,121: asyncio: INFO: [MLTrader] Getting historical prices for SPY, 1 bars, 
2024-07-10 21:35:33,121: root: WARNING: quote is not implemented for YahooData, but USD was passed as the quote
2024-07-10 21:35:33,122: root: WARNING: quote is not implemented for YahooData, but USD was passed as the quote
2024-07-10 21:35:33,122: asyncio: INFO: [MLTrader] Getting historical prices for SPY, 1 bars, 
2024-07-10 21:35:33,122: root: WARNING: quote is not implemented for YahooData, but USD was passed as the quote
2024-07-10 21:35:33,122: root: WARNING: quote is not implemented for YahooData, but USD was passed as the quote
2024-07-10 21:35:33,122: root: INFO: market order of | 227.0 SPY sell | at price $264.9840087890625 of class bracket with status new was sent to broker backtesting
2024-07-10 21:35:33,122: root: INFO: market order of | 227.0 SPY sell | at price $264.9840087890625 of class bracket with status new was sent to broker backtesting
2024-07-10 21:35:33,122: asyncio: INFO: [MLTrader] Order was filled: market order of | 227.0 SPY sell | at price $331.23 of class bracket with status fill
2024-07-10 21:35:33,124: asyncio: INFO: [MLTrader] Sleeping for 86400 seconds
2024-07-10 21:35:33,124: root: INFO: Current backtesting datetime 2020-02-10 16:00:00-05:00
2024-07-10 21:35:33,124: root: INFO: Current backtesting datetime 2020-02-11 09:30:00-05:00
2024-07-10 21:35:33,125: asyncio: INFO: [MLTrader] Executing the on_trading_iteration lifecycle method at 2024-07-10 21:35:33
2024-07-10 21:35:33,125: root: WARNING: quote is not implemented for YahooData, but USD was passed as the quote
2024-07-10 21:35:33,126: root: WARNING: quote is not implemented for YahooData, but USD was passed as the quote
2024-07-10 21:35:33,321: asyncio: INFO: [MLTrader] Trading iteration ended at 2024-07-10 21:35:33
2024-07-10 21:35:33,321: asyncio: INFO: [MLTrader] Getting historical prices for SPY, 1 bars, 
2024-07-10 21:35:33,321: root: WARNING: quote is not implemented for YahooData, but USD was passed as the quote
2024-07-10 21:35:33,322: root: WARNING: quote is not implemented for YahooData, but USD was passed as the quote
2024-07-10 21:35:33,322: asyncio: INFO: [MLTrader] Getting historical prices for SPY, 1 bars, 
2024-07-10 21:35:33,322: root: WARNING: quote is not implemented for YahooData, but USD was passed as the quote
2024-07-10 21:35:33,323: root: WARNING: quote is not implemented for YahooData, but USD was passed as the quote
2024-07-10 21:35:33,323: asyncio: INFO: [MLTrader] Getting historical prices for SPY, 1 bars, 
2024-07-10 21:35:33,323: root: WARNING: quote is not implemented for YahooData, but USD was passed as the quote
2024-07-10 21:35:33,323: root: WARNING: quote is not implemented for YahooData, but USD was passed as the quote
2024-07-10 21:35:33,323: asyncio: INFO: [MLTrader] Getting historical prices for SPY, 1 bars, 
2024-07-10 21:35:33,323: root: WARNING: quote is not implemented for YahooData, but USD was passed as the quote
2024-07-10 21:35:33,323: root: WARNING: quote is not implemented for YahooData, but USD was passed as the quote
2024-07-10 21:35:33,324: asyncio: INFO: [MLTrader] Sleeping for 86400 seconds
2024-07-10 21:35:33,324: root: INFO: Current backtesting datetime 2020-02-11 16:00:00-05:00
2024-07-10 21:35:33,324: root: INFO: Current backtesting datetime 2020-02-12 09:30:00-05:00
2024-07-10 21:35:33,325: asyncio: INFO: [MLTrader] Executing the on_trading_iteration lifecycle method at 2024-07-10 21:35:33
2024-07-10 21:35:33,325: root: WARNING: quote is not implemented for YahooData, but USD was passed as the quote
2024-07-10 21:35:33,325: root: WARNING: quote is not implemented for YahooData, but USD was passed as the quote
2024-07-10 21:35:33,495: asyncio: INFO: [MLTrader] Trading iteration ended at 2024-07-10 21:35:33
2024-07-10 21:35:33,495: asyncio: INFO: [MLTrader] Getting historical prices for SPY, 1 bars, 
2024-07-10 21:35:33,495: root: WARNING: quote is not implemented for YahooData, but USD was passed as the quote
2024-07-10 21:35:33,496: root: WARNING: quote is not implemented for YahooData, but USD was passed as the quote
2024-07-10 21:35:33,496: asyncio: INFO: [MLTrader] Getting historical prices for SPY, 1 bars, 
2024-07-10 21:35:33,496: root: WARNING: quote is not implemented for YahooData, but USD was passed as the quote
2024-07-10 21:35:33,496: root: WARNING: quote is not implemented for YahooData, but USD was passed as the quote
2024-07-10 21:35:33,496: asyncio: INFO: [MLTrader] Getting historical prices for SPY, 1 bars, 
2024-07-10 21:35:33,496: root: WARNING: quote is not implemented for YahooData, but USD was passed as the quote
2024-07-10 21:35:33,496: root: WARNING: quote is not implemented for YahooData, but USD was passed as the quote
2024-07-10 21:35:33,497: asyncio: INFO: [MLTrader] Getting historical prices for SPY, 1 bars, 
2024-07-10 21:35:33,497: root: WARNING: quote is not implemented for YahooData, but USD was passed as the quote
2024-07-10 21:35:33,497: root: WARNING: quote is not implemented for YahooData, but USD was passed as the quote
2024-07-10 21:35:33,497: asyncio: INFO: [MLTrader] Sleeping for 86400 seconds
2024-07-10 21:35:33,498: root: INFO: Current backtesting datetime 2020-02-12 16:00:00-05:00
2024-07-10 21:35:33,498: root: INFO: Current backtesting datetime 2020-02-13 09:30:00-05:00
2024-07-10 21:35:33,498: asyncio: INFO: [MLTrader] Executing the on_trading_iteration lifecycle method at 2024-07-10 21:35:33
2024-07-10 21:35:33,498: root: WARNING: quote is not implemented for YahooData, but USD was passed as the quote
2024-07-10 21:35:33,499: root: WARNING: quote is not implemented for YahooData, but USD was passed as the quote
2024-07-10 21:35:33,666: asyncio: INFO: [MLTrader] New order was created: market order of | 335.0 SPY sell | at price $268.68798828125 of class bracket with status new
2024-07-10 21:35:33,668: asyncio: INFO: [MLTrader] Trading iteration ended at 2024-07-10 21:35:33
2024-07-10 21:35:33,668: asyncio: INFO: [MLTrader] Getting historical prices for SPY, 1 bars, 
2024-07-10 21:35:33,668: root: WARNING: quote is not implemented for YahooData, but USD was passed as the quote
2024-07-10 21:35:33,668: root: WARNING: quote is not implemented for YahooData, but USD was passed as the quote
2024-07-10 21:35:33,668: asyncio: INFO: [MLTrader] Getting historical prices for SPY, 1 bars, 
2024-07-10 21:35:33,668: root: WARNING: quote is not implemented for YahooData, but USD was passed as the quote
2024-07-10 21:35:33,669: root: WARNING: quote is not implemented for YahooData, but USD was passed as the quote
2024-07-10 21:35:33,669: asyncio: INFO: [MLTrader] Getting historical prices for SPY, 1 bars, 
2024-07-10 21:35:33,669: root: WARNING: quote is not implemented for YahooData, but USD was passed as the quote
2024-07-10 21:35:33,669: root: WARNING: quote is not implemented for YahooData, but USD was passed as the quote
2024-07-10 21:35:33,669: asyncio: INFO: [MLTrader] Getting historical prices for SPY, 1 bars, 
2024-07-10 21:35:33,669: root: WARNING: quote is not implemented for YahooData, but USD was passed as the quote
2024-07-10 21:35:33,669: root: WARNING: quote is not implemented for YahooData, but USD was passed as the quote
2024-07-10 21:35:33,669: asyncio: INFO: [MLTrader] Getting historical prices for SPY, 1 bars, 
2024-07-10 21:35:33,669: root: WARNING: quote is not implemented for YahooData, but USD was passed as the quote
2024-07-10 21:35:33,670: root: WARNING: quote is not implemented for YahooData, but USD was passed as the quote
2024-07-10 21:35:33,670: root: INFO: market order of | 335.0 SPY sell | at price $268.68798828125 of class bracket with status new was sent to broker backtesting
2024-07-10 21:35:33,670: root: INFO: market order of | 335.0 SPY sell | at price $268.68798828125 of class bracket with status new was sent to broker backtesting
2024-07-10 21:35:33,670: asyncio: INFO: [MLTrader] Order was filled: market order of | 335.0 SPY sell | at price $335.86 of class bracket with status fill
2024-07-10 21:35:33,672: asyncio: INFO: [MLTrader] Sleeping for 86400 seconds
2024-07-10 21:35:33,672: root: INFO: Current backtesting datetime 2020-02-13 16:00:00-05:00
2024-07-10 21:35:33,672: root: INFO: Current backtesting datetime 2020-02-14 09:30:00-05:00
2024-07-10 21:35:33,673: asyncio: INFO: [MLTrader] Executing the on_trading_iteration lifecycle method at 2024-07-10 21:35:33
2024-07-10 21:35:33,673: root: WARNING: quote is not implemented for YahooData, but USD was passed as the quote
2024-07-10 21:35:33,673: root: WARNING: quote is not implemented for YahooData, but USD was passed as the quote
2024-07-10 21:35:33,896: asyncio: INFO: [MLTrader] Trading iteration ended at 2024-07-10 21:35:33
2024-07-10 21:35:33,896: asyncio: INFO: [MLTrader] Getting historical prices for SPY, 1 bars, 
2024-07-10 21:35:33,896: root: WARNING: quote is not implemented for YahooData, but USD was passed as the quote
2024-07-10 21:35:33,896: root: WARNING: quote is not implemented for YahooData, but USD was passed as the quote
2024-07-10 21:35:33,897: asyncio: INFO: [MLTrader] Getting historical prices for SPY, 1 bars, 
2024-07-10 21:35:33,897: root: WARNING: quote is not implemented for YahooData, but USD was passed as the quote
2024-07-10 21:35:33,897: root: WARNING: quote is not implemented for YahooData, but USD was passed as the quote
2024-07-10 21:35:33,897: asyncio: INFO: [MLTrader] Getting historical prices for SPY, 1 bars, 
2024-07-10 21:35:33,897: root: WARNING: quote is not implemented for YahooData, but USD was passed as the quote
2024-07-10 21:35:33,897: root: WARNING: quote is not implemented for YahooData, but USD was passed as the quote
2024-07-10 21:35:33,897: asyncio: INFO: [MLTrader] Getting historical prices for SPY, 1 bars, 
2024-07-10 21:35:33,898: root: WARNING: quote is not implemented for YahooData, but USD was passed as the quote
2024-07-10 21:35:33,898: root: WARNING: quote is not implemented for YahooData, but USD was passed as the quote
2024-07-10 21:35:33,898: asyncio: INFO: [MLTrader] Getting historical prices for SPY, 1 bars, 
2024-07-10 21:35:33,898: root: WARNING: quote is not implemented for YahooData, but USD was passed as the quote
2024-07-10 21:35:33,898: root: WARNING: quote is not implemented for YahooData, but USD was passed as the quote
2024-07-10 21:35:33,898: asyncio: INFO: [MLTrader] Getting historical prices for SPY, 1 bars, 
2024-07-10 21:35:33,898: root: WARNING: quote is not implemented for YahooData, but USD was passed as the quote
2024-07-10 21:35:33,898: root: WARNING: quote is not implemented for YahooData, but USD was passed as the quote
2024-07-10 21:35:33,899: asyncio: INFO: [MLTrader] Sleeping for 86400 seconds
2024-07-10 21:35:33,899: root: INFO: Current backtesting datetime 2020-02-14 16:00:00-05:00
2024-07-10 21:35:33,899: root: INFO: Current backtesting datetime 2020-02-15 09:30:00-05:00
2024-07-10 21:35:33,900: asyncio: INFO: [MLTrader] The market is not currently open, skipping this trading iteration
2024-07-10 21:35:33,900: asyncio: INFO: [MLTrader] Getting historical prices for SPY, 1 bars, 
2024-07-10 21:35:33,900: root: WARNING: quote is not implemented for YahooData, but USD was passed as the quote
2024-07-10 21:35:33,900: root: WARNING: quote is not implemented for YahooData, but USD was passed as the quote
2024-07-10 21:35:33,900: asyncio: INFO: [MLTrader] Getting historical prices for SPY, 1 bars, 
2024-07-10 21:35:33,900: root: WARNING: quote is not implemented for YahooData, but USD was passed as the quote
2024-07-10 21:35:33,900: root: WARNING: quote is not implemented for YahooData, but USD was passed as the quote
2024-07-10 21:35:33,901: asyncio: INFO: [MLTrader] Getting historical prices for SPY, 1 bars, 
2024-07-10 21:35:33,901: root: WARNING: quote is not implemented for YahooData, but USD was passed as the quote
2024-07-10 21:35:33,901: root: WARNING: quote is not implemented for YahooData, but USD was passed as the quote
2024-07-10 21:35:33,901: asyncio: INFO: [MLTrader] Getting historical prices for SPY, 1 bars, 
2024-07-10 21:35:33,901: root: WARNING: quote is not implemented for YahooData, but USD was passed as the quote
2024-07-10 21:35:33,901: root: WARNING: quote is not implemented for YahooData, but USD was passed as the quote
2024-07-10 21:35:33,901: asyncio: INFO: [MLTrader] Getting historical prices for SPY, 1 bars, 
2024-07-10 21:35:33,901: root: WARNING: quote is not implemented for YahooData, but USD was passed as the quote
2024-07-10 21:35:33,901: root: WARNING: quote is not implemented for YahooData, but USD was passed as the quote
2024-07-10 21:35:33,902: asyncio: INFO: [MLTrader] Getting historical prices for SPY, 1 bars, 
2024-07-10 21:35:33,902: root: WARNING: quote is not implemented for YahooData, but USD was passed as the quote
2024-07-10 21:35:33,902: root: WARNING: quote is not implemented for YahooData, but USD was passed as the quote
2024-07-10 21:35:33,902: asyncio: INFO: [MLTrader] Getting historical prices for SPY, 1 bars, 
2024-07-10 21:35:33,902: root: WARNING: quote is not implemented for YahooData, but USD was passed as the quote
2024-07-10 21:35:33,903: root: WARNING: quote is not implemented for YahooData, but USD was passed as the quote
2024-07-10 21:35:33,903: asyncio: INFO: [MLTrader] Getting historical prices for SPY, 1 bars, 
2024-07-10 21:35:33,903: root: WARNING: quote is not implemented for YahooData, but USD was passed as the quote
2024-07-10 21:35:33,903: root: WARNING: quote is not implemented for YahooData, but USD was passed as the quote
2024-07-10 21:35:33,903: asyncio: INFO: [MLTrader] Getting historical prices for SPY, 1 bars, 
2024-07-10 21:35:33,903: root: WARNING: quote is not implemented for YahooData, but USD was passed as the quote
2024-07-10 21:35:33,904: root: WARNING: quote is not implemented for YahooData, but USD was passed as the quote
2024-07-10 21:35:33,904: asyncio: INFO: [MLTrader] Getting historical prices for SPY, 1 bars, 
2024-07-10 21:35:33,904: root: WARNING: quote is not implemented for YahooData, but USD was passed as the quote
2024-07-10 21:35:33,904: root: WARNING: quote is not implemented for YahooData, but USD was passed as the quote
2024-07-10 21:35:33,904: asyncio: INFO: [MLTrader] Getting historical prices for SPY, 1 bars, 
2024-07-10 21:35:33,904: root: WARNING: quote is not implemented for YahooData, but USD was passed as the quote
2024-07-10 21:35:33,904: root: WARNING: quote is not implemented for YahooData, but USD was passed as the quote
2024-07-10 21:35:33,904: asyncio: INFO: [MLTrader] Getting historical prices for SPY, 1 bars, 
2024-07-10 21:35:33,904: root: WARNING: quote is not implemented for YahooData, but USD was passed as the quote
2024-07-10 21:35:33,905: root: WARNING: quote is not implemented for YahooData, but USD was passed as the quote
2024-07-10 21:35:33,905: root: INFO: Current backtesting datetime 2020-02-15 09:29:00-05:00
2024-07-10 21:35:33,905: asyncio: INFO: [MLTrader] Getting historical prices for SPY, 1 bars, 
2024-07-10 21:35:33,905: root: WARNING: quote is not implemented for YahooData, but USD was passed as the quote
2024-07-10 21:35:33,906: root: WARNING: quote is not implemented for YahooData, but USD was passed as the quote
2024-07-10 21:35:33,906: asyncio: INFO: [MLTrader] Getting historical prices for SPY, 1 bars, 
2024-07-10 21:35:33,906: root: WARNING: quote is not implemented for YahooData, but USD was passed as the quote
2024-07-10 21:35:33,906: root: WARNING: quote is not implemented for YahooData, but USD was passed as the quote
2024-07-10 21:35:33,906: asyncio: INFO: [MLTrader] Getting historical prices for SPY, 1 bars, 
2024-07-10 21:35:33,906: root: WARNING: quote is not implemented for YahooData, but USD was passed as the quote
2024-07-10 21:35:33,906: root: WARNING: quote is not implemented for YahooData, but USD was passed as the quote
2024-07-10 21:35:33,906: asyncio: INFO: [MLTrader] Getting historical prices for SPY, 1 bars, 
2024-07-10 21:35:33,906: root: WARNING: quote is not implemented for YahooData, but USD was passed as the quote
2024-07-10 21:35:33,907: root: WARNING: quote is not implemented for YahooData, but USD was passed as the quote
2024-07-10 21:35:33,907: asyncio: INFO: [MLTrader] Getting historical prices for SPY, 1 bars, 
2024-07-10 21:35:33,907: root: WARNING: quote is not implemented for YahooData, but USD was passed as the quote
2024-07-10 21:35:33,907: root: WARNING: quote is not implemented for YahooData, but USD was passed as the quote
2024-07-10 21:35:33,907: asyncio: INFO: [MLTrader] Getting historical prices for SPY, 1 bars, 
2024-07-10 21:35:33,907: root: WARNING: quote is not implemented for YahooData, but USD was passed as the quote
2024-07-10 21:35:33,907: root: WARNING: quote is not implemented for YahooData, but USD was passed as the quote
2024-07-10 21:35:33,908: root: INFO: Current backtesting datetime 2020-02-15 09:29:00-05:00
2024-07-10 21:35:33,908: asyncio: INFO: [MLTrader] Executing the after_market_closes lifecycle method
2024-07-10 21:35:33,908: asyncio: INFO: [MLTrader] Getting historical prices for SPY, 1 bars, 
2024-07-10 21:35:33,908: root: WARNING: quote is not implemented for YahooData, but USD was passed as the quote
2024-07-10 21:35:33,908: root: WARNING: quote is not implemented for YahooData, but USD was passed as the quote
2024-07-10 21:35:33,908: asyncio: INFO: [MLTrader] Getting historical prices for SPY, 1 bars, 
2024-07-10 21:35:33,908: root: WARNING: quote is not implemented for YahooData, but USD was passed as the quote
2024-07-10 21:35:33,908: root: WARNING: quote is not implemented for YahooData, but USD was passed as the quote
2024-07-10 21:35:33,908: asyncio: INFO: [MLTrader] Getting historical prices for SPY, 1 bars, 
2024-07-10 21:35:33,908: root: WARNING: quote is not implemented for YahooData, but USD was passed as the quote
2024-07-10 21:35:33,908: root: WARNING: quote is not implemented for YahooData, but USD was passed as the quote
2024-07-10 21:35:33,909: asyncio: INFO: [MLTrader] Getting historical prices for SPY, 1 bars, 
2024-07-10 21:35:33,909: root: WARNING: quote is not implemented for YahooData, but USD was passed as the quote
2024-07-10 21:35:33,909: root: WARNING: quote is not implemented for YahooData, but USD was passed as the quote
2024-07-10 21:35:33,909: asyncio: INFO: [MLTrader] Getting historical prices for SPY, 1 bars, 
2024-07-10 21:35:33,909: root: WARNING: quote is not implemented for YahooData, but USD was passed as the quote
2024-07-10 21:35:33,909: root: WARNING: quote is not implemented for YahooData, but USD was passed as the quote
2024-07-10 21:35:33,909: asyncio: INFO: [MLTrader] Getting historical prices for SPY, 1 bars, 
2024-07-10 21:35:33,909: root: WARNING: quote is not implemented for YahooData, but USD was passed as the quote
2024-07-10 21:35:33,909: root: WARNING: quote is not implemented for YahooData, but USD was passed as the quote
2024-07-10 21:35:33,910: root: INFO: Current backtesting datetime 2020-02-18 08:30:00-05:00
2024-07-10 21:35:33,910: root: WARNING: quote is not implemented for YahooData, but USD was passed as the quote
2024-07-10 21:35:33,910: root: WARNING: quote is not implemented for YahooData, but USD was passed as the quote
2024-07-10 21:35:33,910: asyncio: INFO: [MLTrader] Executing the before_market_opens lifecycle method
2024-07-10 21:35:33,910: asyncio: INFO: [MLTrader] Getting historical prices for SPY, 1 bars, 
2024-07-10 21:35:33,911: root: WARNING: quote is not implemented for YahooData, but USD was passed as the quote
2024-07-10 21:35:33,911: root: WARNING: quote is not implemented for YahooData, but USD was passed as the quote
2024-07-10 21:35:33,911: asyncio: INFO: [MLTrader] Getting historical prices for SPY, 1 bars, 
2024-07-10 21:35:33,911: root: WARNING: quote is not implemented for YahooData, but USD was passed as the quote
2024-07-10 21:35:33,911: root: WARNING: quote is not implemented for YahooData, but USD was passed as the quote
2024-07-10 21:35:33,911: asyncio: INFO: [MLTrader] Getting historical prices for SPY, 1 bars, 
2024-07-10 21:35:33,911: root: WARNING: quote is not implemented for YahooData, but USD was passed as the quote
2024-07-10 21:35:33,911: root: WARNING: quote is not implemented for YahooData, but USD was passed as the quote
2024-07-10 21:35:33,911: asyncio: INFO: [MLTrader] Getting historical prices for SPY, 1 bars, 
2024-07-10 21:35:33,911: root: WARNING: quote is not implemented for YahooData, but USD was passed as the quote
2024-07-10 21:35:33,912: root: WARNING: quote is not implemented for YahooData, but USD was passed as the quote
2024-07-10 21:35:33,912: asyncio: INFO: [MLTrader] Getting historical prices for SPY, 1 bars, 
2024-07-10 21:35:33,912: root: WARNING: quote is not implemented for YahooData, but USD was passed as the quote
2024-07-10 21:35:33,912: root: WARNING: quote is not implemented for YahooData, but USD was passed as the quote
2024-07-10 21:35:33,912: asyncio: INFO: [MLTrader] Getting historical prices for SPY, 1 bars, 
2024-07-10 21:35:33,912: root: WARNING: quote is not implemented for YahooData, but USD was passed as the quote
2024-07-10 21:35:33,912: root: WARNING: quote is not implemented for YahooData, but USD was passed as the quote
2024-07-10 21:35:33,913: root: INFO: Current backtesting datetime 2020-02-18 09:30:00-05:00
2024-07-10 21:35:33,913: asyncio: INFO: [MLTrader] Executing the before_starting_trading lifecycle method
2024-07-10 21:35:33,913: asyncio: INFO: [MLTrader] Executing the on_trading_iteration lifecycle method at 2024-07-10 21:35:33
2024-07-10 21:35:33,913: root: WARNING: quote is not implemented for YahooData, but USD was passed as the quote
2024-07-10 21:35:33,914: root: WARNING: quote is not implemented for YahooData, but USD was passed as the quote
2024-07-10 21:35:34,180: asyncio: INFO: [MLTrader] Trading iteration ended at 2024-07-10 21:35:34
2024-07-10 21:35:34,180: asyncio: INFO: [MLTrader] Getting historical prices for SPY, 1 bars, 
2024-07-10 21:35:34,180: root: WARNING: quote is not implemented for YahooData, but USD was passed as the quote
2024-07-10 21:35:34,180: root: WARNING: quote is not implemented for YahooData, but USD was passed as the quote
2024-07-10 21:35:34,180: asyncio: INFO: [MLTrader] Getting historical prices for SPY, 1 bars, 
2024-07-10 21:35:34,181: root: WARNING: quote is not implemented for YahooData, but USD was passed as the quote
2024-07-10 21:35:34,181: root: WARNING: quote is not implemented for YahooData, but USD was passed as the quote
2024-07-10 21:35:34,181: asyncio: INFO: [MLTrader] Getting historical prices for SPY, 1 bars, 
2024-07-10 21:35:34,181: root: WARNING: quote is not implemented for YahooData, but USD was passed as the quote
2024-07-10 21:35:34,181: root: WARNING: quote is not implemented for YahooData, but USD was passed as the quote
2024-07-10 21:35:34,181: asyncio: INFO: [MLTrader] Getting historical prices for SPY, 1 bars, 
2024-07-10 21:35:34,181: root: WARNING: quote is not implemented for YahooData, but USD was passed as the quote
2024-07-10 21:35:34,182: root: WARNING: quote is not implemented for YahooData, but USD was passed as the quote
2024-07-10 21:35:34,182: asyncio: INFO: [MLTrader] Getting historical prices for SPY, 1 bars, 
2024-07-10 21:35:34,182: root: WARNING: quote is not implemented for YahooData, but USD was passed as the quote
2024-07-10 21:35:34,182: root: WARNING: quote is not implemented for YahooData, but USD was passed as the quote
2024-07-10 21:35:34,182: asyncio: INFO: [MLTrader] Getting historical prices for SPY, 1 bars, 
2024-07-10 21:35:34,182: root: WARNING: quote is not implemented for YahooData, but USD was passed as the quote
2024-07-10 21:35:34,182: root: WARNING: quote is not implemented for YahooData, but USD was passed as the quote
2024-07-10 21:35:34,183: asyncio: INFO: [MLTrader] Sleeping for 86400 seconds
2024-07-10 21:35:34,183: root: INFO: Current backtesting datetime 2020-02-18 16:00:00-05:00
2024-07-10 21:35:34,183: root: INFO: Current backtesting datetime 2020-02-19 09:30:00-05:00
2024-07-10 21:35:34,183: asyncio: INFO: [MLTrader] Executing the on_trading_iteration lifecycle method at 2024-07-10 21:35:34
2024-07-10 21:35:34,184: root: WARNING: quote is not implemented for YahooData, but USD was passed as the quote
2024-07-10 21:35:34,184: root: WARNING: quote is not implemented for YahooData, but USD was passed as the quote
2024-07-10 21:35:34,370: asyncio: INFO: [MLTrader] Trading iteration ended at 2024-07-10 21:35:34
2024-07-10 21:35:34,370: asyncio: INFO: [MLTrader] Getting historical prices for SPY, 1 bars, 
2024-07-10 21:35:34,370: root: WARNING: quote is not implemented for YahooData, but USD was passed as the quote
2024-07-10 21:35:34,371: root: WARNING: quote is not implemented for YahooData, but USD was passed as the quote
2024-07-10 21:35:34,371: asyncio: INFO: [MLTrader] Getting historical prices for SPY, 1 bars, 
2024-07-10 21:35:34,371: root: WARNING: quote is not implemented for YahooData, but USD was passed as the quote
2024-07-10 21:35:34,372: root: WARNING: quote is not implemented for YahooData, but USD was passed as the quote
2024-07-10 21:35:34,372: asyncio: INFO: [MLTrader] Getting historical prices for SPY, 1 bars, 
2024-07-10 21:35:34,372: root: WARNING: quote is not implemented for YahooData, but USD was passed as the quote
2024-07-10 21:35:34,372: root: WARNING: quote is not implemented for YahooData, but USD was passed as the quote
2024-07-10 21:35:34,372: asyncio: INFO: [MLTrader] Getting historical prices for SPY, 1 bars, 
2024-07-10 21:35:34,372: root: WARNING: quote is not implemented for YahooData, but USD was passed as the quote
2024-07-10 21:35:34,372: root: WARNING: quote is not implemented for YahooData, but USD was passed as the quote
2024-07-10 21:35:34,372: asyncio: INFO: [MLTrader] Getting historical prices for SPY, 1 bars, 
2024-07-10 21:35:34,372: root: WARNING: quote is not implemented for YahooData, but USD was passed as the quote
2024-07-10 21:35:34,373: root: WARNING: quote is not implemented for YahooData, but USD was passed as the quote
2024-07-10 21:35:34,373: asyncio: INFO: [MLTrader] Getting historical prices for SPY, 1 bars, 
2024-07-10 21:35:34,373: root: WARNING: quote is not implemented for YahooData, but USD was passed as the quote
2024-07-10 21:35:34,373: root: WARNING: quote is not implemented for YahooData, but USD was passed as the quote
2024-07-10 21:35:34,373: asyncio: INFO: [MLTrader] Sleeping for 86400 seconds
2024-07-10 21:35:34,374: root: INFO: Current backtesting datetime 2020-02-19 16:00:00-05:00
2024-07-10 21:35:34,374: root: INFO: Current backtesting datetime 2020-02-20 09:30:00-05:00
2024-07-10 21:35:34,374: asyncio: INFO: [MLTrader] Executing the on_trading_iteration lifecycle method at 2024-07-10 21:35:34
2024-07-10 21:35:34,374: root: WARNING: quote is not implemented for YahooData, but USD was passed as the quote
2024-07-10 21:35:34,375: root: WARNING: quote is not implemented for YahooData, but USD was passed as the quote
2024-07-10 21:35:34,530: asyncio: INFO: [MLTrader] Trading iteration ended at 2024-07-10 21:35:34
2024-07-10 21:35:34,530: asyncio: INFO: [MLTrader] Getting historical prices for SPY, 1 bars, 
2024-07-10 21:35:34,530: root: WARNING: quote is not implemented for YahooData, but USD was passed as the quote
2024-07-10 21:35:34,530: root: WARNING: quote is not implemented for YahooData, but USD was passed as the quote
2024-07-10 21:35:34,531: asyncio: INFO: [MLTrader] Getting historical prices for SPY, 1 bars, 
2024-07-10 21:35:34,531: root: WARNING: quote is not implemented for YahooData, but USD was passed as the quote
2024-07-10 21:35:34,531: root: WARNING: quote is not implemented for YahooData, but USD was passed as the quote
2024-07-10 21:35:34,531: asyncio: INFO: [MLTrader] Getting historical prices for SPY, 1 bars, 
2024-07-10 21:35:34,531: root: WARNING: quote is not implemented for YahooData, but USD was passed as the quote
2024-07-10 21:35:34,531: root: WARNING: quote is not implemented for YahooData, but USD was passed as the quote
2024-07-10 21:35:34,531: asyncio: INFO: [MLTrader] Getting historical prices for SPY, 1 bars, 
2024-07-10 21:35:34,531: root: WARNING: quote is not implemented for YahooData, but USD was passed as the quote
2024-07-10 21:35:34,532: root: WARNING: quote is not implemented for YahooData, but USD was passed as the quote
2024-07-10 21:35:34,532: asyncio: INFO: [MLTrader] Getting historical prices for SPY, 1 bars, 
2024-07-10 21:35:34,532: root: WARNING: quote is not implemented for YahooData, but USD was passed as the quote
2024-07-10 21:35:34,532: root: WARNING: quote is not implemented for YahooData, but USD was passed as the quote
2024-07-10 21:35:34,532: asyncio: INFO: [MLTrader] Getting historical prices for SPY, 1 bars, 
2024-07-10 21:35:34,532: root: WARNING: quote is not implemented for YahooData, but USD was passed as the quote
2024-07-10 21:35:34,532: root: WARNING: quote is not implemented for YahooData, but USD was passed as the quote
2024-07-10 21:35:34,533: asyncio: INFO: [MLTrader] Sleeping for 86400 seconds
2024-07-10 21:35:34,533: root: INFO: Current backtesting datetime 2020-02-20 16:00:00-05:00
2024-07-10 21:35:34,533: root: INFO: Current backtesting datetime 2020-02-21 09:30:00-05:00
2024-07-10 21:35:34,533: asyncio: INFO: [MLTrader] Executing the on_trading_iteration lifecycle method at 2024-07-10 21:35:34
2024-07-10 21:35:34,534: root: WARNING: quote is not implemented for YahooData, but USD was passed as the quote
2024-07-10 21:35:34,534: root: WARNING: quote is not implemented for YahooData, but USD was passed as the quote
2024-07-10 21:35:34,757: asyncio: INFO: [MLTrader] Trading iteration ended at 2024-07-10 21:35:34
2024-07-10 21:35:34,757: asyncio: INFO: [MLTrader] Getting historical prices for SPY, 1 bars, 
2024-07-10 21:35:34,757: root: WARNING: quote is not implemented for YahooData, but USD was passed as the quote
2024-07-10 21:35:34,758: root: WARNING: quote is not implemented for YahooData, but USD was passed as the quote
2024-07-10 21:35:34,759: asyncio: INFO: [MLTrader] Getting historical prices for SPY, 1 bars, 
2024-07-10 21:35:34,759: root: WARNING: quote is not implemented for YahooData, but USD was passed as the quote
2024-07-10 21:35:34,759: root: WARNING: quote is not implemented for YahooData, but USD was passed as the quote
2024-07-10 21:35:34,759: asyncio: INFO: [MLTrader] Getting historical prices for SPY, 1 bars, 
2024-07-10 21:35:34,759: root: WARNING: quote is not implemented for YahooData, but USD was passed as the quote
2024-07-10 21:35:34,759: root: WARNING: quote is not implemented for YahooData, but USD was passed as the quote
2024-07-10 21:35:34,759: asyncio: INFO: [MLTrader] Getting historical prices for SPY, 1 bars, 
2024-07-10 21:35:34,759: root: WARNING: quote is not implemented for YahooData, but USD was passed as the quote
2024-07-10 21:35:34,760: root: WARNING: quote is not implemented for YahooData, but USD was passed as the quote
2024-07-10 21:35:34,760: asyncio: INFO: [MLTrader] Getting historical prices for SPY, 1 bars, 
2024-07-10 21:35:34,760: root: WARNING: quote is not implemented for YahooData, but USD was passed as the quote
2024-07-10 21:35:34,760: root: WARNING: quote is not implemented for YahooData, but USD was passed as the quote
2024-07-10 21:35:34,760: asyncio: INFO: [MLTrader] Getting historical prices for SPY, 1 bars, 
2024-07-10 21:35:34,760: root: WARNING: quote is not implemented for YahooData, but USD was passed as the quote
2024-07-10 21:35:34,760: root: WARNING: quote is not implemented for YahooData, but USD was passed as the quote
2024-07-10 21:35:34,761: asyncio: INFO: [MLTrader] Sleeping for 86400 seconds
2024-07-10 21:35:34,761: root: INFO: Current backtesting datetime 2020-02-21 16:00:00-05:00
2024-07-10 21:35:34,761: root: INFO: Current backtesting datetime 2020-02-22 09:30:00-05:00
2024-07-10 21:35:34,762: asyncio: INFO: [MLTrader] The market is not currently open, skipping this trading iteration
2024-07-10 21:35:34,762: asyncio: INFO: [MLTrader] Getting historical prices for SPY, 1 bars, 
2024-07-10 21:35:34,762: root: WARNING: quote is not implemented for YahooData, but USD was passed as the quote
2024-07-10 21:35:34,762: root: WARNING: quote is not implemented for YahooData, but USD was passed as the quote
2024-07-10 21:35:34,762: asyncio: INFO: [MLTrader] Getting historical prices for SPY, 1 bars, 
2024-07-10 21:35:34,762: root: WARNING: quote is not implemented for YahooData, but USD was passed as the quote
2024-07-10 21:35:34,762: root: WARNING: quote is not implemented for YahooData, but USD was passed as the quote
2024-07-10 21:35:34,762: asyncio: INFO: [MLTrader] Getting historical prices for SPY, 1 bars, 
2024-07-10 21:35:34,762: root: WARNING: quote is not implemented for YahooData, but USD was passed as the quote
2024-07-10 21:35:34,763: root: WARNING: quote is not implemented for YahooData, but USD was passed as the quote
2024-07-10 21:35:34,763: asyncio: INFO: [MLTrader] Getting historical prices for SPY, 1 bars, 
2024-07-10 21:35:34,763: root: WARNING: quote is not implemented for YahooData, but USD was passed as the quote
2024-07-10 21:35:34,763: root: WARNING: quote is not implemented for YahooData, but USD was passed as the quote
2024-07-10 21:35:34,763: asyncio: INFO: [MLTrader] Getting historical prices for SPY, 1 bars, 
2024-07-10 21:35:34,763: root: WARNING: quote is not implemented for YahooData, but USD was passed as the quote
2024-07-10 21:35:34,763: root: WARNING: quote is not implemented for YahooData, but USD was passed as the quote
2024-07-10 21:35:34,763: asyncio: INFO: [MLTrader] Getting historical prices for SPY, 1 bars, 
2024-07-10 21:35:34,763: root: WARNING: quote is not implemented for YahooData, but USD was passed as the quote
2024-07-10 21:35:34,764: root: WARNING: quote is not implemented for YahooData, but USD was passed as the quote
2024-07-10 21:35:34,764: asyncio: INFO: [MLTrader] Getting historical prices for SPY, 1 bars, 
2024-07-10 21:35:34,764: root: WARNING: quote is not implemented for YahooData, but USD was passed as the quote
2024-07-10 21:35:34,764: root: WARNING: quote is not implemented for YahooData, but USD was passed as the quote
2024-07-10 21:35:34,764: asyncio: INFO: [MLTrader] Getting historical prices for SPY, 1 bars, 
2024-07-10 21:35:34,764: root: WARNING: quote is not implemented for YahooData, but USD was passed as the quote
2024-07-10 21:35:34,765: root: WARNING: quote is not implemented for YahooData, but USD was passed as the quote
2024-07-10 21:35:34,765: asyncio: INFO: [MLTrader] Getting historical prices for SPY, 1 bars, 
2024-07-10 21:35:34,765: root: WARNING: quote is not implemented for YahooData, but USD was passed as the quote
2024-07-10 21:35:34,765: root: WARNING: quote is not implemented for YahooData, but USD was passed as the quote
2024-07-10 21:35:34,765: asyncio: INFO: [MLTrader] Getting historical prices for SPY, 1 bars, 
2024-07-10 21:35:34,765: root: WARNING: quote is not implemented for YahooData, but USD was passed as the quote
2024-07-10 21:35:34,765: root: WARNING: quote is not implemented for YahooData, but USD was passed as the quote
2024-07-10 21:35:34,765: asyncio: INFO: [MLTrader] Getting historical prices for SPY, 1 bars, 
2024-07-10 21:35:34,765: root: WARNING: quote is not implemented for YahooData, but USD was passed as the quote
2024-07-10 21:35:34,766: root: WARNING: quote is not implemented for YahooData, but USD was passed as the quote
2024-07-10 21:35:34,766: asyncio: INFO: [MLTrader] Getting historical prices for SPY, 1 bars, 
2024-07-10 21:35:34,766: root: WARNING: quote is not implemented for YahooData, but USD was passed as the quote
2024-07-10 21:35:34,766: root: WARNING: quote is not implemented for YahooData, but USD was passed as the quote
2024-07-10 21:35:34,766: root: INFO: Current backtesting datetime 2020-02-22 09:29:00-05:00
2024-07-10 21:35:34,766: asyncio: INFO: [MLTrader] Getting historical prices for SPY, 1 bars, 
2024-07-10 21:35:34,766: root: WARNING: quote is not implemented for YahooData, but USD was passed as the quote
2024-07-10 21:35:34,767: root: WARNING: quote is not implemented for YahooData, but USD was passed as the quote
2024-07-10 21:35:34,767: asyncio: INFO: [MLTrader] Getting historical prices for SPY, 1 bars, 
2024-07-10 21:35:34,767: root: WARNING: quote is not implemented for YahooData, but USD was passed as the quote
2024-07-10 21:35:34,767: root: WARNING: quote is not implemented for YahooData, but USD was passed as the quote
2024-07-10 21:35:34,767: asyncio: INFO: [MLTrader] Getting historical prices for SPY, 1 bars, 
2024-07-10 21:35:34,767: root: WARNING: quote is not implemented for YahooData, but USD was passed as the quote
2024-07-10 21:35:34,767: root: WARNING: quote is not implemented for YahooData, but USD was passed as the quote
2024-07-10 21:35:34,767: asyncio: INFO: [MLTrader] Getting historical prices for SPY, 1 bars, 
2024-07-10 21:35:34,767: root: WARNING: quote is not implemented for YahooData, but USD was passed as the quote
2024-07-10 21:35:34,768: root: WARNING: quote is not implemented for YahooData, but USD was passed as the quote
2024-07-10 21:35:34,768: asyncio: INFO: [MLTrader] Getting historical prices for SPY, 1 bars, 
2024-07-10 21:35:34,768: root: WARNING: quote is not implemented for YahooData, but USD was passed as the quote
2024-07-10 21:35:34,768: root: WARNING: quote is not implemented for YahooData, but USD was passed as the quote
2024-07-10 21:35:34,768: asyncio: INFO: [MLTrader] Getting historical prices for SPY, 1 bars, 
2024-07-10 21:35:34,768: root: WARNING: quote is not implemented for YahooData, but USD was passed as the quote
2024-07-10 21:35:34,768: root: WARNING: quote is not implemented for YahooData, but USD was passed as the quote
2024-07-10 21:35:34,769: root: INFO: Current backtesting datetime 2020-02-22 09:29:00-05:00
2024-07-10 21:35:34,769: asyncio: INFO: [MLTrader] Executing the after_market_closes lifecycle method
2024-07-10 21:35:34,769: asyncio: INFO: [MLTrader] Getting historical prices for SPY, 1 bars, 
2024-07-10 21:35:34,769: root: WARNING: quote is not implemented for YahooData, but USD was passed as the quote
2024-07-10 21:35:34,769: root: WARNING: quote is not implemented for YahooData, but USD was passed as the quote
2024-07-10 21:35:34,769: asyncio: INFO: [MLTrader] Getting historical prices for SPY, 1 bars, 
2024-07-10 21:35:34,769: root: WARNING: quote is not implemented for YahooData, but USD was passed as the quote
2024-07-10 21:35:34,769: root: WARNING: quote is not implemented for YahooData, but USD was passed as the quote
2024-07-10 21:35:34,769: asyncio: INFO: [MLTrader] Getting historical prices for SPY, 1 bars, 
2024-07-10 21:35:34,769: root: WARNING: quote is not implemented for YahooData, but USD was passed as the quote
2024-07-10 21:35:34,770: root: WARNING: quote is not implemented for YahooData, but USD was passed as the quote
2024-07-10 21:35:34,770: asyncio: INFO: [MLTrader] Getting historical prices for SPY, 1 bars, 
2024-07-10 21:35:34,770: root: WARNING: quote is not implemented for YahooData, but USD was passed as the quote
2024-07-10 21:35:34,770: root: WARNING: quote is not implemented for YahooData, but USD was passed as the quote
2024-07-10 21:35:34,770: asyncio: INFO: [MLTrader] Getting historical prices for SPY, 1 bars, 
2024-07-10 21:35:34,770: root: WARNING: quote is not implemented for YahooData, but USD was passed as the quote
2024-07-10 21:35:34,770: root: WARNING: quote is not implemented for YahooData, but USD was passed as the quote
2024-07-10 21:35:34,770: asyncio: INFO: [MLTrader] Getting historical prices for SPY, 1 bars, 
2024-07-10 21:35:34,770: root: WARNING: quote is not implemented for YahooData, but USD was passed as the quote
2024-07-10 21:35:34,771: root: WARNING: quote is not implemented for YahooData, but USD was passed as the quote
2024-07-10 21:35:34,771: root: INFO: Current backtesting datetime 2020-02-24 08:30:00-05:00
2024-07-10 21:35:34,771: root: WARNING: quote is not implemented for YahooData, but USD was passed as the quote
2024-07-10 21:35:34,771: root: WARNING: quote is not implemented for YahooData, but USD was passed as the quote
2024-07-10 21:35:34,772: asyncio: INFO: [MLTrader] Executing the before_market_opens lifecycle method
2024-07-10 21:35:34,772: asyncio: INFO: [MLTrader] Getting historical prices for SPY, 1 bars, 
2024-07-10 21:35:34,772: root: WARNING: quote is not implemented for YahooData, but USD was passed as the quote
2024-07-10 21:35:34,772: root: WARNING: quote is not implemented for YahooData, but USD was passed as the quote
2024-07-10 21:35:34,772: asyncio: INFO: [MLTrader] Getting historical prices for SPY, 1 bars, 
2024-07-10 21:35:34,772: root: WARNING: quote is not implemented for YahooData, but USD was passed as the quote
2024-07-10 21:35:34,772: root: WARNING: quote is not implemented for YahooData, but USD was passed as the quote
2024-07-10 21:35:34,772: asyncio: INFO: [MLTrader] Getting historical prices for SPY, 1 bars, 
2024-07-10 21:35:34,772: root: WARNING: quote is not implemented for YahooData, but USD was passed as the quote
2024-07-10 21:35:34,773: root: WARNING: quote is not implemented for YahooData, but USD was passed as the quote
2024-07-10 21:35:34,773: asyncio: INFO: [MLTrader] Getting historical prices for SPY, 1 bars, 
2024-07-10 21:35:34,773: root: WARNING: quote is not implemented for YahooData, but USD was passed as the quote
2024-07-10 21:35:34,773: root: WARNING: quote is not implemented for YahooData, but USD was passed as the quote
2024-07-10 21:35:34,773: asyncio: INFO: [MLTrader] Getting historical prices for SPY, 1 bars, 
2024-07-10 21:35:34,773: root: WARNING: quote is not implemented for YahooData, but USD was passed as the quote
2024-07-10 21:35:34,773: root: WARNING: quote is not implemented for YahooData, but USD was passed as the quote
2024-07-10 21:35:34,773: asyncio: INFO: [MLTrader] Getting historical prices for SPY, 1 bars, 
2024-07-10 21:35:34,773: root: WARNING: quote is not implemented for YahooData, but USD was passed as the quote
2024-07-10 21:35:34,774: root: WARNING: quote is not implemented for YahooData, but USD was passed as the quote
2024-07-10 21:35:34,774: root: INFO: Current backtesting datetime 2020-02-24 09:30:00-05:00
2024-07-10 21:35:34,774: asyncio: INFO: [MLTrader] Executing the before_starting_trading lifecycle method
2024-07-10 21:35:34,775: asyncio: INFO: [MLTrader] Executing the on_trading_iteration lifecycle method at 2024-07-10 21:35:34
2024-07-10 21:35:34,775: root: WARNING: quote is not implemented for YahooData, but USD was passed as the quote
2024-07-10 21:35:34,775: root: WARNING: quote is not implemented for YahooData, but USD was passed as the quote
2024-07-10 21:35:34,934: asyncio: INFO: [MLTrader] Trading iteration ended at 2024-07-10 21:35:34
2024-07-10 21:35:34,934: asyncio: INFO: [MLTrader] Getting historical prices for SPY, 1 bars, 
2024-07-10 21:35:34,934: root: WARNING: quote is not implemented for YahooData, but USD was passed as the quote
2024-07-10 21:35:34,935: root: WARNING: quote is not implemented for YahooData, but USD was passed as the quote
2024-07-10 21:35:34,935: asyncio: INFO: [MLTrader] Getting historical prices for SPY, 1 bars, 
2024-07-10 21:35:34,935: root: WARNING: quote is not implemented for YahooData, but USD was passed as the quote
2024-07-10 21:35:34,936: root: WARNING: quote is not implemented for YahooData, but USD was passed as the quote
2024-07-10 21:35:34,936: asyncio: INFO: [MLTrader] Getting historical prices for SPY, 1 bars, 
2024-07-10 21:35:34,936: root: WARNING: quote is not implemented for YahooData, but USD was passed as the quote
2024-07-10 21:35:34,936: root: WARNING: quote is not implemented for YahooData, but USD was passed as the quote
2024-07-10 21:35:34,936: asyncio: INFO: [MLTrader] Getting historical prices for SPY, 1 bars, 
2024-07-10 21:35:34,936: root: WARNING: quote is not implemented for YahooData, but USD was passed as the quote
2024-07-10 21:35:34,936: root: WARNING: quote is not implemented for YahooData, but USD was passed as the quote
2024-07-10 21:35:34,936: asyncio: INFO: [MLTrader] Getting historical prices for SPY, 1 bars, 
2024-07-10 21:35:34,936: root: WARNING: quote is not implemented for YahooData, but USD was passed as the quote
2024-07-10 21:35:34,937: root: WARNING: quote is not implemented for YahooData, but USD was passed as the quote
2024-07-10 21:35:34,937: asyncio: INFO: [MLTrader] Getting historical prices for SPY, 1 bars, 
2024-07-10 21:35:34,937: root: WARNING: quote is not implemented for YahooData, but USD was passed as the quote
2024-07-10 21:35:34,937: root: WARNING: quote is not implemented for YahooData, but USD was passed as the quote
2024-07-10 21:35:34,937: asyncio: INFO: [MLTrader] Sleeping for 86400 seconds
2024-07-10 21:35:34,938: root: INFO: Current backtesting datetime 2020-02-24 16:00:00-05:00
2024-07-10 21:35:34,938: root: INFO: Current backtesting datetime 2020-02-25 09:30:00-05:00
2024-07-10 21:35:34,938: asyncio: INFO: [MLTrader] Executing the on_trading_iteration lifecycle method at 2024-07-10 21:35:34
2024-07-10 21:35:34,938: root: WARNING: quote is not implemented for YahooData, but USD was passed as the quote
2024-07-10 21:35:34,939: root: WARNING: quote is not implemented for YahooData, but USD was passed as the quote
2024-07-10 21:35:35,183: asyncio: INFO: [MLTrader] Trading iteration ended at 2024-07-10 21:35:35
2024-07-10 21:35:35,183: asyncio: INFO: [MLTrader] Getting historical prices for SPY, 1 bars, 
2024-07-10 21:35:35,184: root: WARNING: quote is not implemented for YahooData, but USD was passed as the quote
2024-07-10 21:35:35,184: root: WARNING: quote is not implemented for YahooData, but USD was passed as the quote
2024-07-10 21:35:35,184: asyncio: INFO: [MLTrader] Getting historical prices for SPY, 1 bars, 
2024-07-10 21:35:35,184: root: WARNING: quote is not implemented for YahooData, but USD was passed as the quote
2024-07-10 21:35:35,185: root: WARNING: quote is not implemented for YahooData, but USD was passed as the quote
2024-07-10 21:35:35,185: asyncio: INFO: [MLTrader] Getting historical prices for SPY, 1 bars, 
2024-07-10 21:35:35,185: root: WARNING: quote is not implemented for YahooData, but USD was passed as the quote
2024-07-10 21:35:35,185: root: WARNING: quote is not implemented for YahooData, but USD was passed as the quote
2024-07-10 21:35:35,185: asyncio: INFO: [MLTrader] Getting historical prices for SPY, 1 bars, 
2024-07-10 21:35:35,185: root: WARNING: quote is not implemented for YahooData, but USD was passed as the quote
2024-07-10 21:35:35,185: root: WARNING: quote is not implemented for YahooData, but USD was passed as the quote
2024-07-10 21:35:35,185: asyncio: INFO: [MLTrader] Getting historical prices for SPY, 1 bars, 
2024-07-10 21:35:35,185: root: WARNING: quote is not implemented for YahooData, but USD was passed as the quote
2024-07-10 21:35:35,186: root: WARNING: quote is not implemented for YahooData, but USD was passed as the quote
2024-07-10 21:35:35,186: asyncio: INFO: [MLTrader] Getting historical prices for SPY, 1 bars, 
2024-07-10 21:35:35,186: root: WARNING: quote is not implemented for YahooData, but USD was passed as the quote
2024-07-10 21:35:35,186: root: WARNING: quote is not implemented for YahooData, but USD was passed as the quote
2024-07-10 21:35:35,186: asyncio: INFO: [MLTrader] Sleeping for 86400 seconds
2024-07-10 21:35:35,187: root: INFO: Current backtesting datetime 2020-02-25 16:00:00-05:00
2024-07-10 21:35:35,187: root: INFO: Current backtesting datetime 2020-02-26 09:30:00-05:00
2024-07-10 21:35:35,187: asyncio: INFO: [MLTrader] Executing the on_trading_iteration lifecycle method at 2024-07-10 21:35:35
2024-07-10 21:35:35,187: root: WARNING: quote is not implemented for YahooData, but USD was passed as the quote
2024-07-10 21:35:35,188: root: WARNING: quote is not implemented for YahooData, but USD was passed as the quote
2024-07-10 21:35:35,406: asyncio: INFO: [MLTrader] Trading iteration ended at 2024-07-10 21:35:35
2024-07-10 21:35:35,406: asyncio: INFO: [MLTrader] Getting historical prices for SPY, 1 bars, 
2024-07-10 21:35:35,406: root: WARNING: quote is not implemented for YahooData, but USD was passed as the quote
2024-07-10 21:35:35,407: root: WARNING: quote is not implemented for YahooData, but USD was passed as the quote
2024-07-10 21:35:35,407: asyncio: INFO: [MLTrader] Getting historical prices for SPY, 1 bars, 
2024-07-10 21:35:35,407: root: WARNING: quote is not implemented for YahooData, but USD was passed as the quote
2024-07-10 21:35:35,407: root: WARNING: quote is not implemented for YahooData, but USD was passed as the quote
2024-07-10 21:35:35,408: asyncio: INFO: [MLTrader] Getting historical prices for SPY, 1 bars, 
2024-07-10 21:35:35,408: root: WARNING: quote is not implemented for YahooData, but USD was passed as the quote
2024-07-10 21:35:35,408: root: WARNING: quote is not implemented for YahooData, but USD was passed as the quote
2024-07-10 21:35:35,408: asyncio: INFO: [MLTrader] Getting historical prices for SPY, 1 bars, 
2024-07-10 21:35:35,408: root: WARNING: quote is not implemented for YahooData, but USD was passed as the quote
2024-07-10 21:35:35,408: root: WARNING: quote is not implemented for YahooData, but USD was passed as the quote
2024-07-10 21:35:35,408: asyncio: INFO: [MLTrader] Getting historical prices for SPY, 1 bars, 
2024-07-10 21:35:35,409: root: WARNING: quote is not implemented for YahooData, but USD was passed as the quote
2024-07-10 21:35:35,409: root: WARNING: quote is not implemented for YahooData, but USD was passed as the quote
2024-07-10 21:35:35,409: asyncio: INFO: [MLTrader] Getting historical prices for SPY, 1 bars, 
2024-07-10 21:35:35,409: root: WARNING: quote is not implemented for YahooData, but USD was passed as the quote
2024-07-10 21:35:35,409: root: WARNING: quote is not implemented for YahooData, but USD was passed as the quote
2024-07-10 21:35:35,410: asyncio: INFO: [MLTrader] Sleeping for 86400 seconds
2024-07-10 21:35:35,410: root: INFO: Current backtesting datetime 2020-02-26 16:00:00-05:00
2024-07-10 21:35:35,410: root: INFO: Current backtesting datetime 2020-02-27 09:30:00-05:00
2024-07-10 21:35:35,410: asyncio: INFO: [MLTrader] Executing the on_trading_iteration lifecycle method at 2024-07-10 21:35:35
2024-07-10 21:35:35,411: root: WARNING: quote is not implemented for YahooData, but USD was passed as the quote
2024-07-10 21:35:35,411: root: WARNING: quote is not implemented for YahooData, but USD was passed as the quote
2024-07-10 21:35:35,564: asyncio: INFO: [MLTrader] Trading iteration ended at 2024-07-10 21:35:35
2024-07-10 21:35:35,564: asyncio: INFO: [MLTrader] Getting historical prices for SPY, 1 bars, 
2024-07-10 21:35:35,564: root: WARNING: quote is not implemented for YahooData, but USD was passed as the quote
2024-07-10 21:35:35,564: root: WARNING: quote is not implemented for YahooData, but USD was passed as the quote
2024-07-10 21:35:35,565: asyncio: INFO: [MLTrader] Getting historical prices for SPY, 1 bars, 
2024-07-10 21:35:35,565: root: WARNING: quote is not implemented for YahooData, but USD was passed as the quote
2024-07-10 21:35:35,565: root: WARNING: quote is not implemented for YahooData, but USD was passed as the quote
2024-07-10 21:35:35,565: asyncio: INFO: [MLTrader] Getting historical prices for SPY, 1 bars, 
2024-07-10 21:35:35,565: root: WARNING: quote is not implemented for YahooData, but USD was passed as the quote
2024-07-10 21:35:35,565: root: WARNING: quote is not implemented for YahooData, but USD was passed as the quote
2024-07-10 21:35:35,565: asyncio: INFO: [MLTrader] Getting historical prices for SPY, 1 bars, 
2024-07-10 21:35:35,565: root: WARNING: quote is not implemented for YahooData, but USD was passed as the quote
2024-07-10 21:35:35,566: root: WARNING: quote is not implemented for YahooData, but USD was passed as the quote
2024-07-10 21:35:35,566: asyncio: INFO: [MLTrader] Getting historical prices for SPY, 1 bars, 
2024-07-10 21:35:35,566: root: WARNING: quote is not implemented for YahooData, but USD was passed as the quote
2024-07-10 21:35:35,566: root: WARNING: quote is not implemented for YahooData, but USD was passed as the quote
2024-07-10 21:35:35,566: asyncio: INFO: [MLTrader] Getting historical prices for SPY, 1 bars, 
2024-07-10 21:35:35,566: root: WARNING: quote is not implemented for YahooData, but USD was passed as the quote
2024-07-10 21:35:35,566: root: WARNING: quote is not implemented for YahooData, but USD was passed as the quote
2024-07-10 21:35:35,567: asyncio: INFO: [MLTrader] Sleeping for 86400 seconds
2024-07-10 21:35:35,567: root: INFO: Current backtesting datetime 2020-02-27 16:00:00-05:00
2024-07-10 21:35:35,567: root: INFO: Current backtesting datetime 2020-02-28 09:30:00-05:00
2024-07-10 21:35:35,567: asyncio: INFO: [MLTrader] Executing the on_trading_iteration lifecycle method at 2024-07-10 21:35:35
2024-07-10 21:35:35,568: root: WARNING: quote is not implemented for YahooData, but USD was passed as the quote
2024-07-10 21:35:35,568: root: WARNING: quote is not implemented for YahooData, but USD was passed as the quote
2024-07-10 21:35:35,797: asyncio: INFO: [MLTrader] Trading iteration ended at 2024-07-10 21:35:35
2024-07-10 21:35:35,797: asyncio: INFO: [MLTrader] Getting historical prices for SPY, 1 bars, 
2024-07-10 21:35:35,797: root: WARNING: quote is not implemented for YahooData, but USD was passed as the quote
2024-07-10 21:35:35,798: root: WARNING: quote is not implemented for YahooData, but USD was passed as the quote
2024-07-10 21:35:35,798: asyncio: INFO: [MLTrader] Getting historical prices for SPY, 1 bars, 
2024-07-10 21:35:35,798: root: WARNING: quote is not implemented for YahooData, but USD was passed as the quote
2024-07-10 21:35:35,799: root: WARNING: quote is not implemented for YahooData, but USD was passed as the quote
2024-07-10 21:35:35,799: asyncio: INFO: [MLTrader] Getting historical prices for SPY, 1 bars, 
2024-07-10 21:35:35,799: root: WARNING: quote is not implemented for YahooData, but USD was passed as the quote
2024-07-10 21:35:35,799: root: WARNING: quote is not implemented for YahooData, but USD was passed as the quote
2024-07-10 21:35:35,799: asyncio: INFO: [MLTrader] Getting historical prices for SPY, 1 bars, 
2024-07-10 21:35:35,799: root: WARNING: quote is not implemented for YahooData, but USD was passed as the quote
2024-07-10 21:35:35,799: root: WARNING: quote is not implemented for YahooData, but USD was passed as the quote
2024-07-10 21:35:35,799: asyncio: INFO: [MLTrader] Getting historical prices for SPY, 1 bars, 
2024-07-10 21:35:35,799: root: WARNING: quote is not implemented for YahooData, but USD was passed as the quote
2024-07-10 21:35:35,800: root: WARNING: quote is not implemented for YahooData, but USD was passed as the quote
2024-07-10 21:35:35,800: asyncio: INFO: [MLTrader] Getting historical prices for SPY, 1 bars, 
2024-07-10 21:35:35,800: root: WARNING: quote is not implemented for YahooData, but USD was passed as the quote
2024-07-10 21:35:35,800: root: WARNING: quote is not implemented for YahooData, but USD was passed as the quote
2024-07-10 21:35:35,800: asyncio: INFO: [MLTrader] Sleeping for 86400 seconds
2024-07-10 21:35:35,801: root: INFO: Current backtesting datetime 2020-02-28 16:00:00-05:00
2024-07-10 21:35:35,801: root: INFO: Current backtesting datetime 2020-02-29 09:30:00-05:00
2024-07-10 21:35:35,801: asyncio: INFO: [MLTrader] The market is not currently open, skipping this trading iteration
2024-07-10 21:35:35,801: asyncio: INFO: [MLTrader] Getting historical prices for SPY, 1 bars, 
2024-07-10 21:35:35,801: root: WARNING: quote is not implemented for YahooData, but USD was passed as the quote
2024-07-10 21:35:35,802: root: WARNING: quote is not implemented for YahooData, but USD was passed as the quote
2024-07-10 21:35:35,802: asyncio: INFO: [MLTrader] Getting historical prices for SPY, 1 bars, 
2024-07-10 21:35:35,802: root: WARNING: quote is not implemented for YahooData, but USD was passed as the quote
2024-07-10 21:35:35,802: root: WARNING: quote is not implemented for YahooData, but USD was passed as the quote
2024-07-10 21:35:35,802: asyncio: INFO: [MLTrader] Getting historical prices for SPY, 1 bars, 
2024-07-10 21:35:35,802: root: WARNING: quote is not implemented for YahooData, but USD was passed as the quote
2024-07-10 21:35:35,802: root: WARNING: quote is not implemented for YahooData, but USD was passed as the quote
2024-07-10 21:35:35,802: asyncio: INFO: [MLTrader] Getting historical prices for SPY, 1 bars, 
2024-07-10 21:35:35,802: root: WARNING: quote is not implemented for YahooData, but USD was passed as the quote
2024-07-10 21:35:35,803: root: WARNING: quote is not implemented for YahooData, but USD was passed as the quote
2024-07-10 21:35:35,803: asyncio: INFO: [MLTrader] Getting historical prices for SPY, 1 bars, 
2024-07-10 21:35:35,803: root: WARNING: quote is not implemented for YahooData, but USD was passed as the quote
2024-07-10 21:35:35,803: root: WARNING: quote is not implemented for YahooData, but USD was passed as the quote
2024-07-10 21:35:35,803: asyncio: INFO: [MLTrader] Getting historical prices for SPY, 1 bars, 
2024-07-10 21:35:35,803: root: WARNING: quote is not implemented for YahooData, but USD was passed as the quote
2024-07-10 21:35:35,804: root: WARNING: quote is not implemented for YahooData, but USD was passed as the quote
2024-07-10 21:35:35,804: asyncio: INFO: [MLTrader] Getting historical prices for SPY, 1 bars, 
2024-07-10 21:35:35,804: root: WARNING: quote is not implemented for YahooData, but USD was passed as the quote
2024-07-10 21:35:35,804: root: WARNING: quote is not implemented for YahooData, but USD was passed as the quote
2024-07-10 21:35:35,804: asyncio: INFO: [MLTrader] Getting historical prices for SPY, 1 bars, 
2024-07-10 21:35:35,804: root: WARNING: quote is not implemented for YahooData, but USD was passed as the quote
2024-07-10 21:35:35,805: root: WARNING: quote is not implemented for YahooData, but USD was passed as the quote
2024-07-10 21:35:35,805: asyncio: INFO: [MLTrader] Getting historical prices for SPY, 1 bars, 
2024-07-10 21:35:35,805: root: WARNING: quote is not implemented for YahooData, but USD was passed as the quote
2024-07-10 21:35:35,805: root: WARNING: quote is not implemented for YahooData, but USD was passed as the quote
2024-07-10 21:35:35,805: asyncio: INFO: [MLTrader] Getting historical prices for SPY, 1 bars, 
2024-07-10 21:35:35,805: root: WARNING: quote is not implemented for YahooData, but USD was passed as the quote
2024-07-10 21:35:35,805: root: WARNING: quote is not implemented for YahooData, but USD was passed as the quote
2024-07-10 21:35:35,805: asyncio: INFO: [MLTrader] Getting historical prices for SPY, 1 bars, 
2024-07-10 21:35:35,805: root: WARNING: quote is not implemented for YahooData, but USD was passed as the quote
2024-07-10 21:35:35,806: root: WARNING: quote is not implemented for YahooData, but USD was passed as the quote
2024-07-10 21:35:35,806: asyncio: INFO: [MLTrader] Getting historical prices for SPY, 1 bars, 
2024-07-10 21:35:35,806: root: WARNING: quote is not implemented for YahooData, but USD was passed as the quote
2024-07-10 21:35:35,806: root: WARNING: quote is not implemented for YahooData, but USD was passed as the quote
2024-07-10 21:35:35,806: root: INFO: Current backtesting datetime 2020-02-29 09:29:00-05:00
2024-07-10 21:35:35,807: asyncio: INFO: [MLTrader] Getting historical prices for SPY, 1 bars, 
2024-07-10 21:35:35,807: root: WARNING: quote is not implemented for YahooData, but USD was passed as the quote
2024-07-10 21:35:35,807: root: WARNING: quote is not implemented for YahooData, but USD was passed as the quote
2024-07-10 21:35:35,807: asyncio: INFO: [MLTrader] Getting historical prices for SPY, 1 bars, 
2024-07-10 21:35:35,807: root: WARNING: quote is not implemented for YahooData, but USD was passed as the quote
2024-07-10 21:35:35,807: root: WARNING: quote is not implemented for YahooData, but USD was passed as the quote
2024-07-10 21:35:35,807: asyncio: INFO: [MLTrader] Getting historical prices for SPY, 1 bars, 
2024-07-10 21:35:35,807: root: WARNING: quote is not implemented for YahooData, but USD was passed as the quote
2024-07-10 21:35:35,807: root: WARNING: quote is not implemented for YahooData, but USD was passed as the quote
2024-07-10 21:35:35,807: asyncio: INFO: [MLTrader] Getting historical prices for SPY, 1 bars, 
2024-07-10 21:35:35,808: root: WARNING: quote is not implemented for YahooData, but USD was passed as the quote
2024-07-10 21:35:35,808: root: WARNING: quote is not implemented for YahooData, but USD was passed as the quote
2024-07-10 21:35:35,808: asyncio: INFO: [MLTrader] Getting historical prices for SPY, 1 bars, 
2024-07-10 21:35:35,808: root: WARNING: quote is not implemented for YahooData, but USD was passed as the quote
2024-07-10 21:35:35,808: root: WARNING: quote is not implemented for YahooData, but USD was passed as the quote
2024-07-10 21:35:35,808: asyncio: INFO: [MLTrader] Getting historical prices for SPY, 1 bars, 
2024-07-10 21:35:35,808: root: WARNING: quote is not implemented for YahooData, but USD was passed as the quote
2024-07-10 21:35:35,809: root: WARNING: quote is not implemented for YahooData, but USD was passed as the quote
2024-07-10 21:35:35,809: root: INFO: Current backtesting datetime 2020-02-29 09:29:00-05:00
2024-07-10 21:35:35,809: asyncio: INFO: [MLTrader] Executing the after_market_closes lifecycle method
2024-07-10 21:35:35,809: asyncio: INFO: [MLTrader] Getting historical prices for SPY, 1 bars, 
2024-07-10 21:35:35,809: root: WARNING: quote is not implemented for YahooData, but USD was passed as the quote
2024-07-10 21:35:35,809: root: WARNING: quote is not implemented for YahooData, but USD was passed as the quote
2024-07-10 21:35:35,809: asyncio: INFO: [MLTrader] Getting historical prices for SPY, 1 bars, 
2024-07-10 21:35:35,809: root: WARNING: quote is not implemented for YahooData, but USD was passed as the quote
2024-07-10 21:35:35,810: root: WARNING: quote is not implemented for YahooData, but USD was passed as the quote
2024-07-10 21:35:35,810: asyncio: INFO: [MLTrader] Getting historical prices for SPY, 1 bars, 
2024-07-10 21:35:35,810: root: WARNING: quote is not implemented for YahooData, but USD was passed as the quote
2024-07-10 21:35:35,810: root: WARNING: quote is not implemented for YahooData, but USD was passed as the quote
2024-07-10 21:35:35,810: asyncio: INFO: [MLTrader] Getting historical prices for SPY, 1 bars, 
2024-07-10 21:35:35,810: root: WARNING: quote is not implemented for YahooData, but USD was passed as the quote
2024-07-10 21:35:35,810: root: WARNING: quote is not implemented for YahooData, but USD was passed as the quote
2024-07-10 21:35:35,810: asyncio: INFO: [MLTrader] Getting historical prices for SPY, 1 bars, 
2024-07-10 21:35:35,810: root: WARNING: quote is not implemented for YahooData, but USD was passed as the quote
2024-07-10 21:35:35,811: root: WARNING: quote is not implemented for YahooData, but USD was passed as the quote
2024-07-10 21:35:35,811: asyncio: INFO: [MLTrader] Getting historical prices for SPY, 1 bars, 
2024-07-10 21:35:35,811: root: WARNING: quote is not implemented for YahooData, but USD was passed as the quote
2024-07-10 21:35:35,811: root: WARNING: quote is not implemented for YahooData, but USD was passed as the quote
2024-07-10 21:35:35,811: root: INFO: Current backtesting datetime 2020-03-02 08:30:00-05:00
2024-07-10 21:35:35,811: root: WARNING: quote is not implemented for YahooData, but USD was passed as the quote
2024-07-10 21:35:35,812: root: WARNING: quote is not implemented for YahooData, but USD was passed as the quote
2024-07-10 21:35:35,812: asyncio: INFO: [MLTrader] Executing the before_market_opens lifecycle method
2024-07-10 21:35:35,812: asyncio: INFO: [MLTrader] Getting historical prices for SPY, 1 bars, 
2024-07-10 21:35:35,812: root: WARNING: quote is not implemented for YahooData, but USD was passed as the quote
2024-07-10 21:35:35,812: root: WARNING: quote is not implemented for YahooData, but USD was passed as the quote
2024-07-10 21:35:35,812: asyncio: INFO: [MLTrader] Getting historical prices for SPY, 1 bars, 
2024-07-10 21:35:35,812: root: WARNING: quote is not implemented for YahooData, but USD was passed as the quote
2024-07-10 21:35:35,812: root: WARNING: quote is not implemented for YahooData, but USD was passed as the quote
2024-07-10 21:35:35,813: asyncio: INFO: [MLTrader] Getting historical prices for SPY, 1 bars, 
2024-07-10 21:35:35,813: root: WARNING: quote is not implemented for YahooData, but USD was passed as the quote
2024-07-10 21:35:35,813: root: WARNING: quote is not implemented for YahooData, but USD was passed as the quote
2024-07-10 21:35:35,813: asyncio: INFO: [MLTrader] Getting historical prices for SPY, 1 bars, 
2024-07-10 21:35:35,813: root: WARNING: quote is not implemented for YahooData, but USD was passed as the quote
2024-07-10 21:35:35,813: root: WARNING: quote is not implemented for YahooData, but USD was passed as the quote
2024-07-10 21:35:35,813: asyncio: INFO: [MLTrader] Getting historical prices for SPY, 1 bars, 
2024-07-10 21:35:35,813: root: WARNING: quote is not implemented for YahooData, but USD was passed as the quote
2024-07-10 21:35:35,813: root: WARNING: quote is not implemented for YahooData, but USD was passed as the quote
2024-07-10 21:35:35,813: asyncio: INFO: [MLTrader] Getting historical prices for SPY, 1 bars, 
2024-07-10 21:35:35,814: root: WARNING: quote is not implemented for YahooData, but USD was passed as the quote
2024-07-10 21:35:35,814: root: WARNING: quote is not implemented for YahooData, but USD was passed as the quote
2024-07-10 21:35:35,814: root: INFO: Current backtesting datetime 2020-03-02 09:30:00-05:00
2024-07-10 21:35:35,814: asyncio: INFO: [MLTrader] Executing the before_starting_trading lifecycle method
2024-07-10 21:35:35,815: asyncio: INFO: [MLTrader] Executing the on_trading_iteration lifecycle method at 2024-07-10 21:35:35
2024-07-10 21:35:35,815: root: WARNING: quote is not implemented for YahooData, but USD was passed as the quote
2024-07-10 21:35:35,815: root: WARNING: quote is not implemented for YahooData, but USD was passed as the quote
2024-07-10 21:35:36,005: asyncio: INFO: [MLTrader] Trading iteration ended at 2024-07-10 21:35:36
2024-07-10 21:35:36,005: asyncio: INFO: [MLTrader] Getting historical prices for SPY, 1 bars, 
2024-07-10 21:35:36,005: root: WARNING: quote is not implemented for YahooData, but USD was passed as the quote
2024-07-10 21:35:36,006: root: WARNING: quote is not implemented for YahooData, but USD was passed as the quote
2024-07-10 21:35:36,006: asyncio: INFO: [MLTrader] Getting historical prices for SPY, 1 bars, 
2024-07-10 21:35:36,006: root: WARNING: quote is not implemented for YahooData, but USD was passed as the quote
2024-07-10 21:35:36,006: root: WARNING: quote is not implemented for YahooData, but USD was passed as the quote
2024-07-10 21:35:36,006: asyncio: INFO: [MLTrader] Getting historical prices for SPY, 1 bars, 
2024-07-10 21:35:36,006: root: WARNING: quote is not implemented for YahooData, but USD was passed as the quote
2024-07-10 21:35:36,007: root: WARNING: quote is not implemented for YahooData, but USD was passed as the quote
2024-07-10 21:35:36,007: asyncio: INFO: [MLTrader] Getting historical prices for SPY, 1 bars, 
2024-07-10 21:35:36,007: root: WARNING: quote is not implemented for YahooData, but USD was passed as the quote
2024-07-10 21:35:36,007: root: WARNING: quote is not implemented for YahooData, but USD was passed as the quote
2024-07-10 21:35:36,007: asyncio: INFO: [MLTrader] Getting historical prices for SPY, 1 bars, 
2024-07-10 21:35:36,007: root: WARNING: quote is not implemented for YahooData, but USD was passed as the quote
2024-07-10 21:35:36,007: root: WARNING: quote is not implemented for YahooData, but USD was passed as the quote
2024-07-10 21:35:36,007: asyncio: INFO: [MLTrader] Getting historical prices for SPY, 1 bars, 
2024-07-10 21:35:36,007: root: WARNING: quote is not implemented for YahooData, but USD was passed as the quote
2024-07-10 21:35:36,008: root: WARNING: quote is not implemented for YahooData, but USD was passed as the quote
2024-07-10 21:35:36,008: asyncio: INFO: [MLTrader] Sleeping for 86400 seconds
2024-07-10 21:35:36,009: root: INFO: Current backtesting datetime 2020-03-02 16:00:00-05:00
2024-07-10 21:35:36,009: root: INFO: Current backtesting datetime 2020-03-03 09:30:00-05:00
2024-07-10 21:35:36,009: asyncio: INFO: [MLTrader] Executing the on_trading_iteration lifecycle method at 2024-07-10 21:35:36
2024-07-10 21:35:36,009: root: WARNING: quote is not implemented for YahooData, but USD was passed as the quote
2024-07-10 21:35:36,010: root: WARNING: quote is not implemented for YahooData, but USD was passed as the quote
2024-07-10 21:35:36,163: asyncio: INFO: [MLTrader] Trading iteration ended at 2024-07-10 21:35:36
2024-07-10 21:35:36,163: asyncio: INFO: [MLTrader] Getting historical prices for SPY, 1 bars, 
2024-07-10 21:35:36,163: root: WARNING: quote is not implemented for YahooData, but USD was passed as the quote
2024-07-10 21:35:36,164: root: WARNING: quote is not implemented for YahooData, but USD was passed as the quote
2024-07-10 21:35:36,164: asyncio: INFO: [MLTrader] Getting historical prices for SPY, 1 bars, 
2024-07-10 21:35:36,164: root: WARNING: quote is not implemented for YahooData, but USD was passed as the quote
2024-07-10 21:35:36,164: root: WARNING: quote is not implemented for YahooData, but USD was passed as the quote
2024-07-10 21:35:36,164: asyncio: INFO: [MLTrader] Getting historical prices for SPY, 1 bars, 
2024-07-10 21:35:36,164: root: WARNING: quote is not implemented for YahooData, but USD was passed as the quote
2024-07-10 21:35:36,164: root: WARNING: quote is not implemented for YahooData, but USD was passed as the quote
2024-07-10 21:35:36,165: asyncio: INFO: [MLTrader] Getting historical prices for SPY, 1 bars, 
2024-07-10 21:35:36,165: root: WARNING: quote is not implemented for YahooData, but USD was passed as the quote
2024-07-10 21:35:36,165: root: WARNING: quote is not implemented for YahooData, but USD was passed as the quote
2024-07-10 21:35:36,165: asyncio: INFO: [MLTrader] Getting historical prices for SPY, 1 bars, 
2024-07-10 21:35:36,165: root: WARNING: quote is not implemented for YahooData, but USD was passed as the quote
2024-07-10 21:35:36,165: root: WARNING: quote is not implemented for YahooData, but USD was passed as the quote
2024-07-10 21:35:36,165: asyncio: INFO: [MLTrader] Getting historical prices for SPY, 1 bars, 
2024-07-10 21:35:36,165: root: WARNING: quote is not implemented for YahooData, but USD was passed as the quote
2024-07-10 21:35:36,165: root: WARNING: quote is not implemented for YahooData, but USD was passed as the quote
2024-07-10 21:35:36,166: asyncio: INFO: [MLTrader] Sleeping for 86400 seconds
2024-07-10 21:35:36,166: root: INFO: Current backtesting datetime 2020-03-03 16:00:00-05:00
2024-07-10 21:35:36,166: root: INFO: Current backtesting datetime 2020-03-04 09:30:00-05:00
2024-07-10 21:35:36,167: asyncio: INFO: [MLTrader] Executing the on_trading_iteration lifecycle method at 2024-07-10 21:35:36
2024-07-10 21:35:36,167: root: WARNING: quote is not implemented for YahooData, but USD was passed as the quote
2024-07-10 21:35:36,167: root: WARNING: quote is not implemented for YahooData, but USD was passed as the quote
2024-07-10 21:35:36,331: asyncio: INFO: [MLTrader] Trading iteration ended at 2024-07-10 21:35:36
2024-07-10 21:35:36,331: asyncio: INFO: [MLTrader] Getting historical prices for SPY, 1 bars, 
2024-07-10 21:35:36,332: root: WARNING: quote is not implemented for YahooData, but USD was passed as the quote
2024-07-10 21:35:36,332: root: WARNING: quote is not implemented for YahooData, but USD was passed as the quote
2024-07-10 21:35:36,332: asyncio: INFO: [MLTrader] Getting historical prices for SPY, 1 bars, 
2024-07-10 21:35:36,332: root: WARNING: quote is not implemented for YahooData, but USD was passed as the quote
2024-07-10 21:35:36,333: root: WARNING: quote is not implemented for YahooData, but USD was passed as the quote
2024-07-10 21:35:36,333: asyncio: INFO: [MLTrader] Getting historical prices for SPY, 1 bars, 
2024-07-10 21:35:36,333: root: WARNING: quote is not implemented for YahooData, but USD was passed as the quote
2024-07-10 21:35:36,333: root: WARNING: quote is not implemented for YahooData, but USD was passed as the quote
2024-07-10 21:35:36,333: asyncio: INFO: [MLTrader] Getting historical prices for SPY, 1 bars, 
2024-07-10 21:35:36,333: root: WARNING: quote is not implemented for YahooData, but USD was passed as the quote
2024-07-10 21:35:36,333: root: WARNING: quote is not implemented for YahooData, but USD was passed as the quote
2024-07-10 21:35:36,333: asyncio: INFO: [MLTrader] Getting historical prices for SPY, 1 bars, 
2024-07-10 21:35:36,333: root: WARNING: quote is not implemented for YahooData, but USD was passed as the quote
2024-07-10 21:35:36,334: root: WARNING: quote is not implemented for YahooData, but USD was passed as the quote
2024-07-10 21:35:36,334: asyncio: INFO: [MLTrader] Getting historical prices for SPY, 1 bars, 
2024-07-10 21:35:36,334: root: WARNING: quote is not implemented for YahooData, but USD was passed as the quote
2024-07-10 21:35:36,334: root: WARNING: quote is not implemented for YahooData, but USD was passed as the quote
2024-07-10 21:35:36,334: asyncio: INFO: [MLTrader] Sleeping for 86400 seconds
2024-07-10 21:35:36,335: root: INFO: Current backtesting datetime 2020-03-04 16:00:00-05:00
2024-07-10 21:35:36,335: root: INFO: Current backtesting datetime 2020-03-05 09:30:00-05:00
2024-07-10 21:35:36,335: asyncio: INFO: [MLTrader] Executing the on_trading_iteration lifecycle method at 2024-07-10 21:35:36
2024-07-10 21:35:36,335: root: WARNING: quote is not implemented for YahooData, but USD was passed as the quote
2024-07-10 21:35:36,336: root: WARNING: quote is not implemented for YahooData, but USD was passed as the quote
2024-07-10 21:35:36,514: asyncio: INFO: [MLTrader] Trading iteration ended at 2024-07-10 21:35:36
2024-07-10 21:35:36,515: asyncio: INFO: [MLTrader] Getting historical prices for SPY, 1 bars, 
2024-07-10 21:35:36,515: root: WARNING: quote is not implemented for YahooData, but USD was passed as the quote
2024-07-10 21:35:36,515: root: WARNING: quote is not implemented for YahooData, but USD was passed as the quote
2024-07-10 21:35:36,515: asyncio: INFO: [MLTrader] Getting historical prices for SPY, 1 bars, 
2024-07-10 21:35:36,516: root: WARNING: quote is not implemented for YahooData, but USD was passed as the quote
2024-07-10 21:35:36,516: root: WARNING: quote is not implemented for YahooData, but USD was passed as the quote
2024-07-10 21:35:36,516: asyncio: INFO: [MLTrader] Getting historical prices for SPY, 1 bars, 
2024-07-10 21:35:36,516: root: WARNING: quote is not implemented for YahooData, but USD was passed as the quote
2024-07-10 21:35:36,516: root: WARNING: quote is not implemented for YahooData, but USD was passed as the quote
2024-07-10 21:35:36,516: asyncio: INFO: [MLTrader] Getting historical prices for SPY, 1 bars, 
2024-07-10 21:35:36,516: root: WARNING: quote is not implemented for YahooData, but USD was passed as the quote
2024-07-10 21:35:36,516: root: WARNING: quote is not implemented for YahooData, but USD was passed as the quote
2024-07-10 21:35:36,517: asyncio: INFO: [MLTrader] Getting historical prices for SPY, 1 bars, 
2024-07-10 21:35:36,517: root: WARNING: quote is not implemented for YahooData, but USD was passed as the quote
2024-07-10 21:35:36,517: root: WARNING: quote is not implemented for YahooData, but USD was passed as the quote
2024-07-10 21:35:36,517: asyncio: INFO: [MLTrader] Getting historical prices for SPY, 1 bars, 
2024-07-10 21:35:36,517: root: WARNING: quote is not implemented for YahooData, but USD was passed as the quote
2024-07-10 21:35:36,517: root: WARNING: quote is not implemented for YahooData, but USD was passed as the quote
2024-07-10 21:35:36,518: asyncio: INFO: [MLTrader] Sleeping for 86400 seconds
2024-07-10 21:35:36,518: root: INFO: Current backtesting datetime 2020-03-05 16:00:00-05:00
2024-07-10 21:35:36,518: root: INFO: Current backtesting datetime 2020-03-06 09:30:00-05:00
2024-07-10 21:35:36,518: asyncio: INFO: [MLTrader] Executing the on_trading_iteration lifecycle method at 2024-07-10 21:35:36
2024-07-10 21:35:36,519: root: WARNING: quote is not implemented for YahooData, but USD was passed as the quote
2024-07-10 21:35:36,519: root: WARNING: quote is not implemented for YahooData, but USD was passed as the quote
2024-07-10 21:35:36,649: asyncio: INFO: [MLTrader] New order was created: market order of | 576.0 SPY sell | at price $234.5199951171875 of class bracket with status new
2024-07-10 21:35:36,651: asyncio: INFO: [MLTrader] Trading iteration ended at 2024-07-10 21:35:36
2024-07-10 21:35:36,652: asyncio: INFO: [MLTrader] Getting historical prices for SPY, 1 bars, 
2024-07-10 21:35:36,652: root: WARNING: quote is not implemented for YahooData, but USD was passed as the quote
2024-07-10 21:35:36,652: root: WARNING: quote is not implemented for YahooData, but USD was passed as the quote
2024-07-10 21:35:36,652: asyncio: INFO: [MLTrader] Getting historical prices for SPY, 1 bars, 
2024-07-10 21:35:36,652: root: WARNING: quote is not implemented for YahooData, but USD was passed as the quote
2024-07-10 21:35:36,652: root: WARNING: quote is not implemented for YahooData, but USD was passed as the quote
2024-07-10 21:35:36,653: asyncio: INFO: [MLTrader] Getting historical prices for SPY, 1 bars, 
2024-07-10 21:35:36,653: root: WARNING: quote is not implemented for YahooData, but USD was passed as the quote
2024-07-10 21:35:36,653: root: WARNING: quote is not implemented for YahooData, but USD was passed as the quote
2024-07-10 21:35:36,653: asyncio: INFO: [MLTrader] Getting historical prices for SPY, 1 bars, 
2024-07-10 21:35:36,653: root: WARNING: quote is not implemented for YahooData, but USD was passed as the quote
2024-07-10 21:35:36,653: root: WARNING: quote is not implemented for YahooData, but USD was passed as the quote
2024-07-10 21:35:36,653: asyncio: INFO: [MLTrader] Getting historical prices for SPY, 1 bars, 
2024-07-10 21:35:36,653: root: WARNING: quote is not implemented for YahooData, but USD was passed as the quote
2024-07-10 21:35:36,654: root: WARNING: quote is not implemented for YahooData, but USD was passed as the quote
2024-07-10 21:35:36,654: asyncio: INFO: [MLTrader] Getting historical prices for SPY, 1 bars, 
2024-07-10 21:35:36,654: root: WARNING: quote is not implemented for YahooData, but USD was passed as the quote
2024-07-10 21:35:36,654: root: WARNING: quote is not implemented for YahooData, but USD was passed as the quote
2024-07-10 21:35:36,654: asyncio: INFO: [MLTrader] Getting historical prices for SPY, 1 bars, 
2024-07-10 21:35:36,654: root: WARNING: quote is not implemented for YahooData, but USD was passed as the quote
2024-07-10 21:35:36,654: root: WARNING: quote is not implemented for YahooData, but USD was passed as the quote
2024-07-10 21:35:36,654: root: INFO: market order of | 576.0 SPY sell | at price $234.5199951171875 of class bracket with status new was sent to broker backtesting
2024-07-10 21:35:36,654: root: INFO: market order of | 576.0 SPY sell | at price $234.5199951171875 of class bracket with status new was sent to broker backtesting
2024-07-10 21:35:36,654: asyncio: INFO: [MLTrader] Order was filled: market order of | 576.0 SPY sell | at price $293.15 of class bracket with status fill
2024-07-10 21:35:36,656: asyncio: INFO: [MLTrader] Sleeping for 86400 seconds
2024-07-10 21:35:36,656: root: INFO: Current backtesting datetime 2020-03-06 16:00:00-05:00
2024-07-10 21:35:36,657: root: INFO: Current backtesting datetime 2020-03-07 09:30:00-05:00
2024-07-10 21:35:36,657: asyncio: INFO: [MLTrader] The market is not currently open, skipping this trading iteration
2024-07-10 21:35:36,657: asyncio: INFO: [MLTrader] Getting historical prices for SPY, 1 bars, 
2024-07-10 21:35:36,657: root: WARNING: quote is not implemented for YahooData, but USD was passed as the quote
2024-07-10 21:35:36,657: root: WARNING: quote is not implemented for YahooData, but USD was passed as the quote
2024-07-10 21:35:36,657: asyncio: INFO: [MLTrader] Getting historical prices for SPY, 1 bars, 
2024-07-10 21:35:36,657: root: WARNING: quote is not implemented for YahooData, but USD was passed as the quote
2024-07-10 21:35:36,658: root: WARNING: quote is not implemented for YahooData, but USD was passed as the quote
2024-07-10 21:35:36,658: asyncio: INFO: [MLTrader] Getting historical prices for SPY, 1 bars, 
2024-07-10 21:35:36,658: root: WARNING: quote is not implemented for YahooData, but USD was passed as the quote
2024-07-10 21:35:36,658: root: WARNING: quote is not implemented for YahooData, but USD was passed as the quote
2024-07-10 21:35:36,658: asyncio: INFO: [MLTrader] Getting historical prices for SPY, 1 bars, 
2024-07-10 21:35:36,658: root: WARNING: quote is not implemented for YahooData, but USD was passed as the quote
2024-07-10 21:35:36,658: root: WARNING: quote is not implemented for YahooData, but USD was passed as the quote
2024-07-10 21:35:36,659: asyncio: INFO: [MLTrader] Getting historical prices for SPY, 1 bars, 
2024-07-10 21:35:36,659: root: WARNING: quote is not implemented for YahooData, but USD was passed as the quote
2024-07-10 21:35:36,659: root: WARNING: quote is not implemented for YahooData, but USD was passed as the quote
2024-07-10 21:35:36,659: asyncio: INFO: [MLTrader] Getting historical prices for SPY, 1 bars, 
2024-07-10 21:35:36,659: root: WARNING: quote is not implemented for YahooData, but USD was passed as the quote
2024-07-10 21:35:36,659: root: WARNING: quote is not implemented for YahooData, but USD was passed as the quote
2024-07-10 21:35:36,659: asyncio: INFO: [MLTrader] Getting historical prices for SPY, 1 bars, 
2024-07-10 21:35:36,659: root: WARNING: quote is not implemented for YahooData, but USD was passed as the quote
2024-07-10 21:35:36,659: root: WARNING: quote is not implemented for YahooData, but USD was passed as the quote
2024-07-10 21:35:36,660: asyncio: INFO: [MLTrader] Getting historical prices for SPY, 1 bars, 
2024-07-10 21:35:36,660: root: WARNING: quote is not implemented for YahooData, but USD was passed as the quote
2024-07-10 21:35:36,660: root: WARNING: quote is not implemented for YahooData, but USD was passed as the quote
2024-07-10 21:35:36,660: asyncio: INFO: [MLTrader] Getting historical prices for SPY, 1 bars, 
2024-07-10 21:35:36,660: root: WARNING: quote is not implemented for YahooData, but USD was passed as the quote
2024-07-10 21:35:36,660: root: WARNING: quote is not implemented for YahooData, but USD was passed as the quote
2024-07-10 21:35:36,660: asyncio: INFO: [MLTrader] Getting historical prices for SPY, 1 bars, 
2024-07-10 21:35:36,660: root: WARNING: quote is not implemented for YahooData, but USD was passed as the quote
2024-07-10 21:35:36,661: root: WARNING: quote is not implemented for YahooData, but USD was passed as the quote
2024-07-10 21:35:36,661: asyncio: INFO: [MLTrader] Getting historical prices for SPY, 1 bars, 
2024-07-10 21:35:36,661: root: WARNING: quote is not implemented for YahooData, but USD was passed as the quote
2024-07-10 21:35:36,661: root: WARNING: quote is not implemented for YahooData, but USD was passed as the quote
2024-07-10 21:35:36,661: asyncio: INFO: [MLTrader] Getting historical prices for SPY, 1 bars, 
2024-07-10 21:35:36,661: root: WARNING: quote is not implemented for YahooData, but USD was passed as the quote
2024-07-10 21:35:36,661: root: WARNING: quote is not implemented for YahooData, but USD was passed as the quote
2024-07-10 21:35:36,661: asyncio: INFO: [MLTrader] Getting historical prices for SPY, 1 bars, 
2024-07-10 21:35:36,661: root: WARNING: quote is not implemented for YahooData, but USD was passed as the quote
2024-07-10 21:35:36,662: root: WARNING: quote is not implemented for YahooData, but USD was passed as the quote
2024-07-10 21:35:36,662: asyncio: INFO: [MLTrader] Getting historical prices for SPY, 1 bars, 
2024-07-10 21:35:36,662: root: WARNING: quote is not implemented for YahooData, but USD was passed as the quote
2024-07-10 21:35:36,662: root: WARNING: quote is not implemented for YahooData, but USD was passed as the quote
2024-07-10 21:35:36,662: asyncio: INFO: [MLTrader] Getting historical prices for SPY, 1 bars, 
2024-07-10 21:35:36,662: root: WARNING: quote is not implemented for YahooData, but USD was passed as the quote
2024-07-10 21:35:36,662: root: WARNING: quote is not implemented for YahooData, but USD was passed as the quote
2024-07-10 21:35:36,662: asyncio: INFO: [MLTrader] Getting historical prices for SPY, 1 bars, 
2024-07-10 21:35:36,662: root: WARNING: quote is not implemented for YahooData, but USD was passed as the quote
2024-07-10 21:35:36,663: root: WARNING: quote is not implemented for YahooData, but USD was passed as the quote
2024-07-10 21:35:36,663: root: INFO: Current backtesting datetime 2020-03-07 09:29:00-05:00
2024-07-10 21:35:36,663: asyncio: INFO: [MLTrader] Getting historical prices for SPY, 1 bars, 
2024-07-10 21:35:36,663: root: WARNING: quote is not implemented for YahooData, but USD was passed as the quote
2024-07-10 21:35:36,663: root: WARNING: quote is not implemented for YahooData, but USD was passed as the quote
2024-07-10 21:35:36,664: asyncio: INFO: [MLTrader] Getting historical prices for SPY, 1 bars, 
2024-07-10 21:35:36,664: root: WARNING: quote is not implemented for YahooData, but USD was passed as the quote
2024-07-10 21:35:36,664: root: WARNING: quote is not implemented for YahooData, but USD was passed as the quote
2024-07-10 21:35:36,664: asyncio: INFO: [MLTrader] Getting historical prices for SPY, 1 bars, 
2024-07-10 21:35:36,664: root: WARNING: quote is not implemented for YahooData, but USD was passed as the quote
2024-07-10 21:35:36,664: root: WARNING: quote is not implemented for YahooData, but USD was passed as the quote
2024-07-10 21:35:36,664: asyncio: INFO: [MLTrader] Getting historical prices for SPY, 1 bars, 
2024-07-10 21:35:36,664: root: WARNING: quote is not implemented for YahooData, but USD was passed as the quote
2024-07-10 21:35:36,664: root: WARNING: quote is not implemented for YahooData, but USD was passed as the quote
2024-07-10 21:35:36,665: asyncio: INFO: [MLTrader] Getting historical prices for SPY, 1 bars, 
2024-07-10 21:35:36,665: root: WARNING: quote is not implemented for YahooData, but USD was passed as the quote
2024-07-10 21:35:36,665: root: WARNING: quote is not implemented for YahooData, but USD was passed as the quote
2024-07-10 21:35:36,665: asyncio: INFO: [MLTrader] Getting historical prices for SPY, 1 bars, 
2024-07-10 21:35:36,665: root: WARNING: quote is not implemented for YahooData, but USD was passed as the quote
2024-07-10 21:35:36,665: root: WARNING: quote is not implemented for YahooData, but USD was passed as the quote
2024-07-10 21:35:36,665: asyncio: INFO: [MLTrader] Getting historical prices for SPY, 1 bars, 
2024-07-10 21:35:36,665: root: WARNING: quote is not implemented for YahooData, but USD was passed as the quote
2024-07-10 21:35:36,665: root: WARNING: quote is not implemented for YahooData, but USD was passed as the quote
2024-07-10 21:35:36,666: asyncio: INFO: [MLTrader] Getting historical prices for SPY, 1 bars, 
2024-07-10 21:35:36,666: root: WARNING: quote is not implemented for YahooData, but USD was passed as the quote
2024-07-10 21:35:36,666: root: WARNING: quote is not implemented for YahooData, but USD was passed as the quote
2024-07-10 21:35:36,666: root: INFO: Current backtesting datetime 2020-03-07 09:29:00-05:00
2024-07-10 21:35:36,666: asyncio: INFO: [MLTrader] Executing the after_market_closes lifecycle method
2024-07-10 21:35:36,666: asyncio: INFO: [MLTrader] Getting historical prices for SPY, 1 bars, 
2024-07-10 21:35:36,666: root: WARNING: quote is not implemented for YahooData, but USD was passed as the quote
2024-07-10 21:35:36,666: root: WARNING: quote is not implemented for YahooData, but USD was passed as the quote
2024-07-10 21:35:36,666: asyncio: INFO: [MLTrader] Getting historical prices for SPY, 1 bars, 
2024-07-10 21:35:36,666: root: WARNING: quote is not implemented for YahooData, but USD was passed as the quote
2024-07-10 21:35:36,667: root: WARNING: quote is not implemented for YahooData, but USD was passed as the quote
2024-07-10 21:35:36,667: asyncio: INFO: [MLTrader] Getting historical prices for SPY, 1 bars, 
2024-07-10 21:35:36,667: root: WARNING: quote is not implemented for YahooData, but USD was passed as the quote
2024-07-10 21:35:36,667: root: WARNING: quote is not implemented for YahooData, but USD was passed as the quote
2024-07-10 21:35:36,667: asyncio: INFO: [MLTrader] Getting historical prices for SPY, 1 bars, 
2024-07-10 21:35:36,667: root: WARNING: quote is not implemented for YahooData, but USD was passed as the quote
2024-07-10 21:35:36,667: root: WARNING: quote is not implemented for YahooData, but USD was passed as the quote
2024-07-10 21:35:36,667: asyncio: INFO: [MLTrader] Getting historical prices for SPY, 1 bars, 
2024-07-10 21:35:36,667: root: WARNING: quote is not implemented for YahooData, but USD was passed as the quote
2024-07-10 21:35:36,668: root: WARNING: quote is not implemented for YahooData, but USD was passed as the quote
2024-07-10 21:35:36,668: asyncio: INFO: [MLTrader] Getting historical prices for SPY, 1 bars, 
2024-07-10 21:35:36,668: root: WARNING: quote is not implemented for YahooData, but USD was passed as the quote
2024-07-10 21:35:36,668: root: WARNING: quote is not implemented for YahooData, but USD was passed as the quote
2024-07-10 21:35:36,668: asyncio: INFO: [MLTrader] Getting historical prices for SPY, 1 bars, 
2024-07-10 21:35:36,668: root: WARNING: quote is not implemented for YahooData, but USD was passed as the quote
2024-07-10 21:35:36,668: root: WARNING: quote is not implemented for YahooData, but USD was passed as the quote
2024-07-10 21:35:36,668: asyncio: INFO: [MLTrader] Getting historical prices for SPY, 1 bars, 
2024-07-10 21:35:36,668: root: WARNING: quote is not implemented for YahooData, but USD was passed as the quote
2024-07-10 21:35:36,669: root: WARNING: quote is not implemented for YahooData, but USD was passed as the quote
2024-07-10 21:35:36,669: root: INFO: Current backtesting datetime 2020-03-09 07:30:00-05:00
2024-07-10 21:35:36,669: root: WARNING: quote is not implemented for YahooData, but USD was passed as the quote
2024-07-10 21:35:36,669: root: WARNING: quote is not implemented for YahooData, but USD was passed as the quote
2024-07-10 21:35:36,670: asyncio: INFO: [MLTrader] Executing the before_market_opens lifecycle method
2024-07-10 21:35:36,670: asyncio: INFO: [MLTrader] Getting historical prices for SPY, 1 bars, 
2024-07-10 21:35:36,670: root: WARNING: quote is not implemented for YahooData, but USD was passed as the quote
2024-07-10 21:35:36,670: root: WARNING: quote is not implemented for YahooData, but USD was passed as the quote
2024-07-10 21:35:36,670: asyncio: INFO: [MLTrader] Getting historical prices for SPY, 1 bars, 
2024-07-10 21:35:36,670: root: WARNING: quote is not implemented for YahooData, but USD was passed as the quote
2024-07-10 21:35:36,671: root: WARNING: quote is not implemented for YahooData, but USD was passed as the quote
2024-07-10 21:35:36,671: asyncio: INFO: [MLTrader] Getting historical prices for SPY, 1 bars, 
2024-07-10 21:35:36,671: root: WARNING: quote is not implemented for YahooData, but USD was passed as the quote
2024-07-10 21:35:36,671: root: WARNING: quote is not implemented for YahooData, but USD was passed as the quote
2024-07-10 21:35:36,671: asyncio: INFO: [MLTrader] Getting historical prices for SPY, 1 bars, 
2024-07-10 21:35:36,671: root: WARNING: quote is not implemented for YahooData, but USD was passed as the quote
2024-07-10 21:35:36,671: root: WARNING: quote is not implemented for YahooData, but USD was passed as the quote
2024-07-10 21:35:36,671: asyncio: INFO: [MLTrader] Getting historical prices for SPY, 1 bars, 
2024-07-10 21:35:36,671: root: WARNING: quote is not implemented for YahooData, but USD was passed as the quote
2024-07-10 21:35:36,672: root: WARNING: quote is not implemented for YahooData, but USD was passed as the quote
2024-07-10 21:35:36,672: asyncio: INFO: [MLTrader] Getting historical prices for SPY, 1 bars, 
2024-07-10 21:35:36,672: root: WARNING: quote is not implemented for YahooData, but USD was passed as the quote
2024-07-10 21:35:36,672: root: WARNING: quote is not implemented for YahooData, but USD was passed as the quote
2024-07-10 21:35:36,672: asyncio: INFO: [MLTrader] Getting historical prices for SPY, 1 bars, 
2024-07-10 21:35:36,672: root: WARNING: quote is not implemented for YahooData, but USD was passed as the quote
2024-07-10 21:35:36,672: root: WARNING: quote is not implemented for YahooData, but USD was passed as the quote
2024-07-10 21:35:36,672: asyncio: INFO: [MLTrader] Getting historical prices for SPY, 1 bars, 
2024-07-10 21:35:36,672: root: WARNING: quote is not implemented for YahooData, but USD was passed as the quote
2024-07-10 21:35:36,673: root: WARNING: quote is not implemented for YahooData, but USD was passed as the quote
2024-07-10 21:35:36,673: root: INFO: Current backtesting datetime 2020-03-09 08:30:00-05:00
2024-07-10 21:35:36,673: asyncio: INFO: [MLTrader] Executing the before_starting_trading lifecycle method
2024-07-10 21:35:36,674: asyncio: INFO: [MLTrader] Executing the on_trading_iteration lifecycle method at 2024-07-10 21:35:36
2024-07-10 21:35:36,674: root: WARNING: quote is not implemented for YahooData, but USD was passed as the quote
2024-07-10 21:35:36,674: root: WARNING: quote is not implemented for YahooData, but USD was passed as the quote
2024-07-10 21:35:36,880: asyncio: INFO: [MLTrader] New order was created: market order of | 890.0 SPY sell | at price $227.71201171875 of class bracket with status new
2024-07-10 21:35:36,883: asyncio: INFO: [MLTrader] Trading iteration ended at 2024-07-10 21:35:36
2024-07-10 21:35:36,884: asyncio: INFO: [MLTrader] Getting historical prices for SPY, 1 bars, 
2024-07-10 21:35:36,884: root: WARNING: quote is not implemented for YahooData, but USD was passed as the quote
2024-07-10 21:35:36,884: root: WARNING: quote is not implemented for YahooData, but USD was passed as the quote
2024-07-10 21:35:36,884: asyncio: INFO: [MLTrader] Getting historical prices for SPY, 1 bars, 
2024-07-10 21:35:36,884: root: WARNING: quote is not implemented for YahooData, but USD was passed as the quote
2024-07-10 21:35:36,885: root: WARNING: quote is not implemented for YahooData, but USD was passed as the quote
2024-07-10 21:35:36,885: asyncio: INFO: [MLTrader] Getting historical prices for SPY, 1 bars, 
2024-07-10 21:35:36,885: root: WARNING: quote is not implemented for YahooData, but USD was passed as the quote
2024-07-10 21:35:36,885: root: WARNING: quote is not implemented for YahooData, but USD was passed as the quote
2024-07-10 21:35:36,885: asyncio: INFO: [MLTrader] Getting historical prices for SPY, 1 bars, 
2024-07-10 21:35:36,885: root: WARNING: quote is not implemented for YahooData, but USD was passed as the quote
2024-07-10 21:35:36,885: root: WARNING: quote is not implemented for YahooData, but USD was passed as the quote
2024-07-10 21:35:36,885: asyncio: INFO: [MLTrader] Getting historical prices for SPY, 1 bars, 
2024-07-10 21:35:36,885: root: WARNING: quote is not implemented for YahooData, but USD was passed as the quote
2024-07-10 21:35:36,886: root: WARNING: quote is not implemented for YahooData, but USD was passed as the quote
2024-07-10 21:35:36,886: asyncio: INFO: [MLTrader] Getting historical prices for SPY, 1 bars, 
2024-07-10 21:35:36,886: root: WARNING: quote is not implemented for YahooData, but USD was passed as the quote
2024-07-10 21:35:36,886: root: WARNING: quote is not implemented for YahooData, but USD was passed as the quote
2024-07-10 21:35:36,886: asyncio: INFO: [MLTrader] Getting historical prices for SPY, 1 bars, 
2024-07-10 21:35:36,886: root: WARNING: quote is not implemented for YahooData, but USD was passed as the quote
2024-07-10 21:35:36,886: root: WARNING: quote is not implemented for YahooData, but USD was passed as the quote
2024-07-10 21:35:36,886: asyncio: INFO: [MLTrader] Getting historical prices for SPY, 1 bars, 
2024-07-10 21:35:36,886: root: WARNING: quote is not implemented for YahooData, but USD was passed as the quote
2024-07-10 21:35:36,887: root: WARNING: quote is not implemented for YahooData, but USD was passed as the quote
2024-07-10 21:35:36,887: asyncio: INFO: [MLTrader] Getting historical prices for SPY, 1 bars, 
2024-07-10 21:35:36,887: root: WARNING: quote is not implemented for YahooData, but USD was passed as the quote
2024-07-10 21:35:36,887: root: WARNING: quote is not implemented for YahooData, but USD was passed as the quote
2024-07-10 21:35:36,887: root: INFO: market order of | 890.0 SPY sell | at price $227.71201171875 of class bracket with status new was sent to broker backtesting
2024-07-10 21:35:36,887: root: INFO: market order of | 890.0 SPY sell | at price $227.71201171875 of class bracket with status new was sent to broker backtesting
2024-07-10 21:35:36,887: asyncio: INFO: [MLTrader] Order was filled: market order of | 890.0 SPY sell | at price $284.64 of class bracket with status fill
2024-07-10 21:35:36,889: asyncio: INFO: [MLTrader] Sleeping for 86400 seconds
2024-07-10 21:35:36,889: root: INFO: Current backtesting datetime 2020-03-09 15:00:00-05:00
2024-07-10 21:35:36,889: root: INFO: Current backtesting datetime 2020-03-10 08:30:00-05:00
2024-07-10 21:35:36,890: asyncio: INFO: [MLTrader] Executing the on_trading_iteration lifecycle method at 2024-07-10 21:35:36
2024-07-10 21:35:36,890: root: WARNING: quote is not implemented for YahooData, but USD was passed as the quote
2024-07-10 21:35:36,890: root: WARNING: quote is not implemented for YahooData, but USD was passed as the quote
2024-07-10 21:35:37,029: asyncio: INFO: [MLTrader] Trading iteration ended at 2024-07-10 21:35:37
2024-07-10 21:35:37,030: asyncio: INFO: [MLTrader] Getting historical prices for SPY, 1 bars, 
2024-07-10 21:35:37,030: root: WARNING: quote is not implemented for YahooData, but USD was passed as the quote
2024-07-10 21:35:37,030: root: WARNING: quote is not implemented for YahooData, but USD was passed as the quote
2024-07-10 21:35:37,030: asyncio: INFO: [MLTrader] Getting historical prices for SPY, 1 bars, 
2024-07-10 21:35:37,030: root: WARNING: quote is not implemented for YahooData, but USD was passed as the quote
2024-07-10 21:35:37,031: root: WARNING: quote is not implemented for YahooData, but USD was passed as the quote
2024-07-10 21:35:37,031: asyncio: INFO: [MLTrader] Getting historical prices for SPY, 1 bars, 
2024-07-10 21:35:37,031: root: WARNING: quote is not implemented for YahooData, but USD was passed as the quote
2024-07-10 21:35:37,031: root: WARNING: quote is not implemented for YahooData, but USD was passed as the quote
2024-07-10 21:35:37,031: asyncio: INFO: [MLTrader] Getting historical prices for SPY, 1 bars, 
2024-07-10 21:35:37,031: root: WARNING: quote is not implemented for YahooData, but USD was passed as the quote
2024-07-10 21:35:37,031: root: WARNING: quote is not implemented for YahooData, but USD was passed as the quote
2024-07-10 21:35:37,031: asyncio: INFO: [MLTrader] Getting historical prices for SPY, 1 bars, 
2024-07-10 21:35:37,031: root: WARNING: quote is not implemented for YahooData, but USD was passed as the quote
2024-07-10 21:35:37,032: root: WARNING: quote is not implemented for YahooData, but USD was passed as the quote
2024-07-10 21:35:37,032: asyncio: INFO: [MLTrader] Getting historical prices for SPY, 1 bars, 
2024-07-10 21:35:37,032: root: WARNING: quote is not implemented for YahooData, but USD was passed as the quote
2024-07-10 21:35:37,032: root: WARNING: quote is not implemented for YahooData, but USD was passed as the quote
2024-07-10 21:35:37,032: asyncio: INFO: [MLTrader] Getting historical prices for SPY, 1 bars, 
2024-07-10 21:35:37,032: root: WARNING: quote is not implemented for YahooData, but USD was passed as the quote
2024-07-10 21:35:37,032: root: WARNING: quote is not implemented for YahooData, but USD was passed as the quote
2024-07-10 21:35:37,032: asyncio: INFO: [MLTrader] Getting historical prices for SPY, 1 bars, 
2024-07-10 21:35:37,032: root: WARNING: quote is not implemented for YahooData, but USD was passed as the quote
2024-07-10 21:35:37,033: root: WARNING: quote is not implemented for YahooData, but USD was passed as the quote
2024-07-10 21:35:37,033: asyncio: INFO: [MLTrader] Getting historical prices for SPY, 1 bars, 
2024-07-10 21:35:37,033: root: WARNING: quote is not implemented for YahooData, but USD was passed as the quote
2024-07-10 21:35:37,033: root: WARNING: quote is not implemented for YahooData, but USD was passed as the quote
2024-07-10 21:35:37,033: asyncio: INFO: [MLTrader] Getting historical prices for SPY, 1 bars, 
2024-07-10 21:35:37,033: root: WARNING: quote is not implemented for YahooData, but USD was passed as the quote
2024-07-10 21:35:37,033: root: WARNING: quote is not implemented for YahooData, but USD was passed as the quote
2024-07-10 21:35:37,034: asyncio: INFO: [MLTrader] Sleeping for 86400 seconds
2024-07-10 21:35:37,034: root: INFO: Current backtesting datetime 2020-03-10 15:00:00-05:00
2024-07-10 21:35:37,034: root: INFO: Current backtesting datetime 2020-03-11 08:30:00-05:00
2024-07-10 21:35:37,035: asyncio: INFO: [MLTrader] Executing the on_trading_iteration lifecycle method at 2024-07-10 21:35:37
2024-07-10 21:35:37,035: root: WARNING: quote is not implemented for YahooData, but USD was passed as the quote
2024-07-10 21:35:37,035: root: WARNING: quote is not implemented for YahooData, but USD was passed as the quote
2024-07-10 21:35:37,245: asyncio: INFO: [MLTrader] Trading iteration ended at 2024-07-10 21:35:37
2024-07-10 21:35:37,245: asyncio: INFO: [MLTrader] Getting historical prices for SPY, 1 bars, 
2024-07-10 21:35:37,245: root: WARNING: quote is not implemented for YahooData, but USD was passed as the quote
2024-07-10 21:35:37,246: root: WARNING: quote is not implemented for YahooData, but USD was passed as the quote
2024-07-10 21:35:37,246: asyncio: INFO: [MLTrader] Getting historical prices for SPY, 1 bars, 
2024-07-10 21:35:37,246: root: WARNING: quote is not implemented for YahooData, but USD was passed as the quote
2024-07-10 21:35:37,247: root: WARNING: quote is not implemented for YahooData, but USD was passed as the quote
2024-07-10 21:35:37,247: asyncio: INFO: [MLTrader] Order was canceled: stop order of | 155.0 SPY buy | at price $339.5175064086914 with status canceled
2024-07-10 21:35:37,248: asyncio: INFO: [MLTrader] Order was filled: limit order of | 155.0 SPY buy | at price $256.0 with status fill
2024-07-10 21:35:37,249: asyncio: INFO: [MLTrader] Getting historical prices for SPY, 1 bars, 
2024-07-10 21:35:37,249: root: WARNING: quote is not implemented for YahooData, but USD was passed as the quote
2024-07-10 21:35:37,250: root: WARNING: quote is not implemented for YahooData, but USD was passed as the quote
2024-07-10 21:35:37,250: asyncio: INFO: [MLTrader] Getting historical prices for SPY, 1 bars, 
2024-07-10 21:35:37,250: root: WARNING: quote is not implemented for YahooData, but USD was passed as the quote
2024-07-10 21:35:37,250: root: WARNING: quote is not implemented for YahooData, but USD was passed as the quote
2024-07-10 21:35:37,250: asyncio: INFO: [MLTrader] Order was canceled: stop order of | 227.0 SPY buy | at price $347.79151153564453 with status canceled
2024-07-10 21:35:37,251: asyncio: INFO: [MLTrader] Order was filled: limit order of | 227.0 SPY buy | at price $256.0 with status fill
2024-07-10 21:35:37,365: asyncio: INFO: [MLTrader] Getting historical prices for SPY, 1 bars, 
2024-07-10 21:35:37,365: root: WARNING: quote is not implemented for YahooData, but USD was passed as the quote
2024-07-10 21:35:37,365: root: WARNING: quote is not implemented for YahooData, but USD was passed as the quote
2024-07-10 21:35:37,366: asyncio: INFO: [MLTrader] Getting historical prices for SPY, 1 bars, 
2024-07-10 21:35:37,366: root: WARNING: quote is not implemented for YahooData, but USD was passed as the quote
2024-07-10 21:35:37,367: root: WARNING: quote is not implemented for YahooData, but USD was passed as the quote
2024-07-10 21:35:37,367: asyncio: INFO: [MLTrader] Order was canceled: stop order of | 335.0 SPY buy | at price $352.6529846191406 with status canceled
2024-07-10 21:35:37,368: asyncio: INFO: [MLTrader] Order was filled: limit order of | 335.0 SPY buy | at price $256.0 with status fill
2024-07-10 21:35:37,369: asyncio: INFO: [MLTrader] Getting historical prices for SPY, 1 bars, 
2024-07-10 21:35:37,369: root: WARNING: quote is not implemented for YahooData, but USD was passed as the quote
2024-07-10 21:35:37,370: root: WARNING: quote is not implemented for YahooData, but USD was passed as the quote
2024-07-10 21:35:37,371: asyncio: INFO: [MLTrader] Getting historical prices for SPY, 1 bars, 
2024-07-10 21:35:37,371: root: WARNING: quote is not implemented for YahooData, but USD was passed as the quote
2024-07-10 21:35:37,371: root: WARNING: quote is not implemented for YahooData, but USD was passed as the quote
2024-07-10 21:35:37,371: asyncio: INFO: [MLTrader] Getting historical prices for SPY, 1 bars, 
2024-07-10 21:35:37,371: root: WARNING: quote is not implemented for YahooData, but USD was passed as the quote
2024-07-10 21:35:37,371: root: WARNING: quote is not implemented for YahooData, but USD was passed as the quote
2024-07-10 21:35:37,371: asyncio: INFO: [MLTrader] Getting historical prices for SPY, 1 bars, 
2024-07-10 21:35:37,371: root: WARNING: quote is not implemented for YahooData, but USD was passed as the quote
2024-07-10 21:35:37,372: root: WARNING: quote is not implemented for YahooData, but USD was passed as the quote
2024-07-10 21:35:37,372: asyncio: INFO: [MLTrader] Sleeping for 86400 seconds
2024-07-10 21:35:37,372: root: INFO: Current backtesting datetime 2020-03-11 15:00:00-05:00
2024-07-10 21:35:37,372: root: INFO: Current backtesting datetime 2020-03-12 08:30:00-05:00
2024-07-10 21:35:37,381: asyncio: INFO: [MLTrader] Executing the on_trading_iteration lifecycle method at 2024-07-10 21:35:37
2024-07-10 21:35:37,381: root: WARNING: quote is not implemented for YahooData, but USD was passed as the quote
2024-07-10 21:35:37,381: root: WARNING: quote is not implemented for YahooData, but USD was passed as the quote
2024-07-10 21:35:37,579: asyncio: INFO: [MLTrader] Trading iteration ended at 2024-07-10 21:35:37
2024-07-10 21:35:37,579: asyncio: INFO: [MLTrader] Getting historical prices for SPY, 1 bars, 
2024-07-10 21:35:37,580: root: WARNING: quote is not implemented for YahooData, but USD was passed as the quote
2024-07-10 21:35:37,580: root: WARNING: quote is not implemented for YahooData, but USD was passed as the quote
2024-07-10 21:35:37,580: asyncio: INFO: [MLTrader] Getting historical prices for SPY, 1 bars, 
2024-07-10 21:35:37,580: root: WARNING: quote is not implemented for YahooData, but USD was passed as the quote
2024-07-10 21:35:37,581: root: WARNING: quote is not implemented for YahooData, but USD was passed as the quote
2024-07-10 21:35:37,581: asyncio: INFO: [MLTrader] Getting historical prices for SPY, 1 bars, 
2024-07-10 21:35:37,581: root: WARNING: quote is not implemented for YahooData, but USD was passed as the quote
2024-07-10 21:35:37,581: root: WARNING: quote is not implemented for YahooData, but USD was passed as the quote
2024-07-10 21:35:37,581: asyncio: INFO: [MLTrader] Getting historical prices for SPY, 1 bars, 
2024-07-10 21:35:37,581: root: WARNING: quote is not implemented for YahooData, but USD was passed as the quote
2024-07-10 21:35:37,582: root: WARNING: quote is not implemented for YahooData, but USD was passed as the quote
2024-07-10 21:35:37,582: asyncio: INFO: [MLTrader] Sleeping for 86400 seconds
2024-07-10 21:35:37,582: root: INFO: Current backtesting datetime 2020-03-12 15:00:00-05:00
2024-07-10 21:35:37,582: root: INFO: Current backtesting datetime 2020-03-13 08:30:00-05:00
2024-07-10 21:35:37,583: asyncio: INFO: [MLTrader] Executing the on_trading_iteration lifecycle method at 2024-07-10 21:35:37
2024-07-10 21:35:37,583: root: WARNING: quote is not implemented for YahooData, but USD was passed as the quote
2024-07-10 21:35:37,584: root: WARNING: quote is not implemented for YahooData, but USD was passed as the quote
2024-07-10 21:35:37,793: asyncio: INFO: [MLTrader] Trading iteration ended at 2024-07-10 21:35:37
2024-07-10 21:35:37,793: asyncio: INFO: [MLTrader] Getting historical prices for SPY, 1 bars, 
2024-07-10 21:35:37,793: root: WARNING: quote is not implemented for YahooData, but USD was passed as the quote
2024-07-10 21:35:37,794: root: WARNING: quote is not implemented for YahooData, but USD was passed as the quote
2024-07-10 21:35:37,794: asyncio: INFO: [MLTrader] Getting historical prices for SPY, 1 bars, 
2024-07-10 21:35:37,794: root: WARNING: quote is not implemented for YahooData, but USD was passed as the quote
2024-07-10 21:35:37,794: root: WARNING: quote is not implemented for YahooData, but USD was passed as the quote
2024-07-10 21:35:37,794: asyncio: INFO: [MLTrader] Getting historical prices for SPY, 1 bars, 
2024-07-10 21:35:37,794: root: WARNING: quote is not implemented for YahooData, but USD was passed as the quote
2024-07-10 21:35:37,794: root: WARNING: quote is not implemented for YahooData, but USD was passed as the quote
2024-07-10 21:35:37,794: asyncio: INFO: [MLTrader] Getting historical prices for SPY, 1 bars, 
2024-07-10 21:35:37,794: root: WARNING: quote is not implemented for YahooData, but USD was passed as the quote
2024-07-10 21:35:37,795: root: WARNING: quote is not implemented for YahooData, but USD was passed as the quote
2024-07-10 21:35:37,795: asyncio: INFO: [MLTrader] Sleeping for 86400 seconds
2024-07-10 21:35:37,795: root: INFO: Current backtesting datetime 2020-03-13 15:00:00-05:00
2024-07-10 21:35:37,795: root: INFO: Current backtesting datetime 2020-03-14 08:30:00-05:00
2024-07-10 21:35:37,796: asyncio: INFO: [MLTrader] The market is not currently open, skipping this trading iteration
2024-07-10 21:35:37,796: asyncio: INFO: [MLTrader] Getting historical prices for SPY, 1 bars, 
2024-07-10 21:35:37,796: root: WARNING: quote is not implemented for YahooData, but USD was passed as the quote
2024-07-10 21:35:37,796: root: WARNING: quote is not implemented for YahooData, but USD was passed as the quote
2024-07-10 21:35:37,796: asyncio: INFO: [MLTrader] Getting historical prices for SPY, 1 bars, 
2024-07-10 21:35:37,796: root: WARNING: quote is not implemented for YahooData, but USD was passed as the quote
2024-07-10 21:35:37,797: root: WARNING: quote is not implemented for YahooData, but USD was passed as the quote
2024-07-10 21:35:37,797: asyncio: INFO: [MLTrader] Getting historical prices for SPY, 1 bars, 
2024-07-10 21:35:37,797: root: WARNING: quote is not implemented for YahooData, but USD was passed as the quote
2024-07-10 21:35:37,797: root: WARNING: quote is not implemented for YahooData, but USD was passed as the quote
2024-07-10 21:35:37,797: asyncio: INFO: [MLTrader] Getting historical prices for SPY, 1 bars, 
2024-07-10 21:35:37,797: root: WARNING: quote is not implemented for YahooData, but USD was passed as the quote
2024-07-10 21:35:37,797: root: WARNING: quote is not implemented for YahooData, but USD was passed as the quote
2024-07-10 21:35:37,798: asyncio: INFO: [MLTrader] Getting historical prices for SPY, 1 bars, 
2024-07-10 21:35:37,798: root: WARNING: quote is not implemented for YahooData, but USD was passed as the quote
2024-07-10 21:35:37,798: root: WARNING: quote is not implemented for YahooData, but USD was passed as the quote
2024-07-10 21:35:37,798: asyncio: INFO: [MLTrader] Getting historical prices for SPY, 1 bars, 
2024-07-10 21:35:37,798: root: WARNING: quote is not implemented for YahooData, but USD was passed as the quote
2024-07-10 21:35:37,798: root: WARNING: quote is not implemented for YahooData, but USD was passed as the quote
2024-07-10 21:35:37,798: asyncio: INFO: [MLTrader] Getting historical prices for SPY, 1 bars, 
2024-07-10 21:35:37,798: root: WARNING: quote is not implemented for YahooData, but USD was passed as the quote
2024-07-10 21:35:37,798: root: WARNING: quote is not implemented for YahooData, but USD was passed as the quote
2024-07-10 21:35:37,799: asyncio: INFO: [MLTrader] Getting historical prices for SPY, 1 bars, 
2024-07-10 21:35:37,799: root: WARNING: quote is not implemented for YahooData, but USD was passed as the quote
2024-07-10 21:35:37,799: root: WARNING: quote is not implemented for YahooData, but USD was passed as the quote
2024-07-10 21:35:37,799: root: INFO: Current backtesting datetime 2020-03-14 08:29:00-05:00
2024-07-10 21:35:37,799: asyncio: INFO: [MLTrader] Getting historical prices for SPY, 1 bars, 
2024-07-10 21:35:37,799: root: WARNING: quote is not implemented for YahooData, but USD was passed as the quote
2024-07-10 21:35:37,799: root: WARNING: quote is not implemented for YahooData, but USD was passed as the quote
2024-07-10 21:35:37,800: asyncio: INFO: [MLTrader] Getting historical prices for SPY, 1 bars, 
2024-07-10 21:35:37,800: root: WARNING: quote is not implemented for YahooData, but USD was passed as the quote
2024-07-10 21:35:37,800: root: WARNING: quote is not implemented for YahooData, but USD was passed as the quote
2024-07-10 21:35:37,800: asyncio: INFO: [MLTrader] Getting historical prices for SPY, 1 bars, 
2024-07-10 21:35:37,800: root: WARNING: quote is not implemented for YahooData, but USD was passed as the quote
2024-07-10 21:35:37,800: root: WARNING: quote is not implemented for YahooData, but USD was passed as the quote
2024-07-10 21:35:37,800: asyncio: INFO: [MLTrader] Getting historical prices for SPY, 1 bars, 
2024-07-10 21:35:37,800: root: WARNING: quote is not implemented for YahooData, but USD was passed as the quote
2024-07-10 21:35:37,800: root: WARNING: quote is not implemented for YahooData, but USD was passed as the quote
2024-07-10 21:35:37,801: root: INFO: Current backtesting datetime 2020-03-14 08:29:00-05:00
2024-07-10 21:35:37,801: asyncio: INFO: [MLTrader] Executing the after_market_closes lifecycle method
2024-07-10 21:35:37,801: asyncio: INFO: [MLTrader] Getting historical prices for SPY, 1 bars, 
2024-07-10 21:35:37,801: root: WARNING: quote is not implemented for YahooData, but USD was passed as the quote
2024-07-10 21:35:37,801: root: WARNING: quote is not implemented for YahooData, but USD was passed as the quote
2024-07-10 21:35:37,801: asyncio: INFO: [MLTrader] Getting historical prices for SPY, 1 bars, 
2024-07-10 21:35:37,801: root: WARNING: quote is not implemented for YahooData, but USD was passed as the quote
2024-07-10 21:35:37,801: root: WARNING: quote is not implemented for YahooData, but USD was passed as the quote
2024-07-10 21:35:37,801: asyncio: INFO: [MLTrader] Getting historical prices for SPY, 1 bars, 
2024-07-10 21:35:37,801: root: WARNING: quote is not implemented for YahooData, but USD was passed as the quote
2024-07-10 21:35:37,802: root: WARNING: quote is not implemented for YahooData, but USD was passed as the quote
2024-07-10 21:35:37,802: asyncio: INFO: [MLTrader] Getting historical prices for SPY, 1 bars, 
2024-07-10 21:35:37,802: root: WARNING: quote is not implemented for YahooData, but USD was passed as the quote
2024-07-10 21:35:37,802: root: WARNING: quote is not implemented for YahooData, but USD was passed as the quote
2024-07-10 21:35:37,802: root: INFO: Current backtesting datetime 2020-03-16 07:30:00-05:00
2024-07-10 21:35:37,802: root: WARNING: quote is not implemented for YahooData, but USD was passed as the quote
2024-07-10 21:35:37,803: root: WARNING: quote is not implemented for YahooData, but USD was passed as the quote
2024-07-10 21:35:37,803: asyncio: INFO: [MLTrader] Executing the before_market_opens lifecycle method
2024-07-10 21:35:37,803: asyncio: INFO: [MLTrader] Getting historical prices for SPY, 1 bars, 
2024-07-10 21:35:37,803: root: WARNING: quote is not implemented for YahooData, but USD was passed as the quote
2024-07-10 21:35:37,803: root: WARNING: quote is not implemented for YahooData, but USD was passed as the quote
2024-07-10 21:35:37,804: asyncio: INFO: [MLTrader] Getting historical prices for SPY, 1 bars, 
2024-07-10 21:35:37,804: root: WARNING: quote is not implemented for YahooData, but USD was passed as the quote
2024-07-10 21:35:37,804: root: WARNING: quote is not implemented for YahooData, but USD was passed as the quote
2024-07-10 21:35:37,804: asyncio: INFO: [MLTrader] Getting historical prices for SPY, 1 bars, 
2024-07-10 21:35:37,804: root: WARNING: quote is not implemented for YahooData, but USD was passed as the quote
2024-07-10 21:35:37,804: root: WARNING: quote is not implemented for YahooData, but USD was passed as the quote
2024-07-10 21:35:37,804: asyncio: INFO: [MLTrader] Getting historical prices for SPY, 1 bars, 
2024-07-10 21:35:37,804: root: WARNING: quote is not implemented for YahooData, but USD was passed as the quote
2024-07-10 21:35:37,804: root: WARNING: quote is not implemented for YahooData, but USD was passed as the quote
2024-07-10 21:35:37,805: root: INFO: Current backtesting datetime 2020-03-16 08:30:00-05:00
2024-07-10 21:35:37,805: asyncio: INFO: [MLTrader] Executing the before_starting_trading lifecycle method
2024-07-10 21:35:37,805: asyncio: INFO: [MLTrader] Executing the on_trading_iteration lifecycle method at 2024-07-10 21:35:37
2024-07-10 21:35:37,806: root: WARNING: quote is not implemented for YahooData, but USD was passed as the quote
2024-07-10 21:35:37,806: root: WARNING: quote is not implemented for YahooData, but USD was passed as the quote
2024-07-10 21:35:37,968: asyncio: INFO: [MLTrader] Trading iteration ended at 2024-07-10 21:35:37
2024-07-10 21:35:37,968: asyncio: INFO: [MLTrader] Getting historical prices for SPY, 1 bars, 
2024-07-10 21:35:37,968: root: WARNING: quote is not implemented for YahooData, but USD was passed as the quote
2024-07-10 21:35:37,969: root: WARNING: quote is not implemented for YahooData, but USD was passed as the quote
2024-07-10 21:35:37,969: asyncio: INFO: [MLTrader] Getting historical prices for SPY, 1 bars, 
2024-07-10 21:35:37,969: root: WARNING: quote is not implemented for YahooData, but USD was passed as the quote
2024-07-10 21:35:37,969: root: WARNING: quote is not implemented for YahooData, but USD was passed as the quote
2024-07-10 21:35:37,969: asyncio: INFO: [MLTrader] Getting historical prices for SPY, 1 bars, 
2024-07-10 21:35:37,969: root: WARNING: quote is not implemented for YahooData, but USD was passed as the quote
2024-07-10 21:35:37,970: root: WARNING: quote is not implemented for YahooData, but USD was passed as the quote
2024-07-10 21:35:37,970: asyncio: INFO: [MLTrader] Getting historical prices for SPY, 1 bars, 
2024-07-10 21:35:37,970: root: WARNING: quote is not implemented for YahooData, but USD was passed as the quote
2024-07-10 21:35:37,970: root: WARNING: quote is not implemented for YahooData, but USD was passed as the quote
2024-07-10 21:35:37,970: asyncio: INFO: [MLTrader] Sleeping for 86400 seconds
2024-07-10 21:35:37,971: root: INFO: Current backtesting datetime 2020-03-16 15:00:00-05:00
2024-07-10 21:35:37,971: root: INFO: Current backtesting datetime 2020-03-17 08:30:00-05:00
2024-07-10 21:35:37,971: asyncio: INFO: [MLTrader] Executing the on_trading_iteration lifecycle method at 2024-07-10 21:35:37
2024-07-10 21:35:37,971: root: WARNING: quote is not implemented for YahooData, but USD was passed as the quote
2024-07-10 21:35:37,972: root: WARNING: quote is not implemented for YahooData, but USD was passed as the quote
2024-07-10 21:35:38,121: asyncio: INFO: [MLTrader] Trading iteration ended at 2024-07-10 21:35:38
2024-07-10 21:35:38,121: asyncio: INFO: [MLTrader] Getting historical prices for SPY, 1 bars, 
2024-07-10 21:35:38,121: root: WARNING: quote is not implemented for YahooData, but USD was passed as the quote
2024-07-10 21:35:38,122: root: WARNING: quote is not implemented for YahooData, but USD was passed as the quote
2024-07-10 21:35:38,122: asyncio: INFO: [MLTrader] Getting historical prices for SPY, 1 bars, 
2024-07-10 21:35:38,122: root: WARNING: quote is not implemented for YahooData, but USD was passed as the quote
2024-07-10 21:35:38,122: root: WARNING: quote is not implemented for YahooData, but USD was passed as the quote
2024-07-10 21:35:38,123: asyncio: INFO: [MLTrader] Order was canceled: stop order of | 576.0 SPY buy | at price $307.8074935913086 with status canceled
2024-07-10 21:35:38,124: asyncio: INFO: [MLTrader] Order was filled: limit order of | 576.0 SPY buy | at price $234.52 with status fill
2024-07-10 21:35:38,125: asyncio: INFO: [MLTrader] Getting historical prices for SPY, 1 bars, 
2024-07-10 21:35:38,125: root: WARNING: quote is not implemented for YahooData, but USD was passed as the quote
2024-07-10 21:35:38,125: root: WARNING: quote is not implemented for YahooData, but USD was passed as the quote
2024-07-10 21:35:38,125: asyncio: INFO: [MLTrader] Getting historical prices for SPY, 1 bars, 
2024-07-10 21:35:38,125: root: WARNING: quote is not implemented for YahooData, but USD was passed as the quote
2024-07-10 21:35:38,125: root: WARNING: quote is not implemented for YahooData, but USD was passed as the quote
2024-07-10 21:35:38,126: asyncio: INFO: [MLTrader] Sleeping for 86400 seconds
2024-07-10 21:35:38,126: root: INFO: Current backtesting datetime 2020-03-17 15:00:00-05:00
2024-07-10 21:35:38,126: root: INFO: Current backtesting datetime 2020-03-18 08:30:00-05:00
2024-07-10 21:35:38,127: asyncio: INFO: [MLTrader] Executing the on_trading_iteration lifecycle method at 2024-07-10 21:35:38
2024-07-10 21:35:38,127: root: WARNING: quote is not implemented for YahooData, but USD was passed as the quote
2024-07-10 21:35:38,127: root: WARNING: quote is not implemented for YahooData, but USD was passed as the quote
2024-07-10 21:35:38,256: asyncio: INFO: [MLTrader] Trading iteration ended at 2024-07-10 21:35:38
2024-07-10 21:35:38,256: asyncio: INFO: [MLTrader] Getting historical prices for SPY, 1 bars, 
2024-07-10 21:35:38,256: root: WARNING: quote is not implemented for YahooData, but USD was passed as the quote
2024-07-10 21:35:38,256: root: WARNING: quote is not implemented for YahooData, but USD was passed as the quote
2024-07-10 21:35:38,257: asyncio: INFO: [MLTrader] Getting historical prices for SPY, 1 bars, 
2024-07-10 21:35:38,257: root: WARNING: quote is not implemented for YahooData, but USD was passed as the quote
2024-07-10 21:35:38,257: root: WARNING: quote is not implemented for YahooData, but USD was passed as the quote
2024-07-10 21:35:38,257: asyncio: INFO: [MLTrader] Sleeping for 86400 seconds
2024-07-10 21:35:38,258: root: INFO: Current backtesting datetime 2020-03-18 15:00:00-05:00
2024-07-10 21:35:38,258: root: INFO: Current backtesting datetime 2020-03-19 08:30:00-05:00
2024-07-10 21:35:38,258: asyncio: INFO: [MLTrader] Executing the on_trading_iteration lifecycle method at 2024-07-10 21:35:38
2024-07-10 21:35:38,258: root: WARNING: quote is not implemented for YahooData, but USD was passed as the quote
2024-07-10 21:35:38,259: root: WARNING: quote is not implemented for YahooData, but USD was passed as the quote
2024-07-10 21:35:38,474: asyncio: INFO: [MLTrader] Trading iteration ended at 2024-07-10 21:35:38
2024-07-10 21:35:38,475: asyncio: INFO: [MLTrader] Getting historical prices for SPY, 1 bars, 
2024-07-10 21:35:38,475: root: WARNING: quote is not implemented for YahooData, but USD was passed as the quote
2024-07-10 21:35:38,475: root: WARNING: quote is not implemented for YahooData, but USD was passed as the quote
2024-07-10 21:35:38,475: asyncio: INFO: [MLTrader] Getting historical prices for SPY, 1 bars, 
2024-07-10 21:35:38,475: root: WARNING: quote is not implemented for YahooData, but USD was passed as the quote
2024-07-10 21:35:38,476: root: WARNING: quote is not implemented for YahooData, but USD was passed as the quote
2024-07-10 21:35:38,476: asyncio: INFO: [MLTrader] Sleeping for 86400 seconds
2024-07-10 21:35:38,476: root: INFO: Current backtesting datetime 2020-03-19 15:00:00-05:00
2024-07-10 21:35:38,476: root: INFO: Current backtesting datetime 2020-03-20 08:30:00-05:00
2024-07-10 21:35:38,477: asyncio: INFO: [MLTrader] Executing the on_trading_iteration lifecycle method at 2024-07-10 21:35:38
2024-07-10 21:35:38,477: root: WARNING: quote is not implemented for YahooData, but USD was passed as the quote
2024-07-10 21:35:38,478: root: WARNING: quote is not implemented for YahooData, but USD was passed as the quote
2024-07-10 21:35:38,634: asyncio: INFO: [MLTrader] Trading iteration ended at 2024-07-10 21:35:38
2024-07-10 21:35:38,634: asyncio: INFO: [MLTrader] Getting historical prices for SPY, 1 bars, 
2024-07-10 21:35:38,634: root: WARNING: quote is not implemented for YahooData, but USD was passed as the quote
2024-07-10 21:35:38,634: root: WARNING: quote is not implemented for YahooData, but USD was passed as the quote
2024-07-10 21:35:38,635: asyncio: INFO: [MLTrader] Getting historical prices for SPY, 1 bars, 
2024-07-10 21:35:38,635: root: WARNING: quote is not implemented for YahooData, but USD was passed as the quote
2024-07-10 21:35:38,635: root: WARNING: quote is not implemented for YahooData, but USD was passed as the quote
2024-07-10 21:35:38,635: asyncio: INFO: [MLTrader] Sleeping for 86400 seconds
2024-07-10 21:35:38,636: root: INFO: Current backtesting datetime 2020-03-20 15:00:00-05:00
2024-07-10 21:35:38,636: root: INFO: Current backtesting datetime 2020-03-21 08:30:00-05:00
2024-07-10 21:35:38,636: asyncio: INFO: [MLTrader] The market is not currently open, skipping this trading iteration
2024-07-10 21:35:38,636: asyncio: INFO: [MLTrader] Getting historical prices for SPY, 1 bars, 
2024-07-10 21:35:38,636: root: WARNING: quote is not implemented for YahooData, but USD was passed as the quote
2024-07-10 21:35:38,637: root: WARNING: quote is not implemented for YahooData, but USD was passed as the quote
2024-07-10 21:35:38,637: asyncio: INFO: [MLTrader] Getting historical prices for SPY, 1 bars, 
2024-07-10 21:35:38,637: root: WARNING: quote is not implemented for YahooData, but USD was passed as the quote
2024-07-10 21:35:38,637: root: WARNING: quote is not implemented for YahooData, but USD was passed as the quote
2024-07-10 21:35:38,637: asyncio: INFO: [MLTrader] Getting historical prices for SPY, 1 bars, 
2024-07-10 21:35:38,637: root: WARNING: quote is not implemented for YahooData, but USD was passed as the quote
2024-07-10 21:35:38,637: root: WARNING: quote is not implemented for YahooData, but USD was passed as the quote
2024-07-10 21:35:38,638: asyncio: INFO: [MLTrader] Getting historical prices for SPY, 1 bars, 
2024-07-10 21:35:38,638: root: WARNING: quote is not implemented for YahooData, but USD was passed as the quote
2024-07-10 21:35:38,638: root: WARNING: quote is not implemented for YahooData, but USD was passed as the quote
2024-07-10 21:35:38,638: root: INFO: Current backtesting datetime 2020-03-21 08:29:00-05:00
2024-07-10 21:35:38,638: asyncio: INFO: [MLTrader] Getting historical prices for SPY, 1 bars, 
2024-07-10 21:35:38,638: root: WARNING: quote is not implemented for YahooData, but USD was passed as the quote
2024-07-10 21:35:38,638: root: WARNING: quote is not implemented for YahooData, but USD was passed as the quote
2024-07-10 21:35:38,639: asyncio: INFO: [MLTrader] Getting historical prices for SPY, 1 bars, 
2024-07-10 21:35:38,639: root: WARNING: quote is not implemented for YahooData, but USD was passed as the quote
2024-07-10 21:35:38,639: root: WARNING: quote is not implemented for YahooData, but USD was passed as the quote
2024-07-10 21:35:38,639: root: INFO: Current backtesting datetime 2020-03-21 08:29:00-05:00
2024-07-10 21:35:38,639: asyncio: INFO: [MLTrader] Executing the after_market_closes lifecycle method
2024-07-10 21:35:38,639: asyncio: INFO: [MLTrader] Getting historical prices for SPY, 1 bars, 
2024-07-10 21:35:38,639: root: WARNING: quote is not implemented for YahooData, but USD was passed as the quote
2024-07-10 21:35:38,639: root: WARNING: quote is not implemented for YahooData, but USD was passed as the quote
2024-07-10 21:35:38,639: asyncio: INFO: [MLTrader] Getting historical prices for SPY, 1 bars, 
2024-07-10 21:35:38,640: root: WARNING: quote is not implemented for YahooData, but USD was passed as the quote
2024-07-10 21:35:38,640: root: WARNING: quote is not implemented for YahooData, but USD was passed as the quote
2024-07-10 21:35:38,640: root: INFO: Current backtesting datetime 2020-03-23 07:30:00-05:00
2024-07-10 21:35:38,640: root: WARNING: quote is not implemented for YahooData, but USD was passed as the quote
2024-07-10 21:35:38,641: root: WARNING: quote is not implemented for YahooData, but USD was passed as the quote
2024-07-10 21:35:38,641: asyncio: INFO: [MLTrader] Executing the before_market_opens lifecycle method
2024-07-10 21:35:38,641: asyncio: INFO: [MLTrader] Getting historical prices for SPY, 1 bars, 
2024-07-10 21:35:38,641: root: WARNING: quote is not implemented for YahooData, but USD was passed as the quote
2024-07-10 21:35:38,641: root: WARNING: quote is not implemented for YahooData, but USD was passed as the quote
2024-07-10 21:35:38,641: asyncio: INFO: [MLTrader] Getting historical prices for SPY, 1 bars, 
2024-07-10 21:35:38,641: root: WARNING: quote is not implemented for YahooData, but USD was passed as the quote
2024-07-10 21:35:38,641: root: WARNING: quote is not implemented for YahooData, but USD was passed as the quote
2024-07-10 21:35:38,642: root: INFO: Current backtesting datetime 2020-03-23 08:30:00-05:00
2024-07-10 21:35:38,642: asyncio: INFO: [MLTrader] Executing the before_starting_trading lifecycle method
2024-07-10 21:35:38,643: asyncio: INFO: [MLTrader] Executing the on_trading_iteration lifecycle method at 2024-07-10 21:35:38
2024-07-10 21:35:38,643: root: WARNING: quote is not implemented for YahooData, but USD was passed as the quote
2024-07-10 21:35:38,643: root: WARNING: quote is not implemented for YahooData, but USD was passed as the quote
2024-07-10 21:35:38,815: asyncio: INFO: [MLTrader] Trading iteration ended at 2024-07-10 21:35:38
2024-07-10 21:35:38,815: asyncio: INFO: [MLTrader] Getting historical prices for SPY, 1 bars, 
2024-07-10 21:35:38,815: root: WARNING: quote is not implemented for YahooData, but USD was passed as the quote
2024-07-10 21:35:38,816: root: WARNING: quote is not implemented for YahooData, but USD was passed as the quote
2024-07-10 21:35:38,816: asyncio: INFO: [MLTrader] Getting historical prices for SPY, 1 bars, 
2024-07-10 21:35:38,816: root: WARNING: quote is not implemented for YahooData, but USD was passed as the quote
2024-07-10 21:35:38,816: root: WARNING: quote is not implemented for YahooData, but USD was passed as the quote
2024-07-10 21:35:38,817: asyncio: INFO: [MLTrader] Sleeping for 86400 seconds
2024-07-10 21:35:38,817: root: INFO: Current backtesting datetime 2020-03-23 15:00:00-05:00
2024-07-10 21:35:38,817: root: INFO: Current backtesting datetime 2020-03-24 08:30:00-05:00
2024-07-10 21:35:38,818: asyncio: INFO: [MLTrader] Executing the on_trading_iteration lifecycle method at 2024-07-10 21:35:38
2024-07-10 21:35:38,818: root: WARNING: quote is not implemented for YahooData, but USD was passed as the quote
2024-07-10 21:35:38,818: root: WARNING: quote is not implemented for YahooData, but USD was passed as the quote
2024-07-10 21:35:38,984: asyncio: INFO: [MLTrader] Trading iteration ended at 2024-07-10 21:35:38
2024-07-10 21:35:38,984: asyncio: INFO: [MLTrader] Getting historical prices for SPY, 1 bars, 
2024-07-10 21:35:38,984: root: WARNING: quote is not implemented for YahooData, but USD was passed as the quote
2024-07-10 21:35:38,985: root: WARNING: quote is not implemented for YahooData, but USD was passed as the quote
2024-07-10 21:35:38,985: asyncio: INFO: [MLTrader] Getting historical prices for SPY, 1 bars, 
2024-07-10 21:35:38,985: root: WARNING: quote is not implemented for YahooData, but USD was passed as the quote
2024-07-10 21:35:38,985: root: WARNING: quote is not implemented for YahooData, but USD was passed as the quote
2024-07-10 21:35:38,986: asyncio: INFO: [MLTrader] Sleeping for 86400 seconds
2024-07-10 21:35:38,986: root: INFO: Current backtesting datetime 2020-03-24 15:00:00-05:00
2024-07-10 21:35:38,986: root: INFO: Current backtesting datetime 2020-03-25 08:30:00-05:00
2024-07-10 21:35:38,987: asyncio: INFO: [MLTrader] Executing the on_trading_iteration lifecycle method at 2024-07-10 21:35:38
2024-07-10 21:35:38,987: root: WARNING: quote is not implemented for YahooData, but USD was passed as the quote
2024-07-10 21:35:38,987: root: WARNING: quote is not implemented for YahooData, but USD was passed as the quote
2024-07-10 21:35:39,174: asyncio: INFO: [MLTrader] Trading iteration ended at 2024-07-10 21:35:39
2024-07-10 21:35:39,174: asyncio: INFO: [MLTrader] Getting historical prices for SPY, 1 bars, 
2024-07-10 21:35:39,174: root: WARNING: quote is not implemented for YahooData, but USD was passed as the quote
2024-07-10 21:35:39,175: root: WARNING: quote is not implemented for YahooData, but USD was passed as the quote
2024-07-10 21:35:39,175: asyncio: INFO: [MLTrader] Getting historical prices for SPY, 1 bars, 
2024-07-10 21:35:39,175: root: WARNING: quote is not implemented for YahooData, but USD was passed as the quote
2024-07-10 21:35:39,175: root: WARNING: quote is not implemented for YahooData, but USD was passed as the quote
2024-07-10 21:35:39,175: asyncio: INFO: [MLTrader] Sleeping for 86400 seconds
2024-07-10 21:35:39,176: root: INFO: Current backtesting datetime 2020-03-25 15:00:00-05:00
2024-07-10 21:35:39,176: root: INFO: Current backtesting datetime 2020-03-26 08:30:00-05:00
2024-07-10 21:35:39,176: asyncio: INFO: [MLTrader] Executing the on_trading_iteration lifecycle method at 2024-07-10 21:35:39
2024-07-10 21:35:39,177: root: WARNING: quote is not implemented for YahooData, but USD was passed as the quote
2024-07-10 21:35:39,177: root: WARNING: quote is not implemented for YahooData, but USD was passed as the quote
2024-07-10 21:35:39,319: asyncio: INFO: [MLTrader] Trading iteration ended at 2024-07-10 21:35:39
2024-07-10 21:35:39,319: asyncio: INFO: [MLTrader] Getting historical prices for SPY, 1 bars, 
2024-07-10 21:35:39,319: root: WARNING: quote is not implemented for YahooData, but USD was passed as the quote
2024-07-10 21:35:39,319: root: WARNING: quote is not implemented for YahooData, but USD was passed as the quote
2024-07-10 21:35:39,320: asyncio: INFO: [MLTrader] Getting historical prices for SPY, 1 bars, 
2024-07-10 21:35:39,320: root: WARNING: quote is not implemented for YahooData, but USD was passed as the quote
2024-07-10 21:35:39,320: root: WARNING: quote is not implemented for YahooData, but USD was passed as the quote
2024-07-10 21:35:39,320: asyncio: INFO: [MLTrader] Sleeping for 86400 seconds
2024-07-10 21:35:39,321: root: INFO: Current backtesting datetime 2020-03-26 15:00:00-05:00
2024-07-10 21:35:39,321: root: INFO: Current backtesting datetime 2020-03-27 08:30:00-05:00
2024-07-10 21:35:39,321: asyncio: INFO: [MLTrader] Executing the on_trading_iteration lifecycle method at 2024-07-10 21:35:39
2024-07-10 21:35:39,321: root: WARNING: quote is not implemented for YahooData, but USD was passed as the quote
2024-07-10 21:35:39,322: root: WARNING: quote is not implemented for YahooData, but USD was passed as the quote
2024-07-10 21:35:39,486: asyncio: INFO: [MLTrader] Trading iteration ended at 2024-07-10 21:35:39
2024-07-10 21:35:39,487: asyncio: INFO: [MLTrader] Getting historical prices for SPY, 1 bars, 
2024-07-10 21:35:39,487: root: WARNING: quote is not implemented for YahooData, but USD was passed as the quote
2024-07-10 21:35:39,487: root: WARNING: quote is not implemented for YahooData, but USD was passed as the quote
2024-07-10 21:35:39,487: asyncio: INFO: [MLTrader] Getting historical prices for SPY, 1 bars, 
2024-07-10 21:35:39,487: root: WARNING: quote is not implemented for YahooData, but USD was passed as the quote
2024-07-10 21:35:39,488: root: WARNING: quote is not implemented for YahooData, but USD was passed as the quote
2024-07-10 21:35:39,488: asyncio: INFO: [MLTrader] Sleeping for 86400 seconds
2024-07-10 21:35:39,488: root: INFO: Current backtesting datetime 2020-03-27 15:00:00-05:00
2024-07-10 21:35:39,488: root: INFO: Current backtesting datetime 2020-03-28 08:30:00-05:00
2024-07-10 21:35:39,489: asyncio: INFO: [MLTrader] The market is not currently open, skipping this trading iteration
2024-07-10 21:35:39,489: asyncio: INFO: [MLTrader] Getting historical prices for SPY, 1 bars, 
2024-07-10 21:35:39,489: root: WARNING: quote is not implemented for YahooData, but USD was passed as the quote
2024-07-10 21:35:39,489: root: WARNING: quote is not implemented for YahooData, but USD was passed as the quote
2024-07-10 21:35:39,489: asyncio: INFO: [MLTrader] Getting historical prices for SPY, 1 bars, 
2024-07-10 21:35:39,489: root: WARNING: quote is not implemented for YahooData, but USD was passed as the quote
2024-07-10 21:35:39,490: root: WARNING: quote is not implemented for YahooData, but USD was passed as the quote
2024-07-10 21:35:39,490: asyncio: INFO: [MLTrader] Getting historical prices for SPY, 1 bars, 
2024-07-10 21:35:39,490: root: WARNING: quote is not implemented for YahooData, but USD was passed as the quote
2024-07-10 21:35:39,490: root: WARNING: quote is not implemented for YahooData, but USD was passed as the quote
2024-07-10 21:35:39,490: asyncio: INFO: [MLTrader] Getting historical prices for SPY, 1 bars, 
2024-07-10 21:35:39,490: root: WARNING: quote is not implemented for YahooData, but USD was passed as the quote
2024-07-10 21:35:39,490: root: WARNING: quote is not implemented for YahooData, but USD was passed as the quote
2024-07-10 21:35:39,491: root: INFO: Current backtesting datetime 2020-03-28 08:29:00-05:00
2024-07-10 21:35:39,491: asyncio: INFO: [MLTrader] Getting historical prices for SPY, 1 bars, 
2024-07-10 21:35:39,491: root: WARNING: quote is not implemented for YahooData, but USD was passed as the quote
2024-07-10 21:35:39,491: root: WARNING: quote is not implemented for YahooData, but USD was passed as the quote
2024-07-10 21:35:39,491: asyncio: INFO: [MLTrader] Getting historical prices for SPY, 1 bars, 
2024-07-10 21:35:39,491: root: WARNING: quote is not implemented for YahooData, but USD was passed as the quote
2024-07-10 21:35:39,492: root: WARNING: quote is not implemented for YahooData, but USD was passed as the quote
2024-07-10 21:35:39,492: root: INFO: Current backtesting datetime 2020-03-28 08:29:00-05:00
2024-07-10 21:35:39,492: asyncio: INFO: [MLTrader] Executing the after_market_closes lifecycle method
2024-07-10 21:35:39,492: asyncio: INFO: [MLTrader] Getting historical prices for SPY, 1 bars, 
2024-07-10 21:35:39,492: root: WARNING: quote is not implemented for YahooData, but USD was passed as the quote
2024-07-10 21:35:39,492: root: WARNING: quote is not implemented for YahooData, but USD was passed as the quote
2024-07-10 21:35:39,492: asyncio: INFO: [MLTrader] Getting historical prices for SPY, 1 bars, 
2024-07-10 21:35:39,492: root: WARNING: quote is not implemented for YahooData, but USD was passed as the quote
2024-07-10 21:35:39,492: root: WARNING: quote is not implemented for YahooData, but USD was passed as the quote
2024-07-10 21:35:39,493: root: INFO: Current backtesting datetime 2020-03-30 07:30:00-05:00
2024-07-10 21:35:39,493: root: WARNING: quote is not implemented for YahooData, but USD was passed as the quote
2024-07-10 21:35:39,493: root: WARNING: quote is not implemented for YahooData, but USD was passed as the quote
2024-07-10 21:35:39,494: asyncio: INFO: [MLTrader] Executing the before_market_opens lifecycle method
2024-07-10 21:35:39,494: asyncio: INFO: [MLTrader] Getting historical prices for SPY, 1 bars, 
2024-07-10 21:35:39,494: root: WARNING: quote is not implemented for YahooData, but USD was passed as the quote
2024-07-10 21:35:39,494: root: WARNING: quote is not implemented for YahooData, but USD was passed as the quote
2024-07-10 21:35:39,494: asyncio: INFO: [MLTrader] Getting historical prices for SPY, 1 bars, 
2024-07-10 21:35:39,494: root: WARNING: quote is not implemented for YahooData, but USD was passed as the quote
2024-07-10 21:35:39,495: root: WARNING: quote is not implemented for YahooData, but USD was passed as the quote
2024-07-10 21:35:39,495: root: INFO: Current backtesting datetime 2020-03-30 08:30:00-05:00
2024-07-10 21:35:39,495: asyncio: INFO: [MLTrader] Executing the before_starting_trading lifecycle method
2024-07-10 21:35:39,496: asyncio: INFO: [MLTrader] Executing the on_trading_iteration lifecycle method at 2024-07-10 21:35:39
2024-07-10 21:35:39,496: root: WARNING: quote is not implemented for YahooData, but USD was passed as the quote
2024-07-10 21:35:39,496: root: WARNING: quote is not implemented for YahooData, but USD was passed as the quote
2024-07-10 21:35:39,678: asyncio: INFO: [MLTrader] Trading iteration ended at 2024-07-10 21:35:39
2024-07-10 21:35:39,678: asyncio: INFO: [MLTrader] Getting historical prices for SPY, 1 bars, 
2024-07-10 21:35:39,678: root: WARNING: quote is not implemented for YahooData, but USD was passed as the quote
2024-07-10 21:35:39,679: root: WARNING: quote is not implemented for YahooData, but USD was passed as the quote
2024-07-10 21:35:39,679: asyncio: INFO: [MLTrader] Getting historical prices for SPY, 1 bars, 
2024-07-10 21:35:39,679: root: WARNING: quote is not implemented for YahooData, but USD was passed as the quote
2024-07-10 21:35:39,679: root: WARNING: quote is not implemented for YahooData, but USD was passed as the quote
2024-07-10 21:35:39,680: asyncio: INFO: [MLTrader] Sleeping for 86400 seconds
2024-07-10 21:35:39,680: root: INFO: Current backtesting datetime 2020-03-30 15:00:00-05:00
2024-07-10 21:35:39,680: root: INFO: Current backtesting datetime 2020-03-31 08:30:00-05:00
2024-07-10 21:35:39,681: asyncio: INFO: [MLTrader] Executing the on_trading_iteration lifecycle method at 2024-07-10 21:35:39
2024-07-10 21:35:39,681: root: WARNING: quote is not implemented for YahooData, but USD was passed as the quote
2024-07-10 21:35:39,681: root: WARNING: quote is not implemented for YahooData, but USD was passed as the quote
2024-07-10 21:35:39,853: asyncio: INFO: [MLTrader] Trading iteration ended at 2024-07-10 21:35:39
2024-07-10 21:35:39,853: asyncio: INFO: [MLTrader] Getting historical prices for SPY, 1 bars, 
2024-07-10 21:35:39,853: root: WARNING: quote is not implemented for YahooData, but USD was passed as the quote
2024-07-10 21:35:39,854: root: WARNING: quote is not implemented for YahooData, but USD was passed as the quote
2024-07-10 21:35:39,854: asyncio: INFO: [MLTrader] Getting historical prices for SPY, 1 bars, 
2024-07-10 21:35:39,854: root: WARNING: quote is not implemented for YahooData, but USD was passed as the quote
2024-07-10 21:35:39,854: root: WARNING: quote is not implemented for YahooData, but USD was passed as the quote
2024-07-10 21:35:39,855: asyncio: INFO: [MLTrader] Sleeping for 86400 seconds
2024-07-10 21:35:39,855: root: INFO: Current backtesting datetime 2020-03-31 15:00:00-05:00
2024-07-10 21:35:39,855: root: INFO: Current backtesting datetime 2020-04-01 08:30:00-05:00
2024-07-10 21:35:39,856: asyncio: INFO: [MLTrader] Executing the on_trading_iteration lifecycle method at 2024-07-10 21:35:39
2024-07-10 21:35:39,856: root: WARNING: quote is not implemented for YahooData, but USD was passed as the quote
2024-07-10 21:35:39,856: root: WARNING: quote is not implemented for YahooData, but USD was passed as the quote
2024-07-10 21:35:40,016: asyncio: INFO: [MLTrader] Trading iteration ended at 2024-07-10 21:35:40
2024-07-10 21:35:40,016: asyncio: INFO: [MLTrader] Getting historical prices for SPY, 1 bars, 
2024-07-10 21:35:40,017: root: WARNING: quote is not implemented for YahooData, but USD was passed as the quote
2024-07-10 21:35:40,017: root: WARNING: quote is not implemented for YahooData, but USD was passed as the quote
2024-07-10 21:35:40,017: asyncio: INFO: [MLTrader] Getting historical prices for SPY, 1 bars, 
2024-07-10 21:35:40,017: root: WARNING: quote is not implemented for YahooData, but USD was passed as the quote
2024-07-10 21:35:40,018: root: WARNING: quote is not implemented for YahooData, but USD was passed as the quote
2024-07-10 21:35:40,018: asyncio: INFO: [MLTrader] Sleeping for 86400 seconds
2024-07-10 21:35:40,018: root: INFO: Current backtesting datetime 2020-04-01 15:00:00-05:00
2024-07-10 21:35:40,018: root: INFO: Current backtesting datetime 2020-04-02 08:30:00-05:00
2024-07-10 21:35:40,019: asyncio: INFO: [MLTrader] Executing the on_trading_iteration lifecycle method at 2024-07-10 21:35:40
2024-07-10 21:35:40,019: root: WARNING: quote is not implemented for YahooData, but USD was passed as the quote
2024-07-10 21:35:40,019: root: WARNING: quote is not implemented for YahooData, but USD was passed as the quote
2024-07-10 21:35:40,240: asyncio: INFO: [MLTrader] Trading iteration ended at 2024-07-10 21:35:40
2024-07-10 21:35:40,241: asyncio: INFO: [MLTrader] Getting historical prices for SPY, 1 bars, 
2024-07-10 21:35:40,241: root: WARNING: quote is not implemented for YahooData, but USD was passed as the quote
2024-07-10 21:35:40,241: root: WARNING: quote is not implemented for YahooData, but USD was passed as the quote
2024-07-10 21:35:40,241: asyncio: INFO: [MLTrader] Getting historical prices for SPY, 1 bars, 
2024-07-10 21:35:40,241: root: WARNING: quote is not implemented for YahooData, but USD was passed as the quote
2024-07-10 21:35:40,242: root: WARNING: quote is not implemented for YahooData, but USD was passed as the quote
2024-07-10 21:35:40,242: asyncio: INFO: [MLTrader] Sleeping for 86400 seconds
2024-07-10 21:35:40,242: root: INFO: Current backtesting datetime 2020-04-02 15:00:00-05:00
2024-07-10 21:35:40,242: root: INFO: Current backtesting datetime 2020-04-03 08:30:00-05:00
2024-07-10 21:35:40,243: asyncio: INFO: [MLTrader] Executing the on_trading_iteration lifecycle method at 2024-07-10 21:35:40
2024-07-10 21:35:40,243: root: WARNING: quote is not implemented for YahooData, but USD was passed as the quote
2024-07-10 21:35:40,244: root: WARNING: quote is not implemented for YahooData, but USD was passed as the quote
2024-07-10 21:35:40,514: asyncio: INFO: [MLTrader] Trading iteration ended at 2024-07-10 21:35:40
2024-07-10 21:35:40,514: asyncio: INFO: [MLTrader] Getting historical prices for SPY, 1 bars, 
2024-07-10 21:35:40,514: root: WARNING: quote is not implemented for YahooData, but USD was passed as the quote
2024-07-10 21:35:40,515: root: WARNING: quote is not implemented for YahooData, but USD was passed as the quote
2024-07-10 21:35:40,515: asyncio: INFO: [MLTrader] Getting historical prices for SPY, 1 bars, 
2024-07-10 21:35:40,515: root: WARNING: quote is not implemented for YahooData, but USD was passed as the quote
2024-07-10 21:35:40,515: root: WARNING: quote is not implemented for YahooData, but USD was passed as the quote
2024-07-10 21:35:40,516: asyncio: INFO: [MLTrader] Sleeping for 86400 seconds
2024-07-10 21:35:40,516: root: INFO: Current backtesting datetime 2020-04-03 15:00:00-05:00
2024-07-10 21:35:40,516: root: INFO: Current backtesting datetime 2020-04-04 08:30:00-05:00
2024-07-10 21:35:40,517: asyncio: INFO: [MLTrader] The market is not currently open, skipping this trading iteration
2024-07-10 21:35:40,517: asyncio: INFO: [MLTrader] Getting historical prices for SPY, 1 bars, 
2024-07-10 21:35:40,517: root: WARNING: quote is not implemented for YahooData, but USD was passed as the quote
2024-07-10 21:35:40,517: root: WARNING: quote is not implemented for YahooData, but USD was passed as the quote
2024-07-10 21:35:40,517: asyncio: INFO: [MLTrader] Getting historical prices for SPY, 1 bars, 
2024-07-10 21:35:40,517: root: WARNING: quote is not implemented for YahooData, but USD was passed as the quote
2024-07-10 21:35:40,517: root: WARNING: quote is not implemented for YahooData, but USD was passed as the quote
2024-07-10 21:35:40,518: asyncio: INFO: [MLTrader] Getting historical prices for SPY, 1 bars, 
2024-07-10 21:35:40,518: root: WARNING: quote is not implemented for YahooData, but USD was passed as the quote
2024-07-10 21:35:40,518: root: WARNING: quote is not implemented for YahooData, but USD was passed as the quote
2024-07-10 21:35:40,518: asyncio: INFO: [MLTrader] Getting historical prices for SPY, 1 bars, 
2024-07-10 21:35:40,518: root: WARNING: quote is not implemented for YahooData, but USD was passed as the quote
2024-07-10 21:35:40,518: root: WARNING: quote is not implemented for YahooData, but USD was passed as the quote
2024-07-10 21:35:40,519: root: INFO: Current backtesting datetime 2020-04-04 08:29:00-05:00
2024-07-10 21:35:40,519: asyncio: INFO: [MLTrader] Getting historical prices for SPY, 1 bars, 
2024-07-10 21:35:40,519: root: WARNING: quote is not implemented for YahooData, but USD was passed as the quote
2024-07-10 21:35:40,519: root: WARNING: quote is not implemented for YahooData, but USD was passed as the quote
2024-07-10 21:35:40,519: asyncio: INFO: [MLTrader] Getting historical prices for SPY, 1 bars, 
2024-07-10 21:35:40,519: root: WARNING: quote is not implemented for YahooData, but USD was passed as the quote
2024-07-10 21:35:40,519: root: WARNING: quote is not implemented for YahooData, but USD was passed as the quote
2024-07-10 21:35:40,520: root: INFO: Current backtesting datetime 2020-04-04 08:29:00-05:00
2024-07-10 21:35:40,520: asyncio: INFO: [MLTrader] Executing the after_market_closes lifecycle method
2024-07-10 21:35:40,520: asyncio: INFO: [MLTrader] Getting historical prices for SPY, 1 bars, 
2024-07-10 21:35:40,520: root: WARNING: quote is not implemented for YahooData, but USD was passed as the quote
2024-07-10 21:35:40,520: root: WARNING: quote is not implemented for YahooData, but USD was passed as the quote
2024-07-10 21:35:40,520: asyncio: INFO: [MLTrader] Getting historical prices for SPY, 1 bars, 
2024-07-10 21:35:40,520: root: WARNING: quote is not implemented for YahooData, but USD was passed as the quote
2024-07-10 21:35:40,520: root: WARNING: quote is not implemented for YahooData, but USD was passed as the quote
2024-07-10 21:35:40,521: root: INFO: Current backtesting datetime 2020-04-06 07:30:00-05:00
2024-07-10 21:35:40,521: root: WARNING: quote is not implemented for YahooData, but USD was passed as the quote
2024-07-10 21:35:40,521: root: WARNING: quote is not implemented for YahooData, but USD was passed as the quote
2024-07-10 21:35:40,521: asyncio: INFO: [MLTrader] Executing the before_market_opens lifecycle method
2024-07-10 21:35:40,521: asyncio: INFO: [MLTrader] Getting historical prices for SPY, 1 bars, 
2024-07-10 21:35:40,521: root: WARNING: quote is not implemented for YahooData, but USD was passed as the quote
2024-07-10 21:35:40,522: root: WARNING: quote is not implemented for YahooData, but USD was passed as the quote
2024-07-10 21:35:40,522: asyncio: INFO: [MLTrader] Getting historical prices for SPY, 1 bars, 
2024-07-10 21:35:40,522: root: WARNING: quote is not implemented for YahooData, but USD was passed as the quote
2024-07-10 21:35:40,522: root: WARNING: quote is not implemented for YahooData, but USD was passed as the quote
2024-07-10 21:35:40,522: root: INFO: Current backtesting datetime 2020-04-06 08:30:00-05:00
2024-07-10 21:35:40,522: asyncio: INFO: [MLTrader] Executing the before_starting_trading lifecycle method
2024-07-10 21:35:40,523: asyncio: INFO: [MLTrader] Executing the on_trading_iteration lifecycle method at 2024-07-10 21:35:40
2024-07-10 21:35:40,523: root: WARNING: quote is not implemented for YahooData, but USD was passed as the quote
2024-07-10 21:35:40,524: root: WARNING: quote is not implemented for YahooData, but USD was passed as the quote
2024-07-10 21:35:40,721: asyncio: INFO: [MLTrader] Trading iteration ended at 2024-07-10 21:35:40
2024-07-10 21:35:40,721: asyncio: INFO: [MLTrader] Getting historical prices for SPY, 1 bars, 
2024-07-10 21:35:40,721: root: WARNING: quote is not implemented for YahooData, but USD was passed as the quote
2024-07-10 21:35:40,722: root: WARNING: quote is not implemented for YahooData, but USD was passed as the quote
2024-07-10 21:35:40,722: asyncio: INFO: [MLTrader] Getting historical prices for SPY, 1 bars, 
2024-07-10 21:35:40,722: root: WARNING: quote is not implemented for YahooData, but USD was passed as the quote
2024-07-10 21:35:40,722: root: WARNING: quote is not implemented for YahooData, but USD was passed as the quote
2024-07-10 21:35:40,723: asyncio: INFO: [MLTrader] Sleeping for 86400 seconds
2024-07-10 21:35:40,723: root: INFO: Current backtesting datetime 2020-04-06 15:00:00-05:00
2024-07-10 21:35:40,723: root: INFO: Current backtesting datetime 2020-04-07 08:30:00-05:00
2024-07-10 21:35:40,724: asyncio: INFO: [MLTrader] Executing the on_trading_iteration lifecycle method at 2024-07-10 21:35:40
2024-07-10 21:35:40,724: root: WARNING: quote is not implemented for YahooData, but USD was passed as the quote
2024-07-10 21:35:40,724: root: WARNING: quote is not implemented for YahooData, but USD was passed as the quote
2024-07-10 21:35:40,851: asyncio: INFO: [MLTrader] Trading iteration ended at 2024-07-10 21:35:40
2024-07-10 21:35:40,851: asyncio: INFO: [MLTrader] Getting historical prices for SPY, 1 bars, 
2024-07-10 21:35:40,851: root: WARNING: quote is not implemented for YahooData, but USD was passed as the quote
2024-07-10 21:35:40,851: root: WARNING: quote is not implemented for YahooData, but USD was passed as the quote
2024-07-10 21:35:40,852: asyncio: INFO: [MLTrader] Getting historical prices for SPY, 1 bars, 
2024-07-10 21:35:40,852: root: WARNING: quote is not implemented for YahooData, but USD was passed as the quote
2024-07-10 21:35:40,852: root: WARNING: quote is not implemented for YahooData, but USD was passed as the quote
2024-07-10 21:35:40,852: asyncio: INFO: [MLTrader] Sleeping for 86400 seconds
2024-07-10 21:35:40,853: root: INFO: Current backtesting datetime 2020-04-07 15:00:00-05:00
2024-07-10 21:35:40,853: root: INFO: Current backtesting datetime 2020-04-08 08:30:00-05:00
2024-07-10 21:35:40,853: asyncio: INFO: [MLTrader] Executing the on_trading_iteration lifecycle method at 2024-07-10 21:35:40
2024-07-10 21:35:40,853: root: WARNING: quote is not implemented for YahooData, but USD was passed as the quote
2024-07-10 21:35:40,854: root: WARNING: quote is not implemented for YahooData, but USD was passed as the quote
2024-07-10 21:35:40,991: asyncio: INFO: [MLTrader] Trading iteration ended at 2024-07-10 21:35:40
2024-07-10 21:35:40,991: asyncio: INFO: [MLTrader] Getting historical prices for SPY, 1 bars, 
2024-07-10 21:35:40,991: root: WARNING: quote is not implemented for YahooData, but USD was passed as the quote
2024-07-10 21:35:40,992: root: WARNING: quote is not implemented for YahooData, but USD was passed as the quote
2024-07-10 21:35:40,992: asyncio: INFO: [MLTrader] Getting historical prices for SPY, 1 bars, 
2024-07-10 21:35:40,992: root: WARNING: quote is not implemented for YahooData, but USD was passed as the quote
2024-07-10 21:35:40,992: root: WARNING: quote is not implemented for YahooData, but USD was passed as the quote
2024-07-10 21:35:40,993: asyncio: INFO: [MLTrader] Sleeping for 86400 seconds
2024-07-10 21:35:40,993: root: INFO: Current backtesting datetime 2020-04-08 15:00:00-05:00
2024-07-10 21:35:40,993: root: INFO: Current backtesting datetime 2020-04-09 08:30:00-05:00
2024-07-10 21:35:40,993: asyncio: INFO: [MLTrader] Executing the on_trading_iteration lifecycle method at 2024-07-10 21:35:40
2024-07-10 21:35:40,994: root: WARNING: quote is not implemented for YahooData, but USD was passed as the quote
2024-07-10 21:35:40,994: root: WARNING: quote is not implemented for YahooData, but USD was passed as the quote
2024-07-10 21:35:41,153: asyncio: INFO: [MLTrader] Trading iteration ended at 2024-07-10 21:35:41
2024-07-10 21:35:41,154: asyncio: INFO: [MLTrader] Getting historical prices for SPY, 1 bars, 
2024-07-10 21:35:41,154: root: WARNING: quote is not implemented for YahooData, but USD was passed as the quote
2024-07-10 21:35:41,154: root: WARNING: quote is not implemented for YahooData, but USD was passed as the quote
2024-07-10 21:35:41,154: asyncio: INFO: [MLTrader] Getting historical prices for SPY, 1 bars, 
2024-07-10 21:35:41,154: root: WARNING: quote is not implemented for YahooData, but USD was passed as the quote
2024-07-10 21:35:41,155: root: WARNING: quote is not implemented for YahooData, but USD was passed as the quote
2024-07-10 21:35:41,155: asyncio: INFO: [MLTrader] Sleeping for 86400 seconds
2024-07-10 21:35:41,155: root: INFO: Current backtesting datetime 2020-04-09 15:00:00-05:00
2024-07-10 21:35:41,155: root: INFO: Current backtesting datetime 2020-04-10 08:30:00-05:00
2024-07-10 21:35:41,156: asyncio: INFO: [MLTrader] The market is not currently open, skipping this trading iteration
2024-07-10 21:35:41,156: asyncio: INFO: [MLTrader] Getting historical prices for SPY, 1 bars, 
2024-07-10 21:35:41,156: root: WARNING: quote is not implemented for YahooData, but USD was passed as the quote
2024-07-10 21:35:41,156: root: WARNING: quote is not implemented for YahooData, but USD was passed as the quote
2024-07-10 21:35:41,156: asyncio: INFO: [MLTrader] Getting historical prices for SPY, 1 bars, 
2024-07-10 21:35:41,156: root: WARNING: quote is not implemented for YahooData, but USD was passed as the quote
2024-07-10 21:35:41,157: root: WARNING: quote is not implemented for YahooData, but USD was passed as the quote
2024-07-10 21:35:41,157: asyncio: INFO: [MLTrader] Getting historical prices for SPY, 1 bars, 
2024-07-10 21:35:41,157: root: WARNING: quote is not implemented for YahooData, but USD was passed as the quote
2024-07-10 21:35:41,157: root: WARNING: quote is not implemented for YahooData, but USD was passed as the quote
2024-07-10 21:35:41,157: asyncio: INFO: [MLTrader] Getting historical prices for SPY, 1 bars, 
2024-07-10 21:35:41,157: root: WARNING: quote is not implemented for YahooData, but USD was passed as the quote
2024-07-10 21:35:41,157: root: WARNING: quote is not implemented for YahooData, but USD was passed as the quote
2024-07-10 21:35:41,158: root: INFO: Current backtesting datetime 2020-04-10 08:29:00-05:00
2024-07-10 21:35:41,158: asyncio: INFO: [MLTrader] Getting historical prices for SPY, 1 bars, 
2024-07-10 21:35:41,158: root: WARNING: quote is not implemented for YahooData, but USD was passed as the quote
2024-07-10 21:35:41,158: root: WARNING: quote is not implemented for YahooData, but USD was passed as the quote
2024-07-10 21:35:41,158: asyncio: INFO: [MLTrader] Getting historical prices for SPY, 1 bars, 
2024-07-10 21:35:41,158: root: WARNING: quote is not implemented for YahooData, but USD was passed as the quote
2024-07-10 21:35:41,159: root: WARNING: quote is not implemented for YahooData, but USD was passed as the quote
2024-07-10 21:35:41,159: root: INFO: Current backtesting datetime 2020-04-10 08:29:00-05:00
2024-07-10 21:35:41,159: asyncio: INFO: [MLTrader] Executing the after_market_closes lifecycle method
2024-07-10 21:35:41,159: asyncio: INFO: [MLTrader] Getting historical prices for SPY, 1 bars, 
2024-07-10 21:35:41,159: root: WARNING: quote is not implemented for YahooData, but USD was passed as the quote
2024-07-10 21:35:41,159: root: WARNING: quote is not implemented for YahooData, but USD was passed as the quote
2024-07-10 21:35:41,160: asyncio: INFO: [MLTrader] Getting historical prices for SPY, 1 bars, 
2024-07-10 21:35:41,160: root: WARNING: quote is not implemented for YahooData, but USD was passed as the quote
2024-07-10 21:35:41,160: root: WARNING: quote is not implemented for YahooData, but USD was passed as the quote
2024-07-10 21:35:41,160: root: INFO: Current backtesting datetime 2020-04-13 07:30:00-05:00
2024-07-10 21:35:41,160: root: WARNING: quote is not implemented for YahooData, but USD was passed as the quote
2024-07-10 21:35:41,161: root: WARNING: quote is not implemented for YahooData, but USD was passed as the quote
2024-07-10 21:35:41,161: asyncio: INFO: [MLTrader] Executing the before_market_opens lifecycle method
2024-07-10 21:35:41,161: asyncio: INFO: [MLTrader] Getting historical prices for SPY, 1 bars, 
2024-07-10 21:35:41,161: root: WARNING: quote is not implemented for YahooData, but USD was passed as the quote
2024-07-10 21:35:41,161: root: WARNING: quote is not implemented for YahooData, but USD was passed as the quote
2024-07-10 21:35:41,161: asyncio: INFO: [MLTrader] Getting historical prices for SPY, 1 bars, 
2024-07-10 21:35:41,161: root: WARNING: quote is not implemented for YahooData, but USD was passed as the quote
2024-07-10 21:35:41,162: root: WARNING: quote is not implemented for YahooData, but USD was passed as the quote
2024-07-10 21:35:41,162: root: INFO: Current backtesting datetime 2020-04-13 08:30:00-05:00
2024-07-10 21:35:41,162: asyncio: INFO: [MLTrader] Executing the before_starting_trading lifecycle method
2024-07-10 21:35:41,163: asyncio: INFO: [MLTrader] Executing the on_trading_iteration lifecycle method at 2024-07-10 21:35:41
2024-07-10 21:35:41,163: root: WARNING: quote is not implemented for YahooData, but USD was passed as the quote
2024-07-10 21:35:41,163: root: WARNING: quote is not implemented for YahooData, but USD was passed as the quote
2024-07-10 21:35:41,394: asyncio: INFO: [MLTrader] New order was created: market order of | 785.0 SPY sell | at price $224.7840087890625 of class bracket with status new
2024-07-10 21:35:41,396: asyncio: INFO: [MLTrader] Trading iteration ended at 2024-07-10 21:35:41
2024-07-10 21:35:41,396: asyncio: INFO: [MLTrader] Getting historical prices for SPY, 1 bars, 
2024-07-10 21:35:41,396: root: WARNING: quote is not implemented for YahooData, but USD was passed as the quote
2024-07-10 21:35:41,397: root: WARNING: quote is not implemented for YahooData, but USD was passed as the quote
2024-07-10 21:35:41,397: asyncio: INFO: [MLTrader] Getting historical prices for SPY, 1 bars, 
2024-07-10 21:35:41,397: root: WARNING: quote is not implemented for YahooData, but USD was passed as the quote
2024-07-10 21:35:41,397: root: WARNING: quote is not implemented for YahooData, but USD was passed as the quote
2024-07-10 21:35:41,397: asyncio: INFO: [MLTrader] Getting historical prices for SPY, 1 bars, 
2024-07-10 21:35:41,397: root: WARNING: quote is not implemented for YahooData, but USD was passed as the quote
2024-07-10 21:35:41,397: root: WARNING: quote is not implemented for YahooData, but USD was passed as the quote
2024-07-10 21:35:41,398: root: INFO: market order of | 785.0 SPY sell | at price $224.7840087890625 of class bracket with status new was sent to broker backtesting
2024-07-10 21:35:41,398: root: INFO: market order of | 785.0 SPY sell | at price $224.7840087890625 of class bracket with status new was sent to broker backtesting
2024-07-10 21:35:41,398: asyncio: INFO: [MLTrader] Order was filled: market order of | 785.0 SPY sell | at price $280.98 of class bracket with status fill
2024-07-10 21:35:41,401: asyncio: INFO: [MLTrader] Sleeping for 86400 seconds
2024-07-10 21:35:41,401: root: INFO: Current backtesting datetime 2020-04-13 15:00:00-05:00
2024-07-10 21:35:41,401: root: INFO: Current backtesting datetime 2020-04-14 08:30:00-05:00
2024-07-10 21:35:41,406: asyncio: INFO: [MLTrader] Executing the on_trading_iteration lifecycle method at 2024-07-10 21:35:41
2024-07-10 21:35:41,406: root: WARNING: quote is not implemented for YahooData, but USD was passed as the quote
2024-07-10 21:35:41,406: root: WARNING: quote is not implemented for YahooData, but USD was passed as the quote
2024-07-10 21:35:41,563: asyncio: INFO: [MLTrader] Trading iteration ended at 2024-07-10 21:35:41
2024-07-10 21:35:41,563: asyncio: INFO: [MLTrader] Getting historical prices for SPY, 1 bars, 
2024-07-10 21:35:41,563: root: WARNING: quote is not implemented for YahooData, but USD was passed as the quote
2024-07-10 21:35:41,563: root: WARNING: quote is not implemented for YahooData, but USD was passed as the quote
2024-07-10 21:35:41,564: asyncio: INFO: [MLTrader] Getting historical prices for SPY, 1 bars, 
2024-07-10 21:35:41,564: root: WARNING: quote is not implemented for YahooData, but USD was passed as the quote
2024-07-10 21:35:41,564: root: WARNING: quote is not implemented for YahooData, but USD was passed as the quote
2024-07-10 21:35:41,564: asyncio: INFO: [MLTrader] Getting historical prices for SPY, 1 bars, 
2024-07-10 21:35:41,564: root: WARNING: quote is not implemented for YahooData, but USD was passed as the quote
2024-07-10 21:35:41,564: root: WARNING: quote is not implemented for YahooData, but USD was passed as the quote
2024-07-10 21:35:41,564: asyncio: INFO: [MLTrader] Getting historical prices for SPY, 1 bars, 
2024-07-10 21:35:41,564: root: WARNING: quote is not implemented for YahooData, but USD was passed as the quote
2024-07-10 21:35:41,565: root: WARNING: quote is not implemented for YahooData, but USD was passed as the quote
2024-07-10 21:35:41,565: asyncio: INFO: [MLTrader] Sleeping for 86400 seconds
2024-07-10 21:35:41,565: root: INFO: Current backtesting datetime 2020-04-14 15:00:00-05:00
2024-07-10 21:35:41,565: root: INFO: Current backtesting datetime 2020-04-15 08:30:00-05:00
2024-07-10 21:35:41,566: asyncio: INFO: [MLTrader] Executing the on_trading_iteration lifecycle method at 2024-07-10 21:35:41
2024-07-10 21:35:41,566: root: WARNING: quote is not implemented for YahooData, but USD was passed as the quote
2024-07-10 21:35:41,567: root: WARNING: quote is not implemented for YahooData, but USD was passed as the quote
2024-07-10 21:35:41,796: asyncio: INFO: [MLTrader] Trading iteration ended at 2024-07-10 21:35:41
2024-07-10 21:35:41,796: asyncio: INFO: [MLTrader] Getting historical prices for SPY, 1 bars, 
2024-07-10 21:35:41,796: root: WARNING: quote is not implemented for YahooData, but USD was passed as the quote
2024-07-10 21:35:41,797: root: WARNING: quote is not implemented for YahooData, but USD was passed as the quote
2024-07-10 21:35:41,797: asyncio: INFO: [MLTrader] Getting historical prices for SPY, 1 bars, 
2024-07-10 21:35:41,797: root: WARNING: quote is not implemented for YahooData, but USD was passed as the quote
2024-07-10 21:35:41,797: root: WARNING: quote is not implemented for YahooData, but USD was passed as the quote
2024-07-10 21:35:41,797: asyncio: INFO: [MLTrader] Getting historical prices for SPY, 1 bars, 
2024-07-10 21:35:41,797: root: WARNING: quote is not implemented for YahooData, but USD was passed as the quote
2024-07-10 21:35:41,798: root: WARNING: quote is not implemented for YahooData, but USD was passed as the quote
2024-07-10 21:35:41,798: asyncio: INFO: [MLTrader] Getting historical prices for SPY, 1 bars, 
2024-07-10 21:35:41,798: root: WARNING: quote is not implemented for YahooData, but USD was passed as the quote
2024-07-10 21:35:41,798: root: WARNING: quote is not implemented for YahooData, but USD was passed as the quote
2024-07-10 21:35:41,799: asyncio: INFO: [MLTrader] Sleeping for 86400 seconds
2024-07-10 21:35:41,799: root: INFO: Current backtesting datetime 2020-04-15 15:00:00-05:00
2024-07-10 21:35:41,799: root: INFO: Current backtesting datetime 2020-04-16 08:30:00-05:00
2024-07-10 21:35:41,799: asyncio: INFO: [MLTrader] Executing the on_trading_iteration lifecycle method at 2024-07-10 21:35:41
2024-07-10 21:35:41,800: root: WARNING: quote is not implemented for YahooData, but USD was passed as the quote
2024-07-10 21:35:41,800: root: WARNING: quote is not implemented for YahooData, but USD was passed as the quote
2024-07-10 21:35:41,939: asyncio: INFO: [MLTrader] Trading iteration ended at 2024-07-10 21:35:41
2024-07-10 21:35:41,939: asyncio: INFO: [MLTrader] Getting historical prices for SPY, 1 bars, 
2024-07-10 21:35:41,939: root: WARNING: quote is not implemented for YahooData, but USD was passed as the quote
2024-07-10 21:35:41,939: root: WARNING: quote is not implemented for YahooData, but USD was passed as the quote
2024-07-10 21:35:41,940: asyncio: INFO: [MLTrader] Getting historical prices for SPY, 1 bars, 
2024-07-10 21:35:41,940: root: WARNING: quote is not implemented for YahooData, but USD was passed as the quote
2024-07-10 21:35:41,940: root: WARNING: quote is not implemented for YahooData, but USD was passed as the quote
2024-07-10 21:35:41,940: asyncio: INFO: [MLTrader] Getting historical prices for SPY, 1 bars, 
2024-07-10 21:35:41,940: root: WARNING: quote is not implemented for YahooData, but USD was passed as the quote
2024-07-10 21:35:41,940: root: WARNING: quote is not implemented for YahooData, but USD was passed as the quote
2024-07-10 21:35:41,940: asyncio: INFO: [MLTrader] Getting historical prices for SPY, 1 bars, 
2024-07-10 21:35:41,940: root: WARNING: quote is not implemented for YahooData, but USD was passed as the quote
2024-07-10 21:35:41,941: root: WARNING: quote is not implemented for YahooData, but USD was passed as the quote
2024-07-10 21:35:41,941: asyncio: INFO: [MLTrader] Sleeping for 86400 seconds
2024-07-10 21:35:41,941: root: INFO: Current backtesting datetime 2020-04-16 15:00:00-05:00
2024-07-10 21:35:41,941: root: INFO: Current backtesting datetime 2020-04-17 08:30:00-05:00
2024-07-10 21:35:41,942: asyncio: INFO: [MLTrader] Executing the on_trading_iteration lifecycle method at 2024-07-10 21:35:41
2024-07-10 21:35:41,942: root: WARNING: quote is not implemented for YahooData, but USD was passed as the quote
2024-07-10 21:35:41,943: root: WARNING: quote is not implemented for YahooData, but USD was passed as the quote
2024-07-10 21:35:42,079: asyncio: INFO: [MLTrader] Trading iteration ended at 2024-07-10 21:35:42
2024-07-10 21:35:42,079: asyncio: INFO: [MLTrader] Getting historical prices for SPY, 1 bars, 
2024-07-10 21:35:42,079: root: WARNING: quote is not implemented for YahooData, but USD was passed as the quote
2024-07-10 21:35:42,079: root: WARNING: quote is not implemented for YahooData, but USD was passed as the quote
2024-07-10 21:35:42,080: asyncio: INFO: [MLTrader] Getting historical prices for SPY, 1 bars, 
2024-07-10 21:35:42,080: root: WARNING: quote is not implemented for YahooData, but USD was passed as the quote
2024-07-10 21:35:42,080: root: WARNING: quote is not implemented for YahooData, but USD was passed as the quote
2024-07-10 21:35:42,080: asyncio: INFO: [MLTrader] Getting historical prices for SPY, 1 bars, 
2024-07-10 21:35:42,080: root: WARNING: quote is not implemented for YahooData, but USD was passed as the quote
2024-07-10 21:35:42,080: root: WARNING: quote is not implemented for YahooData, but USD was passed as the quote
2024-07-10 21:35:42,080: asyncio: INFO: [MLTrader] Getting historical prices for SPY, 1 bars, 
2024-07-10 21:35:42,080: root: WARNING: quote is not implemented for YahooData, but USD was passed as the quote
2024-07-10 21:35:42,081: root: WARNING: quote is not implemented for YahooData, but USD was passed as the quote
2024-07-10 21:35:42,081: asyncio: INFO: [MLTrader] Sleeping for 86400 seconds
2024-07-10 21:35:42,081: root: INFO: Current backtesting datetime 2020-04-17 15:00:00-05:00
2024-07-10 21:35:42,081: root: INFO: Current backtesting datetime 2020-04-18 08:30:00-05:00
2024-07-10 21:35:42,082: asyncio: INFO: [MLTrader] The market is not currently open, skipping this trading iteration
2024-07-10 21:35:42,082: asyncio: INFO: [MLTrader] Getting historical prices for SPY, 1 bars, 
2024-07-10 21:35:42,082: root: WARNING: quote is not implemented for YahooData, but USD was passed as the quote
2024-07-10 21:35:42,082: root: WARNING: quote is not implemented for YahooData, but USD was passed as the quote
2024-07-10 21:35:42,082: asyncio: INFO: [MLTrader] Getting historical prices for SPY, 1 bars, 
2024-07-10 21:35:42,082: root: WARNING: quote is not implemented for YahooData, but USD was passed as the quote
2024-07-10 21:35:42,083: root: WARNING: quote is not implemented for YahooData, but USD was passed as the quote
2024-07-10 21:35:42,083: asyncio: INFO: [MLTrader] Getting historical prices for SPY, 1 bars, 
2024-07-10 21:35:42,083: root: WARNING: quote is not implemented for YahooData, but USD was passed as the quote
2024-07-10 21:35:42,083: root: WARNING: quote is not implemented for YahooData, but USD was passed as the quote
2024-07-10 21:35:42,083: asyncio: INFO: [MLTrader] Getting historical prices for SPY, 1 bars, 
2024-07-10 21:35:42,083: root: WARNING: quote is not implemented for YahooData, but USD was passed as the quote
2024-07-10 21:35:42,083: root: WARNING: quote is not implemented for YahooData, but USD was passed as the quote
2024-07-10 21:35:42,084: asyncio: INFO: [MLTrader] Getting historical prices for SPY, 1 bars, 
2024-07-10 21:35:42,084: root: WARNING: quote is not implemented for YahooData, but USD was passed as the quote
2024-07-10 21:35:42,084: root: WARNING: quote is not implemented for YahooData, but USD was passed as the quote
2024-07-10 21:35:42,084: asyncio: INFO: [MLTrader] Getting historical prices for SPY, 1 bars, 
2024-07-10 21:35:42,084: root: WARNING: quote is not implemented for YahooData, but USD was passed as the quote
2024-07-10 21:35:42,084: root: WARNING: quote is not implemented for YahooData, but USD was passed as the quote
2024-07-10 21:35:42,084: asyncio: INFO: [MLTrader] Getting historical prices for SPY, 1 bars, 
2024-07-10 21:35:42,084: root: WARNING: quote is not implemented for YahooData, but USD was passed as the quote
2024-07-10 21:35:42,084: root: WARNING: quote is not implemented for YahooData, but USD was passed as the quote
2024-07-10 21:35:42,085: asyncio: INFO: [MLTrader] Getting historical prices for SPY, 1 bars, 
2024-07-10 21:35:42,085: root: WARNING: quote is not implemented for YahooData, but USD was passed as the quote
2024-07-10 21:35:42,085: root: WARNING: quote is not implemented for YahooData, but USD was passed as the quote
2024-07-10 21:35:42,085: root: INFO: Current backtesting datetime 2020-04-18 08:29:00-05:00
2024-07-10 21:35:42,085: asyncio: INFO: [MLTrader] Getting historical prices for SPY, 1 bars, 
2024-07-10 21:35:42,085: root: WARNING: quote is not implemented for YahooData, but USD was passed as the quote
2024-07-10 21:35:42,085: root: WARNING: quote is not implemented for YahooData, but USD was passed as the quote
2024-07-10 21:35:42,086: asyncio: INFO: [MLTrader] Getting historical prices for SPY, 1 bars, 
2024-07-10 21:35:42,086: root: WARNING: quote is not implemented for YahooData, but USD was passed as the quote
2024-07-10 21:35:42,086: root: WARNING: quote is not implemented for YahooData, but USD was passed as the quote
2024-07-10 21:35:42,086: asyncio: INFO: [MLTrader] Getting historical prices for SPY, 1 bars, 
2024-07-10 21:35:42,086: root: WARNING: quote is not implemented for YahooData, but USD was passed as the quote
2024-07-10 21:35:42,086: root: WARNING: quote is not implemented for YahooData, but USD was passed as the quote
2024-07-10 21:35:42,086: asyncio: INFO: [MLTrader] Getting historical prices for SPY, 1 bars, 
2024-07-10 21:35:42,086: root: WARNING: quote is not implemented for YahooData, but USD was passed as the quote
2024-07-10 21:35:42,086: root: WARNING: quote is not implemented for YahooData, but USD was passed as the quote
2024-07-10 21:35:42,087: root: INFO: Current backtesting datetime 2020-04-18 08:29:00-05:00
2024-07-10 21:35:42,087: asyncio: INFO: [MLTrader] Executing the after_market_closes lifecycle method
2024-07-10 21:35:42,087: asyncio: INFO: [MLTrader] Getting historical prices for SPY, 1 bars, 
2024-07-10 21:35:42,087: root: WARNING: quote is not implemented for YahooData, but USD was passed as the quote
2024-07-10 21:35:42,087: root: WARNING: quote is not implemented for YahooData, but USD was passed as the quote
2024-07-10 21:35:42,087: asyncio: INFO: [MLTrader] Getting historical prices for SPY, 1 bars, 
2024-07-10 21:35:42,087: root: WARNING: quote is not implemented for YahooData, but USD was passed as the quote
2024-07-10 21:35:42,087: root: WARNING: quote is not implemented for YahooData, but USD was passed as the quote
2024-07-10 21:35:42,087: asyncio: INFO: [MLTrader] Getting historical prices for SPY, 1 bars, 
2024-07-10 21:35:42,087: root: WARNING: quote is not implemented for YahooData, but USD was passed as the quote
2024-07-10 21:35:42,088: root: WARNING: quote is not implemented for YahooData, but USD was passed as the quote
2024-07-10 21:35:42,088: asyncio: INFO: [MLTrader] Getting historical prices for SPY, 1 bars, 
2024-07-10 21:35:42,088: root: WARNING: quote is not implemented for YahooData, but USD was passed as the quote
2024-07-10 21:35:42,088: root: WARNING: quote is not implemented for YahooData, but USD was passed as the quote
2024-07-10 21:35:42,088: root: INFO: Current backtesting datetime 2020-04-20 07:30:00-05:00
2024-07-10 21:35:42,088: root: WARNING: quote is not implemented for YahooData, but USD was passed as the quote
2024-07-10 21:35:42,089: root: WARNING: quote is not implemented for YahooData, but USD was passed as the quote
2024-07-10 21:35:42,089: asyncio: INFO: [MLTrader] Executing the before_market_opens lifecycle method
2024-07-10 21:35:42,089: asyncio: INFO: [MLTrader] Getting historical prices for SPY, 1 bars, 
2024-07-10 21:35:42,089: root: WARNING: quote is not implemented for YahooData, but USD was passed as the quote
2024-07-10 21:35:42,089: root: WARNING: quote is not implemented for YahooData, but USD was passed as the quote
2024-07-10 21:35:42,089: asyncio: INFO: [MLTrader] Getting historical prices for SPY, 1 bars, 
2024-07-10 21:35:42,089: root: WARNING: quote is not implemented for YahooData, but USD was passed as the quote
2024-07-10 21:35:42,090: root: WARNING: quote is not implemented for YahooData, but USD was passed as the quote
2024-07-10 21:35:42,090: asyncio: INFO: [MLTrader] Getting historical prices for SPY, 1 bars, 
2024-07-10 21:35:42,090: root: WARNING: quote is not implemented for YahooData, but USD was passed as the quote
2024-07-10 21:35:42,090: root: WARNING: quote is not implemented for YahooData, but USD was passed as the quote
2024-07-10 21:35:42,090: asyncio: INFO: [MLTrader] Getting historical prices for SPY, 1 bars, 
2024-07-10 21:35:42,090: root: WARNING: quote is not implemented for YahooData, but USD was passed as the quote
2024-07-10 21:35:42,090: root: WARNING: quote is not implemented for YahooData, but USD was passed as the quote
2024-07-10 21:35:42,091: root: INFO: Current backtesting datetime 2020-04-20 08:30:00-05:00
2024-07-10 21:35:42,091: asyncio: INFO: [MLTrader] Executing the before_starting_trading lifecycle method
2024-07-10 21:35:42,091: asyncio: INFO: [MLTrader] Executing the on_trading_iteration lifecycle method at 2024-07-10 21:35:42
2024-07-10 21:35:42,092: root: WARNING: quote is not implemented for YahooData, but USD was passed as the quote
2024-07-10 21:35:42,092: root: WARNING: quote is not implemented for YahooData, but USD was passed as the quote
2024-07-10 21:35:42,302: asyncio: INFO: [MLTrader] Trading iteration ended at 2024-07-10 21:35:42
2024-07-10 21:35:42,302: asyncio: INFO: [MLTrader] Getting historical prices for SPY, 1 bars, 
2024-07-10 21:35:42,302: root: WARNING: quote is not implemented for YahooData, but USD was passed as the quote
2024-07-10 21:35:42,303: root: WARNING: quote is not implemented for YahooData, but USD was passed as the quote
2024-07-10 21:35:42,303: asyncio: INFO: [MLTrader] Getting historical prices for SPY, 1 bars, 
2024-07-10 21:35:42,303: root: WARNING: quote is not implemented for YahooData, but USD was passed as the quote
2024-07-10 21:35:42,303: root: WARNING: quote is not implemented for YahooData, but USD was passed as the quote
2024-07-10 21:35:42,303: asyncio: INFO: [MLTrader] Getting historical prices for SPY, 1 bars, 
2024-07-10 21:35:42,303: root: WARNING: quote is not implemented for YahooData, but USD was passed as the quote
2024-07-10 21:35:42,304: root: WARNING: quote is not implemented for YahooData, but USD was passed as the quote
2024-07-10 21:35:42,304: asyncio: INFO: [MLTrader] Getting historical prices for SPY, 1 bars, 
2024-07-10 21:35:42,304: root: WARNING: quote is not implemented for YahooData, but USD was passed as the quote
2024-07-10 21:35:42,304: root: WARNING: quote is not implemented for YahooData, but USD was passed as the quote
2024-07-10 21:35:42,304: asyncio: INFO: [MLTrader] Sleeping for 86400 seconds
2024-07-10 21:35:42,305: root: INFO: Current backtesting datetime 2020-04-20 15:00:00-05:00
2024-07-10 21:35:42,305: root: INFO: Current backtesting datetime 2020-04-21 08:30:00-05:00
2024-07-10 21:35:42,305: asyncio: INFO: [MLTrader] Executing the on_trading_iteration lifecycle method at 2024-07-10 21:35:42
2024-07-10 21:35:42,305: root: WARNING: quote is not implemented for YahooData, but USD was passed as the quote
2024-07-10 21:35:42,306: root: WARNING: quote is not implemented for YahooData, but USD was passed as the quote
2024-07-10 21:35:42,470: asyncio: INFO: [MLTrader] Trading iteration ended at 2024-07-10 21:35:42
2024-07-10 21:35:42,470: asyncio: INFO: [MLTrader] Getting historical prices for SPY, 1 bars, 
2024-07-10 21:35:42,470: root: WARNING: quote is not implemented for YahooData, but USD was passed as the quote
2024-07-10 21:35:42,471: root: WARNING: quote is not implemented for YahooData, but USD was passed as the quote
2024-07-10 21:35:42,471: asyncio: INFO: [MLTrader] Getting historical prices for SPY, 1 bars, 
2024-07-10 21:35:42,471: root: WARNING: quote is not implemented for YahooData, but USD was passed as the quote
2024-07-10 21:35:42,471: root: WARNING: quote is not implemented for YahooData, but USD was passed as the quote
2024-07-10 21:35:42,471: asyncio: INFO: [MLTrader] Getting historical prices for SPY, 1 bars, 
2024-07-10 21:35:42,471: root: WARNING: quote is not implemented for YahooData, but USD was passed as the quote
2024-07-10 21:35:42,472: root: WARNING: quote is not implemented for YahooData, but USD was passed as the quote
2024-07-10 21:35:42,472: asyncio: INFO: [MLTrader] Getting historical prices for SPY, 1 bars, 
2024-07-10 21:35:42,472: root: WARNING: quote is not implemented for YahooData, but USD was passed as the quote
2024-07-10 21:35:42,472: root: WARNING: quote is not implemented for YahooData, but USD was passed as the quote
2024-07-10 21:35:42,472: asyncio: INFO: [MLTrader] Sleeping for 86400 seconds
2024-07-10 21:35:42,473: root: INFO: Current backtesting datetime 2020-04-21 15:00:00-05:00
2024-07-10 21:35:42,473: root: INFO: Current backtesting datetime 2020-04-22 08:30:00-05:00
2024-07-10 21:35:42,473: asyncio: INFO: [MLTrader] Executing the on_trading_iteration lifecycle method at 2024-07-10 21:35:42
2024-07-10 21:35:42,473: root: WARNING: quote is not implemented for YahooData, but USD was passed as the quote
2024-07-10 21:35:42,474: root: WARNING: quote is not implemented for YahooData, but USD was passed as the quote
2024-07-10 21:35:42,686: asyncio: INFO: [MLTrader] Trading iteration ended at 2024-07-10 21:35:42
2024-07-10 21:35:42,686: asyncio: INFO: [MLTrader] Getting historical prices for SPY, 1 bars, 
2024-07-10 21:35:42,687: root: WARNING: quote is not implemented for YahooData, but USD was passed as the quote
2024-07-10 21:35:42,687: root: WARNING: quote is not implemented for YahooData, but USD was passed as the quote
2024-07-10 21:35:42,687: asyncio: INFO: [MLTrader] Getting historical prices for SPY, 1 bars, 
2024-07-10 21:35:42,687: root: WARNING: quote is not implemented for YahooData, but USD was passed as the quote
2024-07-10 21:35:42,688: root: WARNING: quote is not implemented for YahooData, but USD was passed as the quote
2024-07-10 21:35:42,688: asyncio: INFO: [MLTrader] Getting historical prices for SPY, 1 bars, 
2024-07-10 21:35:42,688: root: WARNING: quote is not implemented for YahooData, but USD was passed as the quote
2024-07-10 21:35:42,688: root: WARNING: quote is not implemented for YahooData, but USD was passed as the quote
2024-07-10 21:35:42,688: asyncio: INFO: [MLTrader] Getting historical prices for SPY, 1 bars, 
2024-07-10 21:35:42,688: root: WARNING: quote is not implemented for YahooData, but USD was passed as the quote
2024-07-10 21:35:42,688: root: WARNING: quote is not implemented for YahooData, but USD was passed as the quote
2024-07-10 21:35:42,689: asyncio: INFO: [MLTrader] Sleeping for 86400 seconds
2024-07-10 21:35:42,689: root: INFO: Current backtesting datetime 2020-04-22 15:00:00-05:00
2024-07-10 21:35:42,689: root: INFO: Current backtesting datetime 2020-04-23 08:30:00-05:00
2024-07-10 21:35:42,690: asyncio: INFO: [MLTrader] Executing the on_trading_iteration lifecycle method at 2024-07-10 21:35:42
2024-07-10 21:35:42,690: root: WARNING: quote is not implemented for YahooData, but USD was passed as the quote
2024-07-10 21:35:42,690: root: WARNING: quote is not implemented for YahooData, but USD was passed as the quote
2024-07-10 21:35:42,866: asyncio: INFO: [MLTrader] Trading iteration ended at 2024-07-10 21:35:42
2024-07-10 21:35:42,866: asyncio: INFO: [MLTrader] Getting historical prices for SPY, 1 bars, 
2024-07-10 21:35:42,866: root: WARNING: quote is not implemented for YahooData, but USD was passed as the quote
2024-07-10 21:35:42,866: root: WARNING: quote is not implemented for YahooData, but USD was passed as the quote
2024-07-10 21:35:42,867: asyncio: INFO: [MLTrader] Getting historical prices for SPY, 1 bars, 
2024-07-10 21:35:42,867: root: WARNING: quote is not implemented for YahooData, but USD was passed as the quote
2024-07-10 21:35:42,867: root: WARNING: quote is not implemented for YahooData, but USD was passed as the quote
2024-07-10 21:35:42,867: asyncio: INFO: [MLTrader] Getting historical prices for SPY, 1 bars, 
2024-07-10 21:35:42,867: root: WARNING: quote is not implemented for YahooData, but USD was passed as the quote
2024-07-10 21:35:42,867: root: WARNING: quote is not implemented for YahooData, but USD was passed as the quote
2024-07-10 21:35:42,867: asyncio: INFO: [MLTrader] Getting historical prices for SPY, 1 bars, 
2024-07-10 21:35:42,867: root: WARNING: quote is not implemented for YahooData, but USD was passed as the quote
2024-07-10 21:35:42,868: root: WARNING: quote is not implemented for YahooData, but USD was passed as the quote
2024-07-10 21:35:42,868: asyncio: INFO: [MLTrader] Sleeping for 86400 seconds
2024-07-10 21:35:42,868: root: INFO: Current backtesting datetime 2020-04-23 15:00:00-05:00
2024-07-10 21:35:42,868: root: INFO: Current backtesting datetime 2020-04-24 08:30:00-05:00
2024-07-10 21:35:42,869: asyncio: INFO: [MLTrader] Executing the on_trading_iteration lifecycle method at 2024-07-10 21:35:42
2024-07-10 21:35:42,869: root: WARNING: quote is not implemented for YahooData, but USD was passed as the quote
2024-07-10 21:35:42,870: root: WARNING: quote is not implemented for YahooData, but USD was passed as the quote
2024-07-10 21:35:43,012: asyncio: INFO: [MLTrader] Trading iteration ended at 2024-07-10 21:35:43
2024-07-10 21:35:43,012: asyncio: INFO: [MLTrader] Getting historical prices for SPY, 1 bars, 
2024-07-10 21:35:43,012: root: WARNING: quote is not implemented for YahooData, but USD was passed as the quote
2024-07-10 21:35:43,013: root: WARNING: quote is not implemented for YahooData, but USD was passed as the quote
2024-07-10 21:35:43,013: asyncio: INFO: [MLTrader] Getting historical prices for SPY, 1 bars, 
2024-07-10 21:35:43,013: root: WARNING: quote is not implemented for YahooData, but USD was passed as the quote
2024-07-10 21:35:43,014: root: WARNING: quote is not implemented for YahooData, but USD was passed as the quote
2024-07-10 21:35:43,014: asyncio: INFO: [MLTrader] Getting historical prices for SPY, 1 bars, 
2024-07-10 21:35:43,014: root: WARNING: quote is not implemented for YahooData, but USD was passed as the quote
2024-07-10 21:35:43,014: root: WARNING: quote is not implemented for YahooData, but USD was passed as the quote
2024-07-10 21:35:43,014: asyncio: INFO: [MLTrader] Getting historical prices for SPY, 1 bars, 
2024-07-10 21:35:43,014: root: WARNING: quote is not implemented for YahooData, but USD was passed as the quote
2024-07-10 21:35:43,014: root: WARNING: quote is not implemented for YahooData, but USD was passed as the quote
2024-07-10 21:35:43,015: asyncio: INFO: [MLTrader] Sleeping for 86400 seconds
2024-07-10 21:35:43,015: root: INFO: Current backtesting datetime 2020-04-24 15:00:00-05:00
2024-07-10 21:35:43,015: root: INFO: Current backtesting datetime 2020-04-25 08:30:00-05:00
2024-07-10 21:35:43,016: asyncio: INFO: [MLTrader] The market is not currently open, skipping this trading iteration
2024-07-10 21:35:43,016: asyncio: INFO: [MLTrader] Getting historical prices for SPY, 1 bars, 
2024-07-10 21:35:43,016: root: WARNING: quote is not implemented for YahooData, but USD was passed as the quote
2024-07-10 21:35:43,016: root: WARNING: quote is not implemented for YahooData, but USD was passed as the quote
2024-07-10 21:35:43,016: asyncio: INFO: [MLTrader] Getting historical prices for SPY, 1 bars, 
2024-07-10 21:35:43,016: root: WARNING: quote is not implemented for YahooData, but USD was passed as the quote
2024-07-10 21:35:43,016: root: WARNING: quote is not implemented for YahooData, but USD was passed as the quote
2024-07-10 21:35:43,016: asyncio: INFO: [MLTrader] Getting historical prices for SPY, 1 bars, 
2024-07-10 21:35:43,016: root: WARNING: quote is not implemented for YahooData, but USD was passed as the quote
2024-07-10 21:35:43,017: root: WARNING: quote is not implemented for YahooData, but USD was passed as the quote
2024-07-10 21:35:43,017: asyncio: INFO: [MLTrader] Getting historical prices for SPY, 1 bars, 
2024-07-10 21:35:43,017: root: WARNING: quote is not implemented for YahooData, but USD was passed as the quote
2024-07-10 21:35:43,017: root: WARNING: quote is not implemented for YahooData, but USD was passed as the quote
2024-07-10 21:35:43,017: asyncio: INFO: [MLTrader] Getting historical prices for SPY, 1 bars, 
2024-07-10 21:35:43,017: root: WARNING: quote is not implemented for YahooData, but USD was passed as the quote
2024-07-10 21:35:43,017: root: WARNING: quote is not implemented for YahooData, but USD was passed as the quote
2024-07-10 21:35:43,017: asyncio: INFO: [MLTrader] Getting historical prices for SPY, 1 bars, 
2024-07-10 21:35:43,017: root: WARNING: quote is not implemented for YahooData, but USD was passed as the quote
2024-07-10 21:35:43,018: root: WARNING: quote is not implemented for YahooData, but USD was passed as the quote
2024-07-10 21:35:43,018: asyncio: INFO: [MLTrader] Getting historical prices for SPY, 1 bars, 
2024-07-10 21:35:43,018: root: WARNING: quote is not implemented for YahooData, but USD was passed as the quote
2024-07-10 21:35:43,018: root: WARNING: quote is not implemented for YahooData, but USD was passed as the quote
2024-07-10 21:35:43,018: asyncio: INFO: [MLTrader] Getting historical prices for SPY, 1 bars, 
2024-07-10 21:35:43,018: root: WARNING: quote is not implemented for YahooData, but USD was passed as the quote
2024-07-10 21:35:43,018: root: WARNING: quote is not implemented for YahooData, but USD was passed as the quote
2024-07-10 21:35:43,019: root: INFO: Current backtesting datetime 2020-04-25 08:29:00-05:00
2024-07-10 21:35:43,019: asyncio: INFO: [MLTrader] Getting historical prices for SPY, 1 bars, 
2024-07-10 21:35:43,019: root: WARNING: quote is not implemented for YahooData, but USD was passed as the quote
2024-07-10 21:35:43,019: root: WARNING: quote is not implemented for YahooData, but USD was passed as the quote
2024-07-10 21:35:43,019: asyncio: INFO: [MLTrader] Getting historical prices for SPY, 1 bars, 
2024-07-10 21:35:43,019: root: WARNING: quote is not implemented for YahooData, but USD was passed as the quote
2024-07-10 21:35:43,019: root: WARNING: quote is not implemented for YahooData, but USD was passed as the quote
2024-07-10 21:35:43,019: asyncio: INFO: [MLTrader] Getting historical prices for SPY, 1 bars, 
2024-07-10 21:35:43,019: root: WARNING: quote is not implemented for YahooData, but USD was passed as the quote
2024-07-10 21:35:43,020: root: WARNING: quote is not implemented for YahooData, but USD was passed as the quote
2024-07-10 21:35:43,020: asyncio: INFO: [MLTrader] Getting historical prices for SPY, 1 bars, 
2024-07-10 21:35:43,020: root: WARNING: quote is not implemented for YahooData, but USD was passed as the quote
2024-07-10 21:35:43,020: root: WARNING: quote is not implemented for YahooData, but USD was passed as the quote
2024-07-10 21:35:43,020: root: INFO: Current backtesting datetime 2020-04-25 08:29:00-05:00
2024-07-10 21:35:43,020: asyncio: INFO: [MLTrader] Executing the after_market_closes lifecycle method
2024-07-10 21:35:43,020: asyncio: INFO: [MLTrader] Getting historical prices for SPY, 1 bars, 
2024-07-10 21:35:43,020: root: WARNING: quote is not implemented for YahooData, but USD was passed as the quote
2024-07-10 21:35:43,021: root: WARNING: quote is not implemented for YahooData, but USD was passed as the quote
2024-07-10 21:35:43,021: asyncio: INFO: [MLTrader] Getting historical prices for SPY, 1 bars, 
2024-07-10 21:35:43,021: root: WARNING: quote is not implemented for YahooData, but USD was passed as the quote
2024-07-10 21:35:43,021: root: WARNING: quote is not implemented for YahooData, but USD was passed as the quote
2024-07-10 21:35:43,021: asyncio: INFO: [MLTrader] Getting historical prices for SPY, 1 bars, 
2024-07-10 21:35:43,021: root: WARNING: quote is not implemented for YahooData, but USD was passed as the quote
2024-07-10 21:35:43,021: root: WARNING: quote is not implemented for YahooData, but USD was passed as the quote
2024-07-10 21:35:43,021: asyncio: INFO: [MLTrader] Getting historical prices for SPY, 1 bars, 
2024-07-10 21:35:43,021: root: WARNING: quote is not implemented for YahooData, but USD was passed as the quote
2024-07-10 21:35:43,022: root: WARNING: quote is not implemented for YahooData, but USD was passed as the quote
2024-07-10 21:35:43,022: root: INFO: Current backtesting datetime 2020-04-27 07:30:00-05:00
2024-07-10 21:35:43,022: root: WARNING: quote is not implemented for YahooData, but USD was passed as the quote
2024-07-10 21:35:43,022: root: WARNING: quote is not implemented for YahooData, but USD was passed as the quote
2024-07-10 21:35:43,023: asyncio: INFO: [MLTrader] Executing the before_market_opens lifecycle method
2024-07-10 21:35:43,023: asyncio: INFO: [MLTrader] Getting historical prices for SPY, 1 bars, 
2024-07-10 21:35:43,023: root: WARNING: quote is not implemented for YahooData, but USD was passed as the quote
2024-07-10 21:35:43,023: root: WARNING: quote is not implemented for YahooData, but USD was passed as the quote
2024-07-10 21:35:43,023: asyncio: INFO: [MLTrader] Getting historical prices for SPY, 1 bars, 
2024-07-10 21:35:43,023: root: WARNING: quote is not implemented for YahooData, but USD was passed as the quote
2024-07-10 21:35:43,023: root: WARNING: quote is not implemented for YahooData, but USD was passed as the quote
2024-07-10 21:35:43,023: asyncio: INFO: [MLTrader] Getting historical prices for SPY, 1 bars, 
2024-07-10 21:35:43,023: root: WARNING: quote is not implemented for YahooData, but USD was passed as the quote
2024-07-10 21:35:43,024: root: WARNING: quote is not implemented for YahooData, but USD was passed as the quote
2024-07-10 21:35:43,024: asyncio: INFO: [MLTrader] Getting historical prices for SPY, 1 bars, 
2024-07-10 21:35:43,024: root: WARNING: quote is not implemented for YahooData, but USD was passed as the quote
2024-07-10 21:35:43,024: root: WARNING: quote is not implemented for YahooData, but USD was passed as the quote
2024-07-10 21:35:43,024: root: INFO: Current backtesting datetime 2020-04-27 08:30:00-05:00
2024-07-10 21:35:43,024: asyncio: INFO: [MLTrader] Executing the before_starting_trading lifecycle method
2024-07-10 21:35:43,025: asyncio: INFO: [MLTrader] Executing the on_trading_iteration lifecycle method at 2024-07-10 21:35:43
2024-07-10 21:35:43,025: root: WARNING: quote is not implemented for YahooData, but USD was passed as the quote
2024-07-10 21:35:43,026: root: WARNING: quote is not implemented for YahooData, but USD was passed as the quote
2024-07-10 21:35:43,178: asyncio: WARNING: [MLTrader] Selling all positions for MLTrader strategy
2024-07-10 21:35:43,178: asyncio: INFO: [MLTrader] Order was canceled: stop order of | 890.0 SPY buy | at price $298.8720153808594 with status canceled
2024-07-10 21:35:43,180: asyncio: INFO: [MLTrader] Order was canceled: limit order of | 890.0 SPY buy | at price $227.71201171875 with status canceled
2024-07-10 21:35:43,182: asyncio: INFO: [MLTrader] Order was canceled: stop order of | 785.0 SPY buy | at price $295.02901153564454 with status canceled
2024-07-10 21:35:43,183: asyncio: INFO: [MLTrader] Order was canceled: limit order of | 785.0 SPY buy | at price $224.7840087890625 with status canceled
2024-07-10 21:35:43,184: asyncio: INFO: [MLTrader] New order was created: market order of | 1675.0 SPY buy | with status new
2024-07-10 21:35:43,186: asyncio: INFO: [MLTrader] New order was created: market order of | 1137.0 SPY buy | at price $349.22398681640624 of class bracket with status new
2024-07-10 21:35:43,187: asyncio: INFO: [MLTrader] Trading iteration ended at 2024-07-10 21:35:43
2024-07-10 21:35:43,187: asyncio: INFO: [MLTrader] Getting historical prices for SPY, 1 bars, 
2024-07-10 21:35:43,187: root: WARNING: quote is not implemented for YahooData, but USD was passed as the quote
2024-07-10 21:35:43,188: root: WARNING: quote is not implemented for YahooData, but USD was passed as the quote
2024-07-10 21:35:43,188: root: INFO: Position MLTrader Position: 0.0 shares of SPY (11 orders) liquidated
2024-07-10 21:35:43,188: asyncio: INFO: [MLTrader] Order was filled: market order of | 1675.0 SPY buy | at price $291.02 with status fill
2024-07-10 21:35:43,189: asyncio: INFO: [MLTrader] Getting historical prices for SPY, 1 bars, 
2024-07-10 21:35:43,189: root: WARNING: quote is not implemented for YahooData, but USD was passed as the quote
2024-07-10 21:35:43,190: root: WARNING: quote is not implemented for YahooData, but USD was passed as the quote
2024-07-10 21:35:43,190: root: INFO: market order of | 1137.0 SPY buy | at price $349.22398681640624 of class bracket with status new was sent to broker backtesting
2024-07-10 21:35:43,190: root: INFO: market order of | 1137.0 SPY buy | at price $349.22398681640624 of class bracket with status new was sent to broker backtesting
2024-07-10 21:35:43,190: asyncio: INFO: [MLTrader] Order was filled: market order of | 1137.0 SPY buy | at price $291.02 of class bracket with status fill
2024-07-10 21:35:43,191: asyncio: INFO: [MLTrader] Sleeping for 86400 seconds
2024-07-10 21:35:43,191: root: INFO: Current backtesting datetime 2020-04-27 15:00:00-05:00
2024-07-10 21:35:43,191: root: INFO: Current backtesting datetime 2020-04-28 08:30:00-05:00
2024-07-10 21:35:43,194: asyncio: INFO: [MLTrader] Executing the on_trading_iteration lifecycle method at 2024-07-10 21:35:43
2024-07-10 21:35:43,194: root: WARNING: quote is not implemented for YahooData, but USD was passed as the quote
2024-07-10 21:35:43,195: root: WARNING: quote is not implemented for YahooData, but USD was passed as the quote
2024-07-10 21:35:43,392: asyncio: INFO: [MLTrader] Trading iteration ended at 2024-07-10 21:35:43
2024-07-10 21:35:43,392: asyncio: INFO: [MLTrader] Getting historical prices for SPY, 1 bars, 
2024-07-10 21:35:43,392: root: WARNING: quote is not implemented for YahooData, but USD was passed as the quote
2024-07-10 21:35:43,393: root: WARNING: quote is not implemented for YahooData, but USD was passed as the quote
2024-07-10 21:35:43,393: asyncio: INFO: [MLTrader] Getting historical prices for SPY, 1 bars, 
2024-07-10 21:35:43,393: root: WARNING: quote is not implemented for YahooData, but USD was passed as the quote
2024-07-10 21:35:43,393: root: WARNING: quote is not implemented for YahooData, but USD was passed as the quote
2024-07-10 21:35:43,394: asyncio: INFO: [MLTrader] Sleeping for 86400 seconds
2024-07-10 21:35:43,394: root: INFO: Current backtesting datetime 2020-04-28 15:00:00-05:00
2024-07-10 21:35:43,394: root: INFO: Current backtesting datetime 2020-04-29 08:30:00-05:00
2024-07-10 21:35:43,394: asyncio: INFO: [MLTrader] Executing the on_trading_iteration lifecycle method at 2024-07-10 21:35:43
2024-07-10 21:35:43,395: root: WARNING: quote is not implemented for YahooData, but USD was passed as the quote
2024-07-10 21:35:43,395: root: WARNING: quote is not implemented for YahooData, but USD was passed as the quote
2024-07-10 21:35:43,580: asyncio: INFO: [MLTrader] Trading iteration ended at 2024-07-10 21:35:43
2024-07-10 21:35:43,580: asyncio: INFO: [MLTrader] Getting historical prices for SPY, 1 bars, 
2024-07-10 21:35:43,580: root: WARNING: quote is not implemented for YahooData, but USD was passed as the quote
2024-07-10 21:35:43,581: root: WARNING: quote is not implemented for YahooData, but USD was passed as the quote
2024-07-10 21:35:43,581: asyncio: INFO: [MLTrader] Getting historical prices for SPY, 1 bars, 
2024-07-10 21:35:43,581: root: WARNING: quote is not implemented for YahooData, but USD was passed as the quote
2024-07-10 21:35:43,581: root: WARNING: quote is not implemented for YahooData, but USD was passed as the quote
2024-07-10 21:35:43,582: asyncio: INFO: [MLTrader] Sleeping for 86400 seconds
2024-07-10 21:35:43,582: root: INFO: Current backtesting datetime 2020-04-29 15:00:00-05:00
2024-07-10 21:35:43,582: root: INFO: Current backtesting datetime 2020-04-30 08:30:00-05:00
2024-07-10 21:35:43,583: asyncio: INFO: [MLTrader] Executing the on_trading_iteration lifecycle method at 2024-07-10 21:35:43
2024-07-10 21:35:43,583: root: WARNING: quote is not implemented for YahooData, but USD was passed as the quote
2024-07-10 21:35:43,583: root: WARNING: quote is not implemented for YahooData, but USD was passed as the quote
2024-07-10 21:35:43,724: asyncio: INFO: [MLTrader] Trading iteration ended at 2024-07-10 21:35:43
2024-07-10 21:35:43,724: asyncio: INFO: [MLTrader] Getting historical prices for SPY, 1 bars, 
2024-07-10 21:35:43,724: root: WARNING: quote is not implemented for YahooData, but USD was passed as the quote
2024-07-10 21:35:43,724: root: WARNING: quote is not implemented for YahooData, but USD was passed as the quote
2024-07-10 21:35:43,725: asyncio: INFO: [MLTrader] Getting historical prices for SPY, 1 bars, 
2024-07-10 21:35:43,725: root: WARNING: quote is not implemented for YahooData, but USD was passed as the quote
2024-07-10 21:35:43,725: root: WARNING: quote is not implemented for YahooData, but USD was passed as the quote
2024-07-10 21:35:43,725: asyncio: INFO: [MLTrader] Sleeping for 86400 seconds
2024-07-10 21:35:43,726: root: INFO: Current backtesting datetime 2020-04-30 15:00:00-05:00
2024-07-10 21:35:43,726: root: INFO: Current backtesting datetime 2020-05-01 08:30:00-05:00
2024-07-10 21:35:43,726: asyncio: INFO: [MLTrader] Executing the on_trading_iteration lifecycle method at 2024-07-10 21:35:43
2024-07-10 21:35:43,726: root: WARNING: quote is not implemented for YahooData, but USD was passed as the quote
2024-07-10 21:35:43,727: root: WARNING: quote is not implemented for YahooData, but USD was passed as the quote
2024-07-10 21:35:43,853: asyncio: INFO: [MLTrader] Trading iteration ended at 2024-07-10 21:35:43
2024-07-10 21:35:43,853: asyncio: INFO: [MLTrader] Getting historical prices for SPY, 1 bars, 
2024-07-10 21:35:43,853: root: WARNING: quote is not implemented for YahooData, but USD was passed as the quote
2024-07-10 21:35:43,854: root: WARNING: quote is not implemented for YahooData, but USD was passed as the quote
2024-07-10 21:35:43,854: asyncio: INFO: [MLTrader] Getting historical prices for SPY, 1 bars, 
2024-07-10 21:35:43,858: root: WARNING: quote is not implemented for YahooData, but USD was passed as the quote
2024-07-10 21:35:43,859: root: WARNING: quote is not implemented for YahooData, but USD was passed as the quote
2024-07-10 21:35:43,860: asyncio: INFO: [MLTrader] Sleeping for 86400 seconds
2024-07-10 21:35:43,860: root: INFO: Current backtesting datetime 2020-05-01 15:00:00-05:00
2024-07-10 21:35:43,860: root: INFO: Current backtesting datetime 2020-05-02 08:30:00-05:00
2024-07-10 21:35:43,860: asyncio: INFO: [MLTrader] The market is not currently open, skipping this trading iteration
2024-07-10 21:35:43,861: asyncio: INFO: [MLTrader] Getting historical prices for SPY, 1 bars, 
2024-07-10 21:35:43,861: root: WARNING: quote is not implemented for YahooData, but USD was passed as the quote
2024-07-10 21:35:43,861: root: WARNING: quote is not implemented for YahooData, but USD was passed as the quote
2024-07-10 21:35:43,861: asyncio: INFO: [MLTrader] Getting historical prices for SPY, 1 bars, 
2024-07-10 21:35:43,861: root: WARNING: quote is not implemented for YahooData, but USD was passed as the quote
2024-07-10 21:35:43,861: root: WARNING: quote is not implemented for YahooData, but USD was passed as the quote
2024-07-10 21:35:43,861: asyncio: INFO: [MLTrader] Getting historical prices for SPY, 1 bars, 
2024-07-10 21:35:43,861: root: WARNING: quote is not implemented for YahooData, but USD was passed as the quote
2024-07-10 21:35:43,862: root: WARNING: quote is not implemented for YahooData, but USD was passed as the quote
2024-07-10 21:35:43,862: asyncio: INFO: [MLTrader] Getting historical prices for SPY, 1 bars, 
2024-07-10 21:35:43,862: root: WARNING: quote is not implemented for YahooData, but USD was passed as the quote
2024-07-10 21:35:43,862: root: WARNING: quote is not implemented for YahooData, but USD was passed as the quote
2024-07-10 21:35:43,862: root: INFO: Current backtesting datetime 2020-05-02 08:29:00-05:00
2024-07-10 21:35:43,862: asyncio: INFO: [MLTrader] Getting historical prices for SPY, 1 bars, 
2024-07-10 21:35:43,863: root: WARNING: quote is not implemented for YahooData, but USD was passed as the quote
2024-07-10 21:35:43,863: root: WARNING: quote is not implemented for YahooData, but USD was passed as the quote
2024-07-10 21:35:43,863: asyncio: INFO: [MLTrader] Getting historical prices for SPY, 1 bars, 
2024-07-10 21:35:43,863: root: WARNING: quote is not implemented for YahooData, but USD was passed as the quote
2024-07-10 21:35:43,863: root: WARNING: quote is not implemented for YahooData, but USD was passed as the quote
2024-07-10 21:35:43,863: root: INFO: Current backtesting datetime 2020-05-02 08:29:00-05:00
2024-07-10 21:35:43,863: asyncio: INFO: [MLTrader] Executing the after_market_closes lifecycle method
2024-07-10 21:35:43,863: asyncio: INFO: [MLTrader] Getting historical prices for SPY, 1 bars, 
2024-07-10 21:35:43,863: root: WARNING: quote is not implemented for YahooData, but USD was passed as the quote
2024-07-10 21:35:43,864: root: WARNING: quote is not implemented for YahooData, but USD was passed as the quote
2024-07-10 21:35:43,864: asyncio: INFO: [MLTrader] Getting historical prices for SPY, 1 bars, 
2024-07-10 21:35:43,864: root: WARNING: quote is not implemented for YahooData, but USD was passed as the quote
2024-07-10 21:35:43,864: root: WARNING: quote is not implemented for YahooData, but USD was passed as the quote
2024-07-10 21:35:43,864: root: INFO: Current backtesting datetime 2020-05-04 07:30:00-05:00
2024-07-10 21:35:43,864: root: WARNING: quote is not implemented for YahooData, but USD was passed as the quote
2024-07-10 21:35:43,865: root: WARNING: quote is not implemented for YahooData, but USD was passed as the quote
2024-07-10 21:35:43,865: asyncio: INFO: [MLTrader] Executing the before_market_opens lifecycle method
2024-07-10 21:35:43,865: asyncio: INFO: [MLTrader] Getting historical prices for SPY, 1 bars, 
2024-07-10 21:35:43,865: root: WARNING: quote is not implemented for YahooData, but USD was passed as the quote
2024-07-10 21:35:43,865: root: WARNING: quote is not implemented for YahooData, but USD was passed as the quote
2024-07-10 21:35:43,866: asyncio: INFO: [MLTrader] Getting historical prices for SPY, 1 bars, 
2024-07-10 21:35:43,866: root: WARNING: quote is not implemented for YahooData, but USD was passed as the quote
2024-07-10 21:35:43,866: root: WARNING: quote is not implemented for YahooData, but USD was passed as the quote
2024-07-10 21:35:43,866: root: INFO: Current backtesting datetime 2020-05-04 08:30:00-05:00
2024-07-10 21:35:43,866: asyncio: INFO: [MLTrader] Executing the before_starting_trading lifecycle method
2024-07-10 21:35:43,870: asyncio: INFO: [MLTrader] Executing the on_trading_iteration lifecycle method at 2024-07-10 21:35:43
2024-07-10 21:35:43,871: root: WARNING: quote is not implemented for YahooData, but USD was passed as the quote
2024-07-10 21:35:43,871: root: WARNING: quote is not implemented for YahooData, but USD was passed as the quote
2024-07-10 21:35:43,992: asyncio: INFO: [MLTrader] Trading iteration ended at 2024-07-10 21:35:43
2024-07-10 21:35:43,992: asyncio: INFO: [MLTrader] Getting historical prices for SPY, 1 bars, 
2024-07-10 21:35:43,992: root: WARNING: quote is not implemented for YahooData, but USD was passed as the quote
2024-07-10 21:35:43,993: root: WARNING: quote is not implemented for YahooData, but USD was passed as the quote
2024-07-10 21:35:43,993: asyncio: INFO: [MLTrader] Getting historical prices for SPY, 1 bars, 
2024-07-10 21:35:43,993: root: WARNING: quote is not implemented for YahooData, but USD was passed as the quote
2024-07-10 21:35:43,994: root: WARNING: quote is not implemented for YahooData, but USD was passed as the quote
2024-07-10 21:35:43,994: asyncio: INFO: [MLTrader] Sleeping for 86400 seconds
2024-07-10 21:35:43,994: root: INFO: Current backtesting datetime 2020-05-04 15:00:00-05:00
2024-07-10 21:35:43,994: root: INFO: Current backtesting datetime 2020-05-05 08:30:00-05:00
2024-07-10 21:35:43,995: asyncio: INFO: [MLTrader] Executing the on_trading_iteration lifecycle method at 2024-07-10 21:35:43
2024-07-10 21:35:43,995: root: WARNING: quote is not implemented for YahooData, but USD was passed as the quote
2024-07-10 21:35:43,996: root: WARNING: quote is not implemented for YahooData, but USD was passed as the quote
2024-07-10 21:35:44,172: asyncio: INFO: [MLTrader] Trading iteration ended at 2024-07-10 21:35:44
2024-07-10 21:35:44,172: asyncio: INFO: [MLTrader] Getting historical prices for SPY, 1 bars, 
2024-07-10 21:35:44,172: root: WARNING: quote is not implemented for YahooData, but USD was passed as the quote
2024-07-10 21:35:44,173: root: WARNING: quote is not implemented for YahooData, but USD was passed as the quote
2024-07-10 21:35:44,173: asyncio: INFO: [MLTrader] Getting historical prices for SPY, 1 bars, 
2024-07-10 21:35:44,173: root: WARNING: quote is not implemented for YahooData, but USD was passed as the quote
2024-07-10 21:35:44,173: root: WARNING: quote is not implemented for YahooData, but USD was passed as the quote
2024-07-10 21:35:44,174: asyncio: INFO: [MLTrader] Sleeping for 86400 seconds
2024-07-10 21:35:44,174: root: INFO: Current backtesting datetime 2020-05-05 15:00:00-05:00
2024-07-10 21:35:44,174: root: INFO: Current backtesting datetime 2020-05-06 08:30:00-05:00
2024-07-10 21:35:44,175: asyncio: INFO: [MLTrader] Executing the on_trading_iteration lifecycle method at 2024-07-10 21:35:44
2024-07-10 21:35:44,175: root: WARNING: quote is not implemented for YahooData, but USD was passed as the quote
2024-07-10 21:35:44,175: root: WARNING: quote is not implemented for YahooData, but USD was passed as the quote
2024-07-10 21:35:44,384: asyncio: INFO: [MLTrader] Trading iteration ended at 2024-07-10 21:35:44
2024-07-10 21:35:44,384: asyncio: INFO: [MLTrader] Getting historical prices for SPY, 1 bars, 
2024-07-10 21:35:44,384: root: WARNING: quote is not implemented for YahooData, but USD was passed as the quote
2024-07-10 21:35:44,384: root: WARNING: quote is not implemented for YahooData, but USD was passed as the quote
2024-07-10 21:35:44,384: asyncio: INFO: [MLTrader] Getting historical prices for SPY, 1 bars, 
2024-07-10 21:35:44,384: root: WARNING: quote is not implemented for YahooData, but USD was passed as the quote
2024-07-10 21:35:44,385: root: WARNING: quote is not implemented for YahooData, but USD was passed as the quote
2024-07-10 21:35:44,385: asyncio: INFO: [MLTrader] Sleeping for 86400 seconds
2024-07-10 21:35:44,386: root: INFO: Current backtesting datetime 2020-05-06 15:00:00-05:00
2024-07-10 21:35:44,386: root: INFO: Current backtesting datetime 2020-05-07 08:30:00-05:00
2024-07-10 21:35:44,386: asyncio: INFO: [MLTrader] Executing the on_trading_iteration lifecycle method at 2024-07-10 21:35:44
2024-07-10 21:35:44,386: root: WARNING: quote is not implemented for YahooData, but USD was passed as the quote
2024-07-10 21:35:44,387: root: WARNING: quote is not implemented for YahooData, but USD was passed as the quote
2024-07-10 21:35:44,566: asyncio: INFO: [MLTrader] Trading iteration ended at 2024-07-10 21:35:44
2024-07-10 21:35:44,566: asyncio: INFO: [MLTrader] Getting historical prices for SPY, 1 bars, 
2024-07-10 21:35:44,566: root: WARNING: quote is not implemented for YahooData, but USD was passed as the quote
2024-07-10 21:35:44,567: root: WARNING: quote is not implemented for YahooData, but USD was passed as the quote
2024-07-10 21:35:44,567: asyncio: INFO: [MLTrader] Getting historical prices for SPY, 1 bars, 
2024-07-10 21:35:44,571: root: WARNING: quote is not implemented for YahooData, but USD was passed as the quote
2024-07-10 21:35:44,571: root: WARNING: quote is not implemented for YahooData, but USD was passed as the quote
2024-07-10 21:35:44,572: asyncio: INFO: [MLTrader] Sleeping for 86400 seconds
2024-07-10 21:35:44,572: root: INFO: Current backtesting datetime 2020-05-07 15:00:00-05:00
2024-07-10 21:35:44,572: root: INFO: Current backtesting datetime 2020-05-08 08:30:00-05:00
2024-07-10 21:35:44,577: asyncio: INFO: [MLTrader] Executing the on_trading_iteration lifecycle method at 2024-07-10 21:35:44
2024-07-10 21:35:44,577: root: WARNING: quote is not implemented for YahooData, but USD was passed as the quote
2024-07-10 21:35:44,577: root: WARNING: quote is not implemented for YahooData, but USD was passed as the quote
2024-07-10 21:35:44,705: asyncio: INFO: [MLTrader] Trading iteration ended at 2024-07-10 21:35:44
2024-07-10 21:35:44,706: asyncio: INFO: [MLTrader] Getting historical prices for SPY, 1 bars, 
2024-07-10 21:35:44,706: root: WARNING: quote is not implemented for YahooData, but USD was passed as the quote
2024-07-10 21:35:44,706: root: WARNING: quote is not implemented for YahooData, but USD was passed as the quote
2024-07-10 21:35:44,706: asyncio: INFO: [MLTrader] Getting historical prices for SPY, 1 bars, 
2024-07-10 21:35:44,706: root: WARNING: quote is not implemented for YahooData, but USD was passed as the quote
2024-07-10 21:35:44,707: root: WARNING: quote is not implemented for YahooData, but USD was passed as the quote
2024-07-10 21:35:44,707: asyncio: INFO: [MLTrader] Sleeping for 86400 seconds
2024-07-10 21:35:44,707: root: INFO: Current backtesting datetime 2020-05-08 15:00:00-05:00
2024-07-10 21:35:44,707: root: INFO: Current backtesting datetime 2020-05-09 08:30:00-05:00
2024-07-10 21:35:44,708: asyncio: INFO: [MLTrader] The market is not currently open, skipping this trading iteration
2024-07-10 21:35:44,708: asyncio: INFO: [MLTrader] Getting historical prices for SPY, 1 bars, 
2024-07-10 21:35:44,708: root: WARNING: quote is not implemented for YahooData, but USD was passed as the quote
2024-07-10 21:35:44,708: root: WARNING: quote is not implemented for YahooData, but USD was passed as the quote
2024-07-10 21:35:44,708: asyncio: INFO: [MLTrader] Getting historical prices for SPY, 1 bars, 
2024-07-10 21:35:44,708: root: WARNING: quote is not implemented for YahooData, but USD was passed as the quote
2024-07-10 21:35:44,709: root: WARNING: quote is not implemented for YahooData, but USD was passed as the quote
2024-07-10 21:35:44,709: asyncio: INFO: [MLTrader] Getting historical prices for SPY, 1 bars, 
2024-07-10 21:35:44,709: root: WARNING: quote is not implemented for YahooData, but USD was passed as the quote
2024-07-10 21:35:44,709: root: WARNING: quote is not implemented for YahooData, but USD was passed as the quote
2024-07-10 21:35:44,709: asyncio: INFO: [MLTrader] Getting historical prices for SPY, 1 bars, 
2024-07-10 21:35:44,709: root: WARNING: quote is not implemented for YahooData, but USD was passed as the quote
2024-07-10 21:35:44,710: root: WARNING: quote is not implemented for YahooData, but USD was passed as the quote
2024-07-10 21:35:44,710: root: INFO: Current backtesting datetime 2020-05-09 08:29:00-05:00
2024-07-10 21:35:44,710: asyncio: INFO: [MLTrader] Getting historical prices for SPY, 1 bars, 
2024-07-10 21:35:44,710: root: WARNING: quote is not implemented for YahooData, but USD was passed as the quote
2024-07-10 21:35:44,710: root: WARNING: quote is not implemented for YahooData, but USD was passed as the quote
2024-07-10 21:35:44,710: asyncio: INFO: [MLTrader] Getting historical prices for SPY, 1 bars, 
2024-07-10 21:35:44,710: root: WARNING: quote is not implemented for YahooData, but USD was passed as the quote
2024-07-10 21:35:44,711: root: WARNING: quote is not implemented for YahooData, but USD was passed as the quote
2024-07-10 21:35:44,711: root: INFO: Current backtesting datetime 2020-05-09 08:29:00-05:00
2024-07-10 21:35:44,711: asyncio: INFO: [MLTrader] Executing the after_market_closes lifecycle method
2024-07-10 21:35:44,711: asyncio: INFO: [MLTrader] Getting historical prices for SPY, 1 bars, 
2024-07-10 21:35:44,711: root: WARNING: quote is not implemented for YahooData, but USD was passed as the quote
2024-07-10 21:35:44,711: root: WARNING: quote is not implemented for YahooData, but USD was passed as the quote
2024-07-10 21:35:44,711: asyncio: INFO: [MLTrader] Getting historical prices for SPY, 1 bars, 
2024-07-10 21:35:44,711: root: WARNING: quote is not implemented for YahooData, but USD was passed as the quote
2024-07-10 21:35:44,711: root: WARNING: quote is not implemented for YahooData, but USD was passed as the quote
2024-07-10 21:35:44,712: root: INFO: Current backtesting datetime 2020-05-11 07:30:00-05:00
2024-07-10 21:35:44,712: root: WARNING: quote is not implemented for YahooData, but USD was passed as the quote
2024-07-10 21:35:44,713: root: WARNING: quote is not implemented for YahooData, but USD was passed as the quote
2024-07-10 21:35:44,713: asyncio: INFO: [MLTrader] Executing the before_market_opens lifecycle method
2024-07-10 21:35:44,713: asyncio: INFO: [MLTrader] Getting historical prices for SPY, 1 bars, 
2024-07-10 21:35:44,713: root: WARNING: quote is not implemented for YahooData, but USD was passed as the quote
2024-07-10 21:35:44,714: root: WARNING: quote is not implemented for YahooData, but USD was passed as the quote
2024-07-10 21:35:44,714: asyncio: INFO: [MLTrader] Getting historical prices for SPY, 1 bars, 
2024-07-10 21:35:44,714: root: WARNING: quote is not implemented for YahooData, but USD was passed as the quote
2024-07-10 21:35:44,714: root: WARNING: quote is not implemented for YahooData, but USD was passed as the quote
2024-07-10 21:35:44,714: root: INFO: Current backtesting datetime 2020-05-11 08:30:00-05:00
2024-07-10 21:35:44,714: asyncio: INFO: [MLTrader] Executing the before_starting_trading lifecycle method
2024-07-10 21:35:44,715: asyncio: INFO: [MLTrader] Executing the on_trading_iteration lifecycle method at 2024-07-10 21:35:44
2024-07-10 21:35:44,715: root: WARNING: quote is not implemented for YahooData, but USD was passed as the quote
2024-07-10 21:35:44,716: root: WARNING: quote is not implemented for YahooData, but USD was passed as the quote
2024-07-10 21:35:44,859: asyncio: INFO: [MLTrader] Trading iteration ended at 2024-07-10 21:35:44
2024-07-10 21:35:44,859: asyncio: INFO: [MLTrader] Getting historical prices for SPY, 1 bars, 
2024-07-10 21:35:44,859: root: WARNING: quote is not implemented for YahooData, but USD was passed as the quote
2024-07-10 21:35:44,859: root: WARNING: quote is not implemented for YahooData, but USD was passed as the quote
2024-07-10 21:35:44,860: asyncio: INFO: [MLTrader] Getting historical prices for SPY, 1 bars, 
2024-07-10 21:35:44,860: root: WARNING: quote is not implemented for YahooData, but USD was passed as the quote
2024-07-10 21:35:44,860: root: WARNING: quote is not implemented for YahooData, but USD was passed as the quote
2024-07-10 21:35:44,860: asyncio: INFO: [MLTrader] Sleeping for 86400 seconds
2024-07-10 21:35:44,861: root: INFO: Current backtesting datetime 2020-05-11 15:00:00-05:00
2024-07-10 21:35:44,861: root: INFO: Current backtesting datetime 2020-05-12 08:30:00-05:00
2024-07-10 21:35:44,861: asyncio: INFO: [MLTrader] Executing the on_trading_iteration lifecycle method at 2024-07-10 21:35:44
2024-07-10 21:35:44,861: root: WARNING: quote is not implemented for YahooData, but USD was passed as the quote
2024-07-10 21:35:44,862: root: WARNING: quote is not implemented for YahooData, but USD was passed as the quote
2024-07-10 21:35:45,057: asyncio: INFO: [MLTrader] Trading iteration ended at 2024-07-10 21:35:45
2024-07-10 21:35:45,057: asyncio: INFO: [MLTrader] Getting historical prices for SPY, 1 bars, 
2024-07-10 21:35:45,058: root: WARNING: quote is not implemented for YahooData, but USD was passed as the quote
2024-07-10 21:35:45,058: root: WARNING: quote is not implemented for YahooData, but USD was passed as the quote
2024-07-10 21:35:45,058: asyncio: INFO: [MLTrader] Getting historical prices for SPY, 1 bars, 
2024-07-10 21:35:45,058: root: WARNING: quote is not implemented for YahooData, but USD was passed as the quote
2024-07-10 21:35:45,059: root: WARNING: quote is not implemented for YahooData, but USD was passed as the quote
2024-07-10 21:35:45,059: asyncio: INFO: [MLTrader] Sleeping for 86400 seconds
2024-07-10 21:35:45,059: root: INFO: Current backtesting datetime 2020-05-12 15:00:00-05:00
2024-07-10 21:35:45,059: root: INFO: Current backtesting datetime 2020-05-13 08:30:00-05:00
2024-07-10 21:35:45,060: asyncio: INFO: [MLTrader] Executing the on_trading_iteration lifecycle method at 2024-07-10 21:35:45
2024-07-10 21:35:45,060: root: WARNING: quote is not implemented for YahooData, but USD was passed as the quote
2024-07-10 21:35:45,061: root: WARNING: quote is not implemented for YahooData, but USD was passed as the quote
2024-07-10 21:35:45,301: asyncio: INFO: [MLTrader] Trading iteration ended at 2024-07-10 21:35:45
2024-07-10 21:35:45,301: asyncio: INFO: [MLTrader] Getting historical prices for SPY, 1 bars, 
2024-07-10 21:35:45,301: root: WARNING: quote is not implemented for YahooData, but USD was passed as the quote
2024-07-10 21:35:45,302: root: WARNING: quote is not implemented for YahooData, but USD was passed as the quote
2024-07-10 21:35:45,337: asyncio: INFO: [MLTrader] Order was canceled: limit order of | 1137.0 SPY sell | at price $349.22398681640624 with status canceled
2024-07-10 21:35:45,339: root: INFO: Position MLTrader Position: 0.0 shares of SPY (2 orders) liquidated
2024-07-10 21:35:45,339: asyncio: INFO: [MLTrader] Order was filled: stop order of | 1137.0 SPY sell | at price $276.47 with status fill
2024-07-10 21:35:45,342: asyncio: INFO: [MLTrader] Sleeping for 86400 seconds
2024-07-10 21:35:45,342: root: INFO: Current backtesting datetime 2020-05-13 15:00:00-05:00
2024-07-10 21:35:45,342: root: INFO: Current backtesting datetime 2020-05-14 08:30:00-05:00
2024-07-10 21:35:45,352: asyncio: INFO: [MLTrader] Executing the on_trading_iteration lifecycle method at 2024-07-10 21:35:45
2024-07-10 21:35:45,353: root: WARNING: quote is not implemented for YahooData, but USD was passed as the quote
2024-07-10 21:35:45,353: root: WARNING: quote is not implemented for YahooData, but USD was passed as the quote
2024-07-10 21:35:45,643: asyncio: INFO: [MLTrader] Trading iteration ended at 2024-07-10 21:35:45
2024-07-10 21:35:45,644: asyncio: INFO: [MLTrader] Sleeping for 86400 seconds
2024-07-10 21:35:45,644: root: INFO: Current backtesting datetime 2020-05-14 15:00:00-05:00
2024-07-10 21:35:45,645: root: INFO: Current backtesting datetime 2020-05-15 08:30:00-05:00
2024-07-10 21:35:45,645: asyncio: INFO: [MLTrader] Executing the on_trading_iteration lifecycle method at 2024-07-10 21:35:45
2024-07-10 21:35:45,645: root: WARNING: quote is not implemented for YahooData, but USD was passed as the quote
2024-07-10 21:35:45,645: root: WARNING: quote is not implemented for YahooData, but USD was passed as the quote
2024-07-10 21:35:45,814: asyncio: INFO: [MLTrader] Trading iteration ended at 2024-07-10 21:35:45
2024-07-10 21:35:45,815: asyncio: INFO: [MLTrader] Sleeping for 86400 seconds
2024-07-10 21:35:45,815: root: INFO: Current backtesting datetime 2020-05-15 15:00:00-05:00
2024-07-10 21:35:45,815: root: INFO: Current backtesting datetime 2020-05-16 08:30:00-05:00
2024-07-10 21:35:45,815: asyncio: INFO: [MLTrader] The market is not currently open, skipping this trading iteration
2024-07-10 21:35:45,816: root: INFO: Current backtesting datetime 2020-05-16 08:29:00-05:00
2024-07-10 21:35:45,816: root: INFO: Current backtesting datetime 2020-05-16 08:29:00-05:00
2024-07-10 21:35:45,816: asyncio: INFO: [MLTrader] Executing the after_market_closes lifecycle method
2024-07-10 21:35:45,817: root: INFO: Current backtesting datetime 2020-05-18 07:30:00-05:00
2024-07-10 21:35:45,817: asyncio: INFO: [MLTrader] Executing the before_market_opens lifecycle method
2024-07-10 21:35:45,817: root: INFO: Current backtesting datetime 2020-05-18 08:30:00-05:00
2024-07-10 21:35:45,817: asyncio: INFO: [MLTrader] Executing the before_starting_trading lifecycle method
2024-07-10 21:35:45,817: asyncio: INFO: [MLTrader] Executing the on_trading_iteration lifecycle method at 2024-07-10 21:35:45
2024-07-10 21:35:45,818: root: WARNING: quote is not implemented for YahooData, but USD was passed as the quote
2024-07-10 21:35:45,818: root: WARNING: quote is not implemented for YahooData, but USD was passed as the quote
2024-07-10 21:35:45,992: asyncio: INFO: [MLTrader] Trading iteration ended at 2024-07-10 21:35:45
2024-07-10 21:35:45,993: asyncio: INFO: [MLTrader] Sleeping for 86400 seconds
2024-07-10 21:35:45,993: root: INFO: Current backtesting datetime 2020-05-18 15:00:00-05:00
2024-07-10 21:35:45,993: root: INFO: Current backtesting datetime 2020-05-19 08:30:00-05:00
2024-07-10 21:35:45,993: asyncio: INFO: [MLTrader] Executing the on_trading_iteration lifecycle method at 2024-07-10 21:35:45
2024-07-10 21:35:45,994: root: WARNING: quote is not implemented for YahooData, but USD was passed as the quote
2024-07-10 21:35:45,994: root: WARNING: quote is not implemented for YahooData, but USD was passed as the quote
2024-07-10 21:35:46,134: asyncio: INFO: [MLTrader] Trading iteration ended at 2024-07-10 21:35:46
2024-07-10 21:35:46,135: asyncio: INFO: [MLTrader] Sleeping for 86400 seconds
2024-07-10 21:35:46,135: root: INFO: Current backtesting datetime 2020-05-19 15:00:00-05:00
2024-07-10 21:35:46,135: root: INFO: Current backtesting datetime 2020-05-20 08:30:00-05:00
2024-07-10 21:35:46,136: asyncio: INFO: [MLTrader] Executing the on_trading_iteration lifecycle method at 2024-07-10 21:35:46
2024-07-10 21:35:46,136: root: WARNING: quote is not implemented for YahooData, but USD was passed as the quote
2024-07-10 21:35:46,136: root: WARNING: quote is not implemented for YahooData, but USD was passed as the quote
2024-07-10 21:35:46,269: asyncio: INFO: [MLTrader] Trading iteration ended at 2024-07-10 21:35:46
2024-07-10 21:35:46,270: asyncio: INFO: [MLTrader] Sleeping for 86400 seconds
2024-07-10 21:35:46,270: root: INFO: Current backtesting datetime 2020-05-20 15:00:00-05:00
2024-07-10 21:35:46,270: root: INFO: Current backtesting datetime 2020-05-21 08:30:00-05:00
2024-07-10 21:35:46,270: asyncio: INFO: [MLTrader] Executing the on_trading_iteration lifecycle method at 2024-07-10 21:35:46
2024-07-10 21:35:46,271: root: WARNING: quote is not implemented for YahooData, but USD was passed as the quote
2024-07-10 21:35:46,271: root: WARNING: quote is not implemented for YahooData, but USD was passed as the quote
2024-07-10 21:35:46,477: asyncio: INFO: [MLTrader] Trading iteration ended at 2024-07-10 21:35:46
2024-07-10 21:35:46,478: asyncio: INFO: [MLTrader] Sleeping for 86400 seconds
2024-07-10 21:35:46,479: root: INFO: Current backtesting datetime 2020-05-21 15:00:00-05:00
2024-07-10 21:35:46,479: root: INFO: Current backtesting datetime 2020-05-22 08:30:00-05:00
2024-07-10 21:35:46,479: asyncio: INFO: [MLTrader] Executing the on_trading_iteration lifecycle method at 2024-07-10 21:35:46
2024-07-10 21:35:46,479: root: WARNING: quote is not implemented for YahooData, but USD was passed as the quote
2024-07-10 21:35:46,480: root: WARNING: quote is not implemented for YahooData, but USD was passed as the quote
2024-07-10 21:35:46,637: asyncio: INFO: [MLTrader] Trading iteration ended at 2024-07-10 21:35:46
2024-07-10 21:35:46,638: asyncio: INFO: [MLTrader] Sleeping for 86400 seconds
2024-07-10 21:35:46,638: root: INFO: Current backtesting datetime 2020-05-22 15:00:00-05:00
2024-07-10 21:35:46,638: root: INFO: Current backtesting datetime 2020-05-23 08:30:00-05:00
2024-07-10 21:35:46,638: asyncio: INFO: [MLTrader] The market is not currently open, skipping this trading iteration
2024-07-10 21:35:46,639: root: INFO: Current backtesting datetime 2020-05-23 08:29:00-05:00
2024-07-10 21:35:46,639: root: INFO: Current backtesting datetime 2020-05-23 08:29:00-05:00
2024-07-10 21:35:46,639: asyncio: INFO: [MLTrader] Executing the after_market_closes lifecycle method
2024-07-10 21:35:46,640: root: INFO: Current backtesting datetime 2020-05-26 07:30:00-05:00
2024-07-10 21:35:46,640: asyncio: INFO: [MLTrader] Executing the before_market_opens lifecycle method
2024-07-10 21:35:46,640: root: INFO: Current backtesting datetime 2020-05-26 08:30:00-05:00
2024-07-10 21:35:46,640: asyncio: INFO: [MLTrader] Executing the before_starting_trading lifecycle method
2024-07-10 21:35:46,640: asyncio: INFO: [MLTrader] Executing the on_trading_iteration lifecycle method at 2024-07-10 21:35:46
2024-07-10 21:35:46,641: root: WARNING: quote is not implemented for YahooData, but USD was passed as the quote
2024-07-10 21:35:46,641: root: WARNING: quote is not implemented for YahooData, but USD was passed as the quote
2024-07-10 21:35:46,809: asyncio: INFO: [MLTrader] Trading iteration ended at 2024-07-10 21:35:46
2024-07-10 21:35:46,810: asyncio: INFO: [MLTrader] Sleeping for 86400 seconds
2024-07-10 21:35:46,810: root: INFO: Current backtesting datetime 2020-05-26 15:00:00-05:00
2024-07-10 21:35:46,810: root: INFO: Current backtesting datetime 2020-05-27 08:30:00-05:00
2024-07-10 21:35:46,811: asyncio: INFO: [MLTrader] Executing the on_trading_iteration lifecycle method at 2024-07-10 21:35:46
2024-07-10 21:35:46,811: root: WARNING: quote is not implemented for YahooData, but USD was passed as the quote
2024-07-10 21:35:46,811: root: WARNING: quote is not implemented for YahooData, but USD was passed as the quote
2024-07-10 21:35:46,972: asyncio: INFO: [MLTrader] Trading iteration ended at 2024-07-10 21:35:46
2024-07-10 21:35:46,973: asyncio: INFO: [MLTrader] Sleeping for 86400 seconds
2024-07-10 21:35:46,973: root: INFO: Current backtesting datetime 2020-05-27 15:00:00-05:00
2024-07-10 21:35:46,973: root: INFO: Current backtesting datetime 2020-05-28 08:30:00-05:00
2024-07-10 21:35:46,974: asyncio: INFO: [MLTrader] Executing the on_trading_iteration lifecycle method at 2024-07-10 21:35:46
2024-07-10 21:35:46,974: root: WARNING: quote is not implemented for YahooData, but USD was passed as the quote
2024-07-10 21:35:46,974: root: WARNING: quote is not implemented for YahooData, but USD was passed as the quote
2024-07-10 21:35:47,204: asyncio: INFO: [MLTrader] Trading iteration ended at 2024-07-10 21:35:47
2024-07-10 21:35:47,205: asyncio: INFO: [MLTrader] Sleeping for 86400 seconds
2024-07-10 21:35:47,206: root: INFO: Current backtesting datetime 2020-05-28 15:00:00-05:00
2024-07-10 21:35:47,206: root: INFO: Current backtesting datetime 2020-05-29 08:30:00-05:00
2024-07-10 21:35:47,206: asyncio: INFO: [MLTrader] Executing the on_trading_iteration lifecycle method at 2024-07-10 21:35:47
2024-07-10 21:35:47,206: root: WARNING: quote is not implemented for YahooData, but USD was passed as the quote
2024-07-10 21:35:47,206: root: WARNING: quote is not implemented for YahooData, but USD was passed as the quote
2024-07-10 21:35:47,345: asyncio: INFO: [MLTrader] Trading iteration ended at 2024-07-10 21:35:47
2024-07-10 21:35:47,346: asyncio: INFO: [MLTrader] Sleeping for 86400 seconds
2024-07-10 21:35:47,346: root: INFO: Current backtesting datetime 2020-05-29 15:00:00-05:00
2024-07-10 21:35:47,346: root: INFO: Current backtesting datetime 2020-05-30 08:30:00-05:00
2024-07-10 21:35:47,346: asyncio: INFO: [MLTrader] The market is not currently open, skipping this trading iteration
2024-07-10 21:35:47,347: root: INFO: Current backtesting datetime 2020-05-30 08:29:00-05:00
2024-07-10 21:35:47,347: root: INFO: Current backtesting datetime 2020-05-30 08:29:00-05:00
2024-07-10 21:35:47,347: asyncio: INFO: [MLTrader] Executing the after_market_closes lifecycle method
2024-07-10 21:35:47,347: root: INFO: Current backtesting datetime 2020-06-01 07:30:00-05:00
2024-07-10 21:35:47,348: asyncio: INFO: [MLTrader] Executing the before_market_opens lifecycle method
2024-07-10 21:35:47,348: root: INFO: Current backtesting datetime 2020-06-01 08:30:00-05:00
2024-07-10 21:35:47,348: asyncio: INFO: [MLTrader] Executing the before_starting_trading lifecycle method
2024-07-10 21:35:47,348: asyncio: INFO: [MLTrader] Executing the on_trading_iteration lifecycle method at 2024-07-10 21:35:47
2024-07-10 21:35:47,348: root: WARNING: quote is not implemented for YahooData, but USD was passed as the quote
2024-07-10 21:35:47,349: root: WARNING: quote is not implemented for YahooData, but USD was passed as the quote
2024-07-10 21:35:47,517: asyncio: INFO: [MLTrader] Trading iteration ended at 2024-07-10 21:35:47
2024-07-10 21:35:47,518: asyncio: INFO: [MLTrader] Sleeping for 86400 seconds
2024-07-10 21:35:47,519: root: INFO: Current backtesting datetime 2020-06-01 15:00:00-05:00
2024-07-10 21:35:47,519: root: INFO: Current backtesting datetime 2020-06-02 08:30:00-05:00
2024-07-10 21:35:47,519: asyncio: INFO: [MLTrader] Executing the on_trading_iteration lifecycle method at 2024-07-10 21:35:47
2024-07-10 21:35:47,519: root: WARNING: quote is not implemented for YahooData, but USD was passed as the quote
2024-07-10 21:35:47,520: root: WARNING: quote is not implemented for YahooData, but USD was passed as the quote
2024-07-10 21:35:47,677: asyncio: INFO: [MLTrader] Trading iteration ended at 2024-07-10 21:35:47
2024-07-10 21:35:47,678: asyncio: INFO: [MLTrader] Sleeping for 86400 seconds
2024-07-10 21:35:47,679: root: INFO: Current backtesting datetime 2020-06-02 15:00:00-05:00
2024-07-10 21:35:47,679: root: INFO: Current backtesting datetime 2020-06-03 08:30:00-05:00
2024-07-10 21:35:47,679: asyncio: INFO: [MLTrader] Executing the on_trading_iteration lifecycle method at 2024-07-10 21:35:47
2024-07-10 21:35:47,679: root: WARNING: quote is not implemented for YahooData, but USD was passed as the quote
2024-07-10 21:35:47,680: root: WARNING: quote is not implemented for YahooData, but USD was passed as the quote
2024-07-10 21:35:47,816: asyncio: INFO: [MLTrader] Trading iteration ended at 2024-07-10 21:35:47
2024-07-10 21:35:47,817: asyncio: INFO: [MLTrader] Sleeping for 86400 seconds
2024-07-10 21:35:47,818: root: INFO: Current backtesting datetime 2020-06-03 15:00:00-05:00
2024-07-10 21:35:47,818: root: INFO: Current backtesting datetime 2020-06-04 08:30:00-05:00
2024-07-10 21:35:47,818: asyncio: INFO: [MLTrader] Executing the on_trading_iteration lifecycle method at 2024-07-10 21:35:47
2024-07-10 21:35:47,818: root: WARNING: quote is not implemented for YahooData, but USD was passed as the quote
2024-07-10 21:35:47,819: root: WARNING: quote is not implemented for YahooData, but USD was passed as the quote
2024-07-10 21:35:47,956: asyncio: INFO: [MLTrader] Trading iteration ended at 2024-07-10 21:35:47
2024-07-10 21:35:47,957: asyncio: INFO: [MLTrader] Sleeping for 86400 seconds
2024-07-10 21:35:47,957: root: INFO: Current backtesting datetime 2020-06-04 15:00:00-05:00
2024-07-10 21:35:47,957: root: INFO: Current backtesting datetime 2020-06-05 08:30:00-05:00
2024-07-10 21:35:47,957: asyncio: INFO: [MLTrader] Executing the on_trading_iteration lifecycle method at 2024-07-10 21:35:47
2024-07-10 21:35:47,957: root: WARNING: quote is not implemented for YahooData, but USD was passed as the quote
2024-07-10 21:35:47,958: root: WARNING: quote is not implemented for YahooData, but USD was passed as the quote
2024-07-10 21:35:48,136: asyncio: INFO: [MLTrader] Trading iteration ended at 2024-07-10 21:35:48
2024-07-10 21:35:48,137: asyncio: INFO: [MLTrader] Sleeping for 86400 seconds
2024-07-10 21:35:48,137: root: INFO: Current backtesting datetime 2020-06-05 15:00:00-05:00
2024-07-10 21:35:48,137: root: INFO: Current backtesting datetime 2020-06-06 08:30:00-05:00
2024-07-10 21:35:48,138: asyncio: INFO: [MLTrader] The market is not currently open, skipping this trading iteration
2024-07-10 21:35:48,138: root: INFO: Current backtesting datetime 2020-06-06 08:29:00-05:00
2024-07-10 21:35:48,138: root: INFO: Current backtesting datetime 2020-06-06 08:29:00-05:00
2024-07-10 21:35:48,138: asyncio: INFO: [MLTrader] Executing the after_market_closes lifecycle method
2024-07-10 21:35:48,139: root: INFO: Current backtesting datetime 2020-06-08 07:30:00-05:00
2024-07-10 21:35:48,139: asyncio: INFO: [MLTrader] Executing the before_market_opens lifecycle method
2024-07-10 21:35:48,139: root: INFO: Current backtesting datetime 2020-06-08 08:30:00-05:00
2024-07-10 21:35:48,139: asyncio: INFO: [MLTrader] Executing the before_starting_trading lifecycle method
2024-07-10 21:35:48,140: asyncio: INFO: [MLTrader] Executing the on_trading_iteration lifecycle method at 2024-07-10 21:35:48
2024-07-10 21:35:48,140: root: WARNING: quote is not implemented for YahooData, but USD was passed as the quote
2024-07-10 21:35:48,140: root: WARNING: quote is not implemented for YahooData, but USD was passed as the quote
2024-07-10 21:35:48,363: asyncio: INFO: [MLTrader] Trading iteration ended at 2024-07-10 21:35:48
2024-07-10 21:35:48,364: asyncio: INFO: [MLTrader] Sleeping for 86400 seconds
2024-07-10 21:35:48,364: root: INFO: Current backtesting datetime 2020-06-08 15:00:00-05:00
2024-07-10 21:35:48,364: root: INFO: Current backtesting datetime 2020-06-09 08:30:00-05:00
2024-07-10 21:35:48,364: asyncio: INFO: [MLTrader] Executing the on_trading_iteration lifecycle method at 2024-07-10 21:35:48
2024-07-10 21:35:48,364: root: WARNING: quote is not implemented for YahooData, but USD was passed as the quote
2024-07-10 21:35:48,365: root: WARNING: quote is not implemented for YahooData, but USD was passed as the quote
2024-07-10 21:35:48,525: asyncio: INFO: [MLTrader] Trading iteration ended at 2024-07-10 21:35:48
2024-07-10 21:35:48,526: asyncio: INFO: [MLTrader] Sleeping for 86400 seconds
2024-07-10 21:35:48,526: root: INFO: Current backtesting datetime 2020-06-09 15:00:00-05:00
2024-07-10 21:35:48,526: root: INFO: Current backtesting datetime 2020-06-10 08:30:00-05:00
2024-07-10 21:35:48,526: asyncio: INFO: [MLTrader] Executing the on_trading_iteration lifecycle method at 2024-07-10 21:35:48
2024-07-10 21:35:48,526: root: WARNING: quote is not implemented for YahooData, but USD was passed as the quote
2024-07-10 21:35:48,527: root: WARNING: quote is not implemented for YahooData, but USD was passed as the quote
2024-07-10 21:35:48,677: asyncio: INFO: [MLTrader] Trading iteration ended at 2024-07-10 21:35:48
2024-07-10 21:35:48,678: asyncio: INFO: [MLTrader] Sleeping for 86400 seconds
2024-07-10 21:35:48,678: root: INFO: Current backtesting datetime 2020-06-10 15:00:00-05:00
2024-07-10 21:35:48,678: root: INFO: Current backtesting datetime 2020-06-11 08:30:00-05:00
2024-07-10 21:35:48,679: asyncio: INFO: [MLTrader] Executing the on_trading_iteration lifecycle method at 2024-07-10 21:35:48
2024-07-10 21:35:48,679: root: WARNING: quote is not implemented for YahooData, but USD was passed as the quote
2024-07-10 21:35:48,679: root: WARNING: quote is not implemented for YahooData, but USD was passed as the quote
2024-07-10 21:35:48,846: asyncio: INFO: [MLTrader] Trading iteration ended at 2024-07-10 21:35:48
2024-07-10 21:35:48,846: asyncio: INFO: [MLTrader] Sleeping for 86400 seconds
2024-07-10 21:35:48,847: root: INFO: Current backtesting datetime 2020-06-11 15:00:00-05:00
2024-07-10 21:35:48,847: root: INFO: Current backtesting datetime 2020-06-12 08:30:00-05:00
2024-07-10 21:35:48,847: asyncio: INFO: [MLTrader] Executing the on_trading_iteration lifecycle method at 2024-07-10 21:35:48
2024-07-10 21:35:48,847: root: WARNING: quote is not implemented for YahooData, but USD was passed as the quote
2024-07-10 21:35:48,848: root: WARNING: quote is not implemented for YahooData, but USD was passed as the quote
2024-07-10 21:35:48,971: asyncio: INFO: [MLTrader] Trading iteration ended at 2024-07-10 21:35:48
2024-07-10 21:35:48,971: asyncio: INFO: [MLTrader] Sleeping for 86400 seconds
2024-07-10 21:35:48,972: root: INFO: Current backtesting datetime 2020-06-12 15:00:00-05:00
2024-07-10 21:35:48,972: root: INFO: Current backtesting datetime 2020-06-13 08:30:00-05:00
2024-07-10 21:35:48,972: asyncio: INFO: [MLTrader] The market is not currently open, skipping this trading iteration
2024-07-10 21:35:48,973: root: INFO: Current backtesting datetime 2020-06-13 08:29:00-05:00
2024-07-10 21:35:48,973: root: INFO: Current backtesting datetime 2020-06-13 08:29:00-05:00
2024-07-10 21:35:48,973: asyncio: INFO: [MLTrader] Executing the after_market_closes lifecycle method
2024-07-10 21:35:48,973: root: INFO: Current backtesting datetime 2020-06-15 07:30:00-05:00
2024-07-10 21:35:48,973: asyncio: INFO: [MLTrader] Executing the before_market_opens lifecycle method
2024-07-10 21:35:48,974: root: INFO: Current backtesting datetime 2020-06-15 08:30:00-05:00
2024-07-10 21:35:48,974: asyncio: INFO: [MLTrader] Executing the before_starting_trading lifecycle method
2024-07-10 21:35:48,974: asyncio: INFO: [MLTrader] Executing the on_trading_iteration lifecycle method at 2024-07-10 21:35:48
2024-07-10 21:35:48,974: root: WARNING: quote is not implemented for YahooData, but USD was passed as the quote
2024-07-10 21:35:48,975: root: WARNING: quote is not implemented for YahooData, but USD was passed as the quote
2024-07-10 21:35:49,126: asyncio: WARNING: [MLTrader] Selling all positions for MLTrader strategy
2024-07-10 21:35:49,127: asyncio: INFO: [MLTrader] New order was created: market order of | 250.0 SPY sell | at price $252.3840087890625 of class bracket with status new
2024-07-10 21:35:49,129: asyncio: INFO: [MLTrader] Trading iteration ended at 2024-07-10 21:35:49
2024-07-10 21:35:49,129: asyncio: INFO: [MLTrader] Getting historical prices for SPY, 1 bars, 
2024-07-10 21:35:49,129: root: WARNING: quote is not implemented for YahooData, but USD was passed as the quote
2024-07-10 21:35:49,129: root: WARNING: quote is not implemented for YahooData, but USD was passed as the quote
2024-07-10 21:35:49,129: root: INFO: market order of | 250.0 SPY sell | at price $252.3840087890625 of class bracket with status new was sent to broker backtesting
2024-07-10 21:35:49,130: root: INFO: market order of | 250.0 SPY sell | at price $252.3840087890625 of class bracket with status new was sent to broker backtesting
2024-07-10 21:35:49,130: asyncio: INFO: [MLTrader] Order was filled: market order of | 250.0 SPY sell | at price $315.48 of class bracket with status fill
2024-07-10 21:35:49,131: asyncio: INFO: [MLTrader] Sleeping for 86400 seconds
2024-07-10 21:35:49,132: root: INFO: Current backtesting datetime 2020-06-15 15:00:00-05:00
2024-07-10 21:35:49,132: root: INFO: Current backtesting datetime 2020-06-16 08:30:00-05:00
2024-07-10 21:35:49,132: asyncio: INFO: [MLTrader] Executing the on_trading_iteration lifecycle method at 2024-07-10 21:35:49
2024-07-10 21:35:49,132: root: WARNING: quote is not implemented for YahooData, but USD was passed as the quote
2024-07-10 21:35:49,133: root: WARNING: quote is not implemented for YahooData, but USD was passed as the quote
2024-07-10 21:35:49,275: asyncio: INFO: [MLTrader] Trading iteration ended at 2024-07-10 21:35:49
2024-07-10 21:35:49,275: asyncio: INFO: [MLTrader] Getting historical prices for SPY, 1 bars, 
2024-07-10 21:35:49,275: root: WARNING: quote is not implemented for YahooData, but USD was passed as the quote
2024-07-10 21:35:49,276: root: WARNING: quote is not implemented for YahooData, but USD was passed as the quote
2024-07-10 21:35:49,276: asyncio: INFO: [MLTrader] Getting historical prices for SPY, 1 bars, 
2024-07-10 21:35:49,276: root: WARNING: quote is not implemented for YahooData, but USD was passed as the quote
2024-07-10 21:35:49,276: root: WARNING: quote is not implemented for YahooData, but USD was passed as the quote
2024-07-10 21:35:49,277: asyncio: INFO: [MLTrader] Sleeping for 86400 seconds
2024-07-10 21:35:49,277: root: INFO: Current backtesting datetime 2020-06-16 15:00:00-05:00
2024-07-10 21:35:49,277: root: INFO: Current backtesting datetime 2020-06-17 08:30:00-05:00
2024-07-10 21:35:49,277: asyncio: INFO: [MLTrader] Executing the on_trading_iteration lifecycle method at 2024-07-10 21:35:49
2024-07-10 21:35:49,278: root: WARNING: quote is not implemented for YahooData, but USD was passed as the quote
2024-07-10 21:35:49,278: root: WARNING: quote is not implemented for YahooData, but USD was passed as the quote
2024-07-10 21:35:49,421: asyncio: INFO: [MLTrader] Trading iteration ended at 2024-07-10 21:35:49
2024-07-10 21:35:49,421: asyncio: INFO: [MLTrader] Getting historical prices for SPY, 1 bars, 
2024-07-10 21:35:49,421: root: WARNING: quote is not implemented for YahooData, but USD was passed as the quote
2024-07-10 21:35:49,422: root: WARNING: quote is not implemented for YahooData, but USD was passed as the quote
2024-07-10 21:35:49,422: asyncio: INFO: [MLTrader] Getting historical prices for SPY, 1 bars, 
2024-07-10 21:35:49,422: root: WARNING: quote is not implemented for YahooData, but USD was passed as the quote
2024-07-10 21:35:49,422: root: WARNING: quote is not implemented for YahooData, but USD was passed as the quote
2024-07-10 21:35:49,423: asyncio: INFO: [MLTrader] Sleeping for 86400 seconds
2024-07-10 21:35:49,423: root: INFO: Current backtesting datetime 2020-06-17 15:00:00-05:00
2024-07-10 21:35:49,423: root: INFO: Current backtesting datetime 2020-06-18 08:30:00-05:00
2024-07-10 21:35:49,423: asyncio: INFO: [MLTrader] Executing the on_trading_iteration lifecycle method at 2024-07-10 21:35:49
2024-07-10 21:35:49,424: root: WARNING: quote is not implemented for YahooData, but USD was passed as the quote
2024-07-10 21:35:49,424: root: WARNING: quote is not implemented for YahooData, but USD was passed as the quote
2024-07-10 21:35:49,559: asyncio: INFO: [MLTrader] Trading iteration ended at 2024-07-10 21:35:49
2024-07-10 21:35:49,560: asyncio: INFO: [MLTrader] Getting historical prices for SPY, 1 bars, 
2024-07-10 21:35:49,560: root: WARNING: quote is not implemented for YahooData, but USD was passed as the quote
2024-07-10 21:35:49,560: root: WARNING: quote is not implemented for YahooData, but USD was passed as the quote
2024-07-10 21:35:49,560: asyncio: INFO: [MLTrader] Getting historical prices for SPY, 1 bars, 
2024-07-10 21:35:49,560: root: WARNING: quote is not implemented for YahooData, but USD was passed as the quote
2024-07-10 21:35:49,563: root: WARNING: quote is not implemented for YahooData, but USD was passed as the quote
2024-07-10 21:35:49,563: asyncio: INFO: [MLTrader] Sleeping for 86400 seconds
2024-07-10 21:35:49,563: root: INFO: Current backtesting datetime 2020-06-18 15:00:00-05:00
2024-07-10 21:35:49,564: root: INFO: Current backtesting datetime 2020-06-19 08:30:00-05:00
2024-07-10 21:35:49,568: asyncio: INFO: [MLTrader] Executing the on_trading_iteration lifecycle method at 2024-07-10 21:35:49
2024-07-10 21:35:49,568: root: WARNING: quote is not implemented for YahooData, but USD was passed as the quote
2024-07-10 21:35:49,569: root: WARNING: quote is not implemented for YahooData, but USD was passed as the quote
2024-07-10 21:35:49,718: asyncio: INFO: [MLTrader] Trading iteration ended at 2024-07-10 21:35:49
2024-07-10 21:35:49,718: asyncio: INFO: [MLTrader] Getting historical prices for SPY, 1 bars, 
2024-07-10 21:35:49,718: root: WARNING: quote is not implemented for YahooData, but USD was passed as the quote
2024-07-10 21:35:49,719: root: WARNING: quote is not implemented for YahooData, but USD was passed as the quote
2024-07-10 21:35:49,719: asyncio: INFO: [MLTrader] Getting historical prices for SPY, 1 bars, 
2024-07-10 21:35:49,719: root: WARNING: quote is not implemented for YahooData, but USD was passed as the quote
2024-07-10 21:35:49,719: root: WARNING: quote is not implemented for YahooData, but USD was passed as the quote
2024-07-10 21:35:49,720: asyncio: INFO: [MLTrader] Sleeping for 86400 seconds
2024-07-10 21:35:49,720: root: INFO: Current backtesting datetime 2020-06-19 15:00:00-05:00
2024-07-10 21:35:49,720: root: INFO: Current backtesting datetime 2020-06-20 08:30:00-05:00
2024-07-10 21:35:49,720: asyncio: INFO: [MLTrader] The market is not currently open, skipping this trading iteration
2024-07-10 21:35:49,721: asyncio: INFO: [MLTrader] Getting historical prices for SPY, 1 bars, 
2024-07-10 21:35:49,721: root: WARNING: quote is not implemented for YahooData, but USD was passed as the quote
2024-07-10 21:35:49,721: root: WARNING: quote is not implemented for YahooData, but USD was passed as the quote
2024-07-10 21:35:49,721: asyncio: INFO: [MLTrader] Getting historical prices for SPY, 1 bars, 
2024-07-10 21:35:49,721: root: WARNING: quote is not implemented for YahooData, but USD was passed as the quote
2024-07-10 21:35:49,721: root: WARNING: quote is not implemented for YahooData, but USD was passed as the quote
2024-07-10 21:35:49,721: asyncio: INFO: [MLTrader] Getting historical prices for SPY, 1 bars, 
2024-07-10 21:35:49,721: root: WARNING: quote is not implemented for YahooData, but USD was passed as the quote
2024-07-10 21:35:49,722: root: WARNING: quote is not implemented for YahooData, but USD was passed as the quote
2024-07-10 21:35:49,722: asyncio: INFO: [MLTrader] Getting historical prices for SPY, 1 bars, 
2024-07-10 21:35:49,722: root: WARNING: quote is not implemented for YahooData, but USD was passed as the quote
2024-07-10 21:35:49,722: root: WARNING: quote is not implemented for YahooData, but USD was passed as the quote
2024-07-10 21:35:49,722: root: INFO: Current backtesting datetime 2020-06-20 08:29:00-05:00
2024-07-10 21:35:49,722: asyncio: INFO: [MLTrader] Getting historical prices for SPY, 1 bars, 
2024-07-10 21:35:49,722: root: WARNING: quote is not implemented for YahooData, but USD was passed as the quote
2024-07-10 21:35:49,723: root: WARNING: quote is not implemented for YahooData, but USD was passed as the quote
2024-07-10 21:35:49,723: asyncio: INFO: [MLTrader] Getting historical prices for SPY, 1 bars, 
2024-07-10 21:35:49,723: root: WARNING: quote is not implemented for YahooData, but USD was passed as the quote
2024-07-10 21:35:49,723: root: WARNING: quote is not implemented for YahooData, but USD was passed as the quote
2024-07-10 21:35:49,723: root: INFO: Current backtesting datetime 2020-06-20 08:29:00-05:00
2024-07-10 21:35:49,723: asyncio: INFO: [MLTrader] Executing the after_market_closes lifecycle method
2024-07-10 21:35:49,723: asyncio: INFO: [MLTrader] Getting historical prices for SPY, 1 bars, 
2024-07-10 21:35:49,723: root: WARNING: quote is not implemented for YahooData, but USD was passed as the quote
2024-07-10 21:35:49,724: root: WARNING: quote is not implemented for YahooData, but USD was passed as the quote
2024-07-10 21:35:49,724: asyncio: INFO: [MLTrader] Getting historical prices for SPY, 1 bars, 
2024-07-10 21:35:49,724: root: WARNING: quote is not implemented for YahooData, but USD was passed as the quote
2024-07-10 21:35:49,724: root: WARNING: quote is not implemented for YahooData, but USD was passed as the quote
2024-07-10 21:35:49,724: root: INFO: Current backtesting datetime 2020-06-22 07:30:00-05:00
2024-07-10 21:35:49,724: root: WARNING: quote is not implemented for YahooData, but USD was passed as the quote
2024-07-10 21:35:49,725: root: WARNING: quote is not implemented for YahooData, but USD was passed as the quote
2024-07-10 21:35:49,725: asyncio: INFO: [MLTrader] Executing the before_market_opens lifecycle method
2024-07-10 21:35:49,725: asyncio: INFO: [MLTrader] Getting historical prices for SPY, 1 bars, 
2024-07-10 21:35:49,725: root: WARNING: quote is not implemented for YahooData, but USD was passed as the quote
2024-07-10 21:35:49,725: root: WARNING: quote is not implemented for YahooData, but USD was passed as the quote
2024-07-10 21:35:49,725: asyncio: INFO: [MLTrader] Getting historical prices for SPY, 1 bars, 
2024-07-10 21:35:49,725: root: WARNING: quote is not implemented for YahooData, but USD was passed as the quote
2024-07-10 21:35:49,726: root: WARNING: quote is not implemented for YahooData, but USD was passed as the quote
2024-07-10 21:35:49,726: root: INFO: Current backtesting datetime 2020-06-22 08:30:00-05:00
2024-07-10 21:35:49,726: asyncio: INFO: [MLTrader] Executing the before_starting_trading lifecycle method
2024-07-10 21:35:49,727: asyncio: INFO: [MLTrader] Executing the on_trading_iteration lifecycle method at 2024-07-10 21:35:49
2024-07-10 21:35:49,727: root: WARNING: quote is not implemented for YahooData, but USD was passed as the quote
2024-07-10 21:35:49,727: root: WARNING: quote is not implemented for YahooData, but USD was passed as the quote
2024-07-10 21:35:49,918: asyncio: INFO: [MLTrader] New order was created: market order of | 378.0 SPY sell | at price $250.7919921875 of class bracket with status new
2024-07-10 21:35:49,920: asyncio: INFO: [MLTrader] Trading iteration ended at 2024-07-10 21:35:49
2024-07-10 21:35:49,920: asyncio: INFO: [MLTrader] Getting historical prices for SPY, 1 bars, 
2024-07-10 21:35:49,920: root: WARNING: quote is not implemented for YahooData, but USD was passed as the quote
2024-07-10 21:35:49,921: root: WARNING: quote is not implemented for YahooData, but USD was passed as the quote
2024-07-10 21:35:49,921: asyncio: INFO: [MLTrader] Getting historical prices for SPY, 1 bars, 
2024-07-10 21:35:49,921: root: WARNING: quote is not implemented for YahooData, but USD was passed as the quote
2024-07-10 21:35:49,921: root: WARNING: quote is not implemented for YahooData, but USD was passed as the quote
2024-07-10 21:35:49,921: asyncio: INFO: [MLTrader] Getting historical prices for SPY, 1 bars, 
2024-07-10 21:35:49,921: root: WARNING: quote is not implemented for YahooData, but USD was passed as the quote
2024-07-10 21:35:49,922: root: WARNING: quote is not implemented for YahooData, but USD was passed as the quote
2024-07-10 21:35:49,922: root: INFO: market order of | 378.0 SPY sell | at price $250.7919921875 of class bracket with status new was sent to broker backtesting
2024-07-10 21:35:49,922: root: INFO: market order of | 378.0 SPY sell | at price $250.7919921875 of class bracket with status new was sent to broker backtesting
2024-07-10 21:35:49,922: asyncio: INFO: [MLTrader] Order was filled: market order of | 378.0 SPY sell | at price $313.49 of class bracket with status fill
2024-07-10 21:35:49,924: asyncio: INFO: [MLTrader] Sleeping for 86400 seconds
2024-07-10 21:35:49,924: root: INFO: Current backtesting datetime 2020-06-22 15:00:00-05:00
2024-07-10 21:35:49,924: root: INFO: Current backtesting datetime 2020-06-23 08:30:00-05:00
2024-07-10 21:35:49,924: asyncio: INFO: [MLTrader] Executing the on_trading_iteration lifecycle method at 2024-07-10 21:35:49
2024-07-10 21:35:49,925: root: WARNING: quote is not implemented for YahooData, but USD was passed as the quote
2024-07-10 21:35:49,925: root: WARNING: quote is not implemented for YahooData, but USD was passed as the quote
2024-07-10 21:35:50,057: asyncio: INFO: [MLTrader] Trading iteration ended at 2024-07-10 21:35:50
2024-07-10 21:35:50,057: asyncio: INFO: [MLTrader] Getting historical prices for SPY, 1 bars, 
2024-07-10 21:35:50,057: root: WARNING: quote is not implemented for YahooData, but USD was passed as the quote
2024-07-10 21:35:50,057: root: WARNING: quote is not implemented for YahooData, but USD was passed as the quote
2024-07-10 21:35:50,057: asyncio: INFO: [MLTrader] Getting historical prices for SPY, 1 bars, 
2024-07-10 21:35:50,057: root: WARNING: quote is not implemented for YahooData, but USD was passed as the quote
2024-07-10 21:35:50,063: root: WARNING: quote is not implemented for YahooData, but USD was passed as the quote
2024-07-10 21:35:50,063: asyncio: INFO: [MLTrader] Getting historical prices for SPY, 1 bars, 
2024-07-10 21:35:50,063: root: WARNING: quote is not implemented for YahooData, but USD was passed as the quote
2024-07-10 21:35:50,063: root: WARNING: quote is not implemented for YahooData, but USD was passed as the quote
2024-07-10 21:35:50,064: asyncio: INFO: [MLTrader] Getting historical prices for SPY, 1 bars, 
2024-07-10 21:35:50,064: root: WARNING: quote is not implemented for YahooData, but USD was passed as the quote
2024-07-10 21:35:50,064: root: WARNING: quote is not implemented for YahooData, but USD was passed as the quote
2024-07-10 21:35:50,064: asyncio: INFO: [MLTrader] Sleeping for 86400 seconds
2024-07-10 21:35:50,065: root: INFO: Current backtesting datetime 2020-06-23 15:00:00-05:00
2024-07-10 21:35:50,065: root: INFO: Current backtesting datetime 2020-06-24 08:30:00-05:00
2024-07-10 21:35:50,069: asyncio: INFO: [MLTrader] Executing the on_trading_iteration lifecycle method at 2024-07-10 21:35:50
2024-07-10 21:35:50,069: root: WARNING: quote is not implemented for YahooData, but USD was passed as the quote
2024-07-10 21:35:50,070: root: WARNING: quote is not implemented for YahooData, but USD was passed as the quote
2024-07-10 21:35:50,210: asyncio: INFO: [MLTrader] Trading iteration ended at 2024-07-10 21:35:50
2024-07-10 21:35:50,210: asyncio: INFO: [MLTrader] Getting historical prices for SPY, 1 bars, 
2024-07-10 21:35:50,210: root: WARNING: quote is not implemented for YahooData, but USD was passed as the quote
2024-07-10 21:35:50,210: root: WARNING: quote is not implemented for YahooData, but USD was passed as the quote
2024-07-10 21:35:50,211: asyncio: INFO: [MLTrader] Getting historical prices for SPY, 1 bars, 
2024-07-10 21:35:50,211: root: WARNING: quote is not implemented for YahooData, but USD was passed as the quote
2024-07-10 21:35:50,211: root: WARNING: quote is not implemented for YahooData, but USD was passed as the quote
2024-07-10 21:35:50,211: asyncio: INFO: [MLTrader] Getting historical prices for SPY, 1 bars, 
2024-07-10 21:35:50,211: root: WARNING: quote is not implemented for YahooData, but USD was passed as the quote
2024-07-10 21:35:50,211: root: WARNING: quote is not implemented for YahooData, but USD was passed as the quote
2024-07-10 21:35:50,211: asyncio: INFO: [MLTrader] Getting historical prices for SPY, 1 bars, 
2024-07-10 21:35:50,211: root: WARNING: quote is not implemented for YahooData, but USD was passed as the quote
2024-07-10 21:35:50,212: root: WARNING: quote is not implemented for YahooData, but USD was passed as the quote
2024-07-10 21:35:50,212: asyncio: INFO: [MLTrader] Sleeping for 86400 seconds
2024-07-10 21:35:50,212: root: INFO: Current backtesting datetime 2020-06-24 15:00:00-05:00
2024-07-10 21:35:50,212: root: INFO: Current backtesting datetime 2020-06-25 08:30:00-05:00
2024-07-10 21:35:50,213: asyncio: INFO: [MLTrader] Executing the on_trading_iteration lifecycle method at 2024-07-10 21:35:50
2024-07-10 21:35:50,213: root: WARNING: quote is not implemented for YahooData, but USD was passed as the quote
2024-07-10 21:35:50,214: root: WARNING: quote is not implemented for YahooData, but USD was passed as the quote
2024-07-10 21:35:50,426: asyncio: WARNING: [MLTrader] Selling all positions for MLTrader strategy
2024-07-10 21:35:50,426: asyncio: INFO: [MLTrader] Order was canceled: stop order of | 250.0 SPY buy | at price $331.25401153564457 with status canceled
2024-07-10 21:35:50,428: asyncio: INFO: [MLTrader] Order was canceled: limit order of | 250.0 SPY buy | at price $252.3840087890625 with status canceled
2024-07-10 21:35:50,430: asyncio: INFO: [MLTrader] Order was canceled: stop order of | 378.0 SPY buy | at price $329.16448974609375 with status canceled
2024-07-10 21:35:50,431: asyncio: INFO: [MLTrader] Order was canceled: limit order of | 378.0 SPY buy | at price $250.7919921875 with status canceled
2024-07-10 21:35:50,432: asyncio: INFO: [MLTrader] New order was created: market order of | 628.0 SPY buy | with status new
2024-07-10 21:35:50,434: asyncio: INFO: [MLTrader] New order was created: market order of | 580.0 SPY buy | at price $367.3920043945312 of class bracket with status new
2024-07-10 21:35:50,435: asyncio: INFO: [MLTrader] Trading iteration ended at 2024-07-10 21:35:50
2024-07-10 21:35:50,435: asyncio: INFO: [MLTrader] Getting historical prices for SPY, 1 bars, 
2024-07-10 21:35:50,435: root: WARNING: quote is not implemented for YahooData, but USD was passed as the quote
2024-07-10 21:35:50,436: root: WARNING: quote is not implemented for YahooData, but USD was passed as the quote
2024-07-10 21:35:50,436: root: INFO: Position MLTrader Position: 0.0 shares of SPY (3 orders) liquidated
2024-07-10 21:35:50,436: asyncio: INFO: [MLTrader] Order was filled: market order of | 628.0 SPY buy | at price $306.16 with status fill
2024-07-10 21:35:50,437: asyncio: INFO: [MLTrader] Getting historical prices for SPY, 1 bars, 
2024-07-10 21:35:50,437: root: WARNING: quote is not implemented for YahooData, but USD was passed as the quote
2024-07-10 21:35:50,437: root: WARNING: quote is not implemented for YahooData, but USD was passed as the quote
2024-07-10 21:35:50,438: root: INFO: market order of | 580.0 SPY buy | at price $367.3920043945312 of class bracket with status new was sent to broker backtesting
2024-07-10 21:35:50,438: root: INFO: market order of | 580.0 SPY buy | at price $367.3920043945312 of class bracket with status new was sent to broker backtesting
2024-07-10 21:35:50,438: asyncio: INFO: [MLTrader] Order was filled: market order of | 580.0 SPY buy | at price $306.16 of class bracket with status fill
2024-07-10 21:35:50,439: asyncio: INFO: [MLTrader] Sleeping for 86400 seconds
2024-07-10 21:35:50,440: root: INFO: Current backtesting datetime 2020-06-25 15:00:00-05:00
2024-07-10 21:35:50,440: root: INFO: Current backtesting datetime 2020-06-26 08:30:00-05:00
2024-07-10 21:35:50,445: asyncio: INFO: [MLTrader] Executing the on_trading_iteration lifecycle method at 2024-07-10 21:35:50
2024-07-10 21:35:50,445: root: WARNING: quote is not implemented for YahooData, but USD was passed as the quote
2024-07-10 21:35:50,446: root: WARNING: quote is not implemented for YahooData, but USD was passed as the quote
2024-07-10 21:35:50,604: asyncio: INFO: [MLTrader] Trading iteration ended at 2024-07-10 21:35:50
2024-07-10 21:35:50,604: asyncio: INFO: [MLTrader] Getting historical prices for SPY, 1 bars, 
2024-07-10 21:35:50,604: root: WARNING: quote is not implemented for YahooData, but USD was passed as the quote
2024-07-10 21:35:50,605: root: WARNING: quote is not implemented for YahooData, but USD was passed as the quote
2024-07-10 21:35:50,605: asyncio: INFO: [MLTrader] Getting historical prices for SPY, 1 bars, 
2024-07-10 21:35:50,605: root: WARNING: quote is not implemented for YahooData, but USD was passed as the quote
2024-07-10 21:35:50,605: root: WARNING: quote is not implemented for YahooData, but USD was passed as the quote
2024-07-10 21:35:50,606: asyncio: INFO: [MLTrader] Sleeping for 86400 seconds
2024-07-10 21:35:50,606: root: INFO: Current backtesting datetime 2020-06-26 15:00:00-05:00
2024-07-10 21:35:50,606: root: INFO: Current backtesting datetime 2020-06-27 08:30:00-05:00
2024-07-10 21:35:50,607: asyncio: INFO: [MLTrader] The market is not currently open, skipping this trading iteration
2024-07-10 21:35:50,607: asyncio: INFO: [MLTrader] Getting historical prices for SPY, 1 bars, 
2024-07-10 21:35:50,607: root: WARNING: quote is not implemented for YahooData, but USD was passed as the quote
2024-07-10 21:35:50,607: root: WARNING: quote is not implemented for YahooData, but USD was passed as the quote
2024-07-10 21:35:50,607: asyncio: INFO: [MLTrader] Getting historical prices for SPY, 1 bars, 
2024-07-10 21:35:50,607: root: WARNING: quote is not implemented for YahooData, but USD was passed as the quote
2024-07-10 21:35:50,607: root: WARNING: quote is not implemented for YahooData, but USD was passed as the quote
2024-07-10 21:35:50,608: asyncio: INFO: [MLTrader] Getting historical prices for SPY, 1 bars, 
2024-07-10 21:35:50,608: root: WARNING: quote is not implemented for YahooData, but USD was passed as the quote
2024-07-10 21:35:50,608: root: WARNING: quote is not implemented for YahooData, but USD was passed as the quote
2024-07-10 21:35:50,608: asyncio: INFO: [MLTrader] Getting historical prices for SPY, 1 bars, 
2024-07-10 21:35:50,608: root: WARNING: quote is not implemented for YahooData, but USD was passed as the quote
2024-07-10 21:35:50,608: root: WARNING: quote is not implemented for YahooData, but USD was passed as the quote
2024-07-10 21:35:50,608: root: INFO: Current backtesting datetime 2020-06-27 08:29:00-05:00
2024-07-10 21:35:50,609: asyncio: INFO: [MLTrader] Getting historical prices for SPY, 1 bars, 
2024-07-10 21:35:50,609: root: WARNING: quote is not implemented for YahooData, but USD was passed as the quote
2024-07-10 21:35:50,609: root: WARNING: quote is not implemented for YahooData, but USD was passed as the quote
2024-07-10 21:35:50,609: asyncio: INFO: [MLTrader] Getting historical prices for SPY, 1 bars, 
2024-07-10 21:35:50,609: root: WARNING: quote is not implemented for YahooData, but USD was passed as the quote
2024-07-10 21:35:50,609: root: WARNING: quote is not implemented for YahooData, but USD was passed as the quote
2024-07-10 21:35:50,609: root: INFO: Current backtesting datetime 2020-06-27 08:29:00-05:00
2024-07-10 21:35:50,609: asyncio: INFO: [MLTrader] Executing the after_market_closes lifecycle method
2024-07-10 21:35:50,609: asyncio: INFO: [MLTrader] Getting historical prices for SPY, 1 bars, 
2024-07-10 21:35:50,609: root: WARNING: quote is not implemented for YahooData, but USD was passed as the quote
2024-07-10 21:35:50,610: root: WARNING: quote is not implemented for YahooData, but USD was passed as the quote
2024-07-10 21:35:50,610: asyncio: INFO: [MLTrader] Getting historical prices for SPY, 1 bars, 
2024-07-10 21:35:50,610: root: WARNING: quote is not implemented for YahooData, but USD was passed as the quote
2024-07-10 21:35:50,610: root: WARNING: quote is not implemented for YahooData, but USD was passed as the quote
2024-07-10 21:35:50,610: root: INFO: Current backtesting datetime 2020-06-29 07:30:00-05:00
2024-07-10 21:35:50,611: root: WARNING: quote is not implemented for YahooData, but USD was passed as the quote
2024-07-10 21:35:50,611: root: WARNING: quote is not implemented for YahooData, but USD was passed as the quote
2024-07-10 21:35:50,611: asyncio: INFO: [MLTrader] Executing the before_market_opens lifecycle method
2024-07-10 21:35:50,611: asyncio: INFO: [MLTrader] Getting historical prices for SPY, 1 bars, 
2024-07-10 21:35:50,611: root: WARNING: quote is not implemented for YahooData, but USD was passed as the quote
2024-07-10 21:35:50,611: root: WARNING: quote is not implemented for YahooData, but USD was passed as the quote
2024-07-10 21:35:50,612: asyncio: INFO: [MLTrader] Getting historical prices for SPY, 1 bars, 
2024-07-10 21:35:50,612: root: WARNING: quote is not implemented for YahooData, but USD was passed as the quote
2024-07-10 21:35:50,612: root: WARNING: quote is not implemented for YahooData, but USD was passed as the quote
2024-07-10 21:35:50,612: root: INFO: Current backtesting datetime 2020-06-29 08:30:00-05:00
2024-07-10 21:35:50,612: asyncio: INFO: [MLTrader] Executing the before_starting_trading lifecycle method
2024-07-10 21:35:50,613: asyncio: INFO: [MLTrader] Executing the on_trading_iteration lifecycle method at 2024-07-10 21:35:50
2024-07-10 21:35:50,613: root: WARNING: quote is not implemented for YahooData, but USD was passed as the quote
2024-07-10 21:35:50,613: root: WARNING: quote is not implemented for YahooData, but USD was passed as the quote
2024-07-10 21:35:50,786: asyncio: INFO: [MLTrader] Trading iteration ended at 2024-07-10 21:35:50
2024-07-10 21:35:50,786: asyncio: INFO: [MLTrader] Getting historical prices for SPY, 1 bars, 
2024-07-10 21:35:50,786: root: WARNING: quote is not implemented for YahooData, but USD was passed as the quote
2024-07-10 21:35:50,787: root: WARNING: quote is not implemented for YahooData, but USD was passed as the quote
2024-07-10 21:35:50,787: asyncio: INFO: [MLTrader] Getting historical prices for SPY, 1 bars, 
2024-07-10 21:35:50,787: root: WARNING: quote is not implemented for YahooData, but USD was passed as the quote
2024-07-10 21:35:50,787: root: WARNING: quote is not implemented for YahooData, but USD was passed as the quote
2024-07-10 21:35:50,788: asyncio: INFO: [MLTrader] Sleeping for 86400 seconds
2024-07-10 21:35:50,788: root: INFO: Current backtesting datetime 2020-06-29 15:00:00-05:00
2024-07-10 21:35:50,788: root: INFO: Current backtesting datetime 2020-06-30 08:30:00-05:00
2024-07-10 21:35:50,789: asyncio: INFO: [MLTrader] Executing the on_trading_iteration lifecycle method at 2024-07-10 21:35:50
2024-07-10 21:35:50,789: root: WARNING: quote is not implemented for YahooData, but USD was passed as the quote
2024-07-10 21:35:50,789: root: WARNING: quote is not implemented for YahooData, but USD was passed as the quote
2024-07-10 21:35:50,969: asyncio: INFO: [MLTrader] Trading iteration ended at 2024-07-10 21:35:50
2024-07-10 21:35:50,969: asyncio: INFO: [MLTrader] Getting historical prices for SPY, 1 bars, 
2024-07-10 21:35:50,969: root: WARNING: quote is not implemented for YahooData, but USD was passed as the quote
2024-07-10 21:35:50,970: root: WARNING: quote is not implemented for YahooData, but USD was passed as the quote
2024-07-10 21:35:50,970: asyncio: INFO: [MLTrader] Getting historical prices for SPY, 1 bars, 
2024-07-10 21:35:50,970: root: WARNING: quote is not implemented for YahooData, but USD was passed as the quote
2024-07-10 21:35:50,970: root: WARNING: quote is not implemented for YahooData, but USD was passed as the quote
2024-07-10 21:35:50,971: asyncio: INFO: [MLTrader] Sleeping for 86400 seconds
2024-07-10 21:35:50,971: root: INFO: Current backtesting datetime 2020-06-30 15:00:00-05:00
2024-07-10 21:35:50,971: root: INFO: Current backtesting datetime 2020-07-01 08:30:00-05:00
2024-07-10 21:35:50,972: asyncio: INFO: [MLTrader] Executing the on_trading_iteration lifecycle method at 2024-07-10 21:35:50
2024-07-10 21:35:50,972: root: WARNING: quote is not implemented for YahooData, but USD was passed as the quote
2024-07-10 21:35:50,972: root: WARNING: quote is not implemented for YahooData, but USD was passed as the quote
2024-07-10 21:35:51,144: asyncio: INFO: [MLTrader] Trading iteration ended at 2024-07-10 21:35:51
2024-07-10 21:35:51,144: asyncio: INFO: [MLTrader] Getting historical prices for SPY, 1 bars, 
2024-07-10 21:35:51,144: root: WARNING: quote is not implemented for YahooData, but USD was passed as the quote
2024-07-10 21:35:51,144: root: WARNING: quote is not implemented for YahooData, but USD was passed as the quote
2024-07-10 21:35:51,152: asyncio: INFO: [MLTrader] Getting historical prices for SPY, 1 bars, 
2024-07-10 21:35:51,152: root: WARNING: quote is not implemented for YahooData, but USD was passed as the quote
2024-07-10 21:35:51,153: root: WARNING: quote is not implemented for YahooData, but USD was passed as the quote
2024-07-10 21:35:51,153: asyncio: INFO: [MLTrader] Sleeping for 86400 seconds
2024-07-10 21:35:51,154: root: INFO: Current backtesting datetime 2020-07-01 15:00:00-05:00
2024-07-10 21:35:51,154: root: INFO: Current backtesting datetime 2020-07-02 08:30:00-05:00
2024-07-10 21:35:51,160: asyncio: INFO: [MLTrader] Executing the on_trading_iteration lifecycle method at 2024-07-10 21:35:51
2024-07-10 21:35:51,160: root: WARNING: quote is not implemented for YahooData, but USD was passed as the quote
2024-07-10 21:35:51,161: root: WARNING: quote is not implemented for YahooData, but USD was passed as the quote
2024-07-10 21:35:51,382: asyncio: INFO: [MLTrader] Trading iteration ended at 2024-07-10 21:35:51
2024-07-10 21:35:51,382: asyncio: INFO: [MLTrader] Getting historical prices for SPY, 1 bars, 
2024-07-10 21:35:51,382: root: WARNING: quote is not implemented for YahooData, but USD was passed as the quote
2024-07-10 21:35:51,383: root: WARNING: quote is not implemented for YahooData, but USD was passed as the quote
2024-07-10 21:35:51,383: asyncio: INFO: [MLTrader] Getting historical prices for SPY, 1 bars, 
2024-07-10 21:35:51,383: root: WARNING: quote is not implemented for YahooData, but USD was passed as the quote
2024-07-10 21:35:51,383: root: WARNING: quote is not implemented for YahooData, but USD was passed as the quote
2024-07-10 21:35:51,384: asyncio: INFO: [MLTrader] Sleeping for 86400 seconds
2024-07-10 21:35:51,384: root: INFO: Current backtesting datetime 2020-07-02 15:00:00-05:00
2024-07-10 21:35:51,384: root: INFO: Current backtesting datetime 2020-07-03 08:30:00-05:00
2024-07-10 21:35:51,385: asyncio: INFO: [MLTrader] The market is not currently open, skipping this trading iteration
2024-07-10 21:35:51,385: asyncio: INFO: [MLTrader] Getting historical prices for SPY, 1 bars, 
2024-07-10 21:35:51,385: root: WARNING: quote is not implemented for YahooData, but USD was passed as the quote
2024-07-10 21:35:51,385: root: WARNING: quote is not implemented for YahooData, but USD was passed as the quote
2024-07-10 21:35:51,385: asyncio: INFO: [MLTrader] Getting historical prices for SPY, 1 bars, 
2024-07-10 21:35:51,385: root: WARNING: quote is not implemented for YahooData, but USD was passed as the quote
2024-07-10 21:35:51,385: root: WARNING: quote is not implemented for YahooData, but USD was passed as the quote
2024-07-10 21:35:51,386: asyncio: INFO: [MLTrader] Getting historical prices for SPY, 1 bars, 
2024-07-10 21:35:51,386: root: WARNING: quote is not implemented for YahooData, but USD was passed as the quote
2024-07-10 21:35:51,386: root: WARNING: quote is not implemented for YahooData, but USD was passed as the quote
2024-07-10 21:35:51,386: asyncio: INFO: [MLTrader] Getting historical prices for SPY, 1 bars, 
2024-07-10 21:35:51,386: root: WARNING: quote is not implemented for YahooData, but USD was passed as the quote
2024-07-10 21:35:51,386: root: WARNING: quote is not implemented for YahooData, but USD was passed as the quote
2024-07-10 21:35:51,387: root: INFO: Current backtesting datetime 2020-07-03 08:29:00-05:00
2024-07-10 21:35:51,387: asyncio: INFO: [MLTrader] Getting historical prices for SPY, 1 bars, 
2024-07-10 21:35:51,387: root: WARNING: quote is not implemented for YahooData, but USD was passed as the quote
2024-07-10 21:35:51,387: root: WARNING: quote is not implemented for YahooData, but USD was passed as the quote
2024-07-10 21:35:51,387: asyncio: INFO: [MLTrader] Getting historical prices for SPY, 1 bars, 
2024-07-10 21:35:51,387: root: WARNING: quote is not implemented for YahooData, but USD was passed as the quote
2024-07-10 21:35:51,387: root: WARNING: quote is not implemented for YahooData, but USD was passed as the quote
2024-07-10 21:35:51,388: root: INFO: Current backtesting datetime 2020-07-03 08:29:00-05:00
2024-07-10 21:35:51,388: asyncio: INFO: [MLTrader] Executing the after_market_closes lifecycle method
2024-07-10 21:35:51,388: asyncio: INFO: [MLTrader] Getting historical prices for SPY, 1 bars, 
2024-07-10 21:35:51,388: root: WARNING: quote is not implemented for YahooData, but USD was passed as the quote
2024-07-10 21:35:51,388: root: WARNING: quote is not implemented for YahooData, but USD was passed as the quote
2024-07-10 21:35:51,388: asyncio: INFO: [MLTrader] Getting historical prices for SPY, 1 bars, 
2024-07-10 21:35:51,388: root: WARNING: quote is not implemented for YahooData, but USD was passed as the quote
2024-07-10 21:35:51,388: root: WARNING: quote is not implemented for YahooData, but USD was passed as the quote
2024-07-10 21:35:51,389: root: INFO: Current backtesting datetime 2020-07-06 07:30:00-05:00
2024-07-10 21:35:51,389: root: WARNING: quote is not implemented for YahooData, but USD was passed as the quote
2024-07-10 21:35:51,389: root: WARNING: quote is not implemented for YahooData, but USD was passed as the quote
2024-07-10 21:35:51,389: asyncio: INFO: [MLTrader] Executing the before_market_opens lifecycle method
2024-07-10 21:35:51,389: asyncio: INFO: [MLTrader] Getting historical prices for SPY, 1 bars, 
2024-07-10 21:35:51,389: root: WARNING: quote is not implemented for YahooData, but USD was passed as the quote
2024-07-10 21:35:51,390: root: WARNING: quote is not implemented for YahooData, but USD was passed as the quote
2024-07-10 21:35:51,390: asyncio: INFO: [MLTrader] Getting historical prices for SPY, 1 bars, 
2024-07-10 21:35:51,390: root: WARNING: quote is not implemented for YahooData, but USD was passed as the quote
2024-07-10 21:35:51,390: root: WARNING: quote is not implemented for YahooData, but USD was passed as the quote
2024-07-10 21:35:51,390: root: INFO: Current backtesting datetime 2020-07-06 08:30:00-05:00
2024-07-10 21:35:51,390: asyncio: INFO: [MLTrader] Executing the before_starting_trading lifecycle method
2024-07-10 21:35:51,391: asyncio: INFO: [MLTrader] Executing the on_trading_iteration lifecycle method at 2024-07-10 21:35:51
2024-07-10 21:35:51,391: root: WARNING: quote is not implemented for YahooData, but USD was passed as the quote
2024-07-10 21:35:51,392: root: WARNING: quote is not implemented for YahooData, but USD was passed as the quote
2024-07-10 21:35:51,503: asyncio: INFO: [MLTrader] Trading iteration ended at 2024-07-10 21:35:51
2024-07-10 21:35:51,503: asyncio: INFO: [MLTrader] Getting historical prices for SPY, 1 bars, 
2024-07-10 21:35:51,503: root: WARNING: quote is not implemented for YahooData, but USD was passed as the quote
2024-07-10 21:35:51,504: root: WARNING: quote is not implemented for YahooData, but USD was passed as the quote
2024-07-10 21:35:51,504: asyncio: INFO: [MLTrader] Getting historical prices for SPY, 1 bars, 
2024-07-10 21:35:51,504: root: WARNING: quote is not implemented for YahooData, but USD was passed as the quote
2024-07-10 21:35:51,504: root: WARNING: quote is not implemented for YahooData, but USD was passed as the quote
2024-07-10 21:35:51,505: asyncio: INFO: [MLTrader] Sleeping for 86400 seconds
2024-07-10 21:35:51,505: root: INFO: Current backtesting datetime 2020-07-06 15:00:00-05:00
2024-07-10 21:35:51,505: root: INFO: Current backtesting datetime 2020-07-07 08:30:00-05:00
2024-07-10 21:35:51,505: asyncio: INFO: [MLTrader] Executing the on_trading_iteration lifecycle method at 2024-07-10 21:35:51
2024-07-10 21:35:51,506: root: WARNING: quote is not implemented for YahooData, but USD was passed as the quote
2024-07-10 21:35:51,506: root: WARNING: quote is not implemented for YahooData, but USD was passed as the quote
2024-07-10 21:35:51,704: asyncio: INFO: [MLTrader] Trading iteration ended at 2024-07-10 21:35:51
2024-07-10 21:35:51,704: asyncio: INFO: [MLTrader] Getting historical prices for SPY, 1 bars, 
2024-07-10 21:35:51,704: root: WARNING: quote is not implemented for YahooData, but USD was passed as the quote
2024-07-10 21:35:51,705: root: WARNING: quote is not implemented for YahooData, but USD was passed as the quote
2024-07-10 21:35:51,705: asyncio: INFO: [MLTrader] Getting historical prices for SPY, 1 bars, 
2024-07-10 21:35:51,705: root: WARNING: quote is not implemented for YahooData, but USD was passed as the quote
2024-07-10 21:35:51,705: root: WARNING: quote is not implemented for YahooData, but USD was passed as the quote
2024-07-10 21:35:51,706: asyncio: INFO: [MLTrader] Sleeping for 86400 seconds
2024-07-10 21:35:51,706: root: INFO: Current backtesting datetime 2020-07-07 15:00:00-05:00
2024-07-10 21:35:51,706: root: INFO: Current backtesting datetime 2020-07-08 08:30:00-05:00
2024-07-10 21:35:51,707: asyncio: INFO: [MLTrader] Executing the on_trading_iteration lifecycle method at 2024-07-10 21:35:51
2024-07-10 21:35:51,707: root: WARNING: quote is not implemented for YahooData, but USD was passed as the quote
2024-07-10 21:35:51,708: root: WARNING: quote is not implemented for YahooData, but USD was passed as the quote
2024-07-10 21:35:51,944: asyncio: INFO: [MLTrader] Trading iteration ended at 2024-07-10 21:35:51
2024-07-10 21:35:51,944: asyncio: INFO: [MLTrader] Getting historical prices for SPY, 1 bars, 
2024-07-10 21:35:51,944: root: WARNING: quote is not implemented for YahooData, but USD was passed as the quote
2024-07-10 21:35:51,945: root: WARNING: quote is not implemented for YahooData, but USD was passed as the quote
2024-07-10 21:35:51,953: asyncio: INFO: [MLTrader] Getting historical prices for SPY, 1 bars, 
2024-07-10 21:35:51,953: root: WARNING: quote is not implemented for YahooData, but USD was passed as the quote
2024-07-10 21:35:51,953: root: WARNING: quote is not implemented for YahooData, but USD was passed as the quote
2024-07-10 21:35:51,954: asyncio: INFO: [MLTrader] Sleeping for 86400 seconds
2024-07-10 21:35:51,955: root: INFO: Current backtesting datetime 2020-07-08 15:00:00-05:00
2024-07-10 21:35:51,955: root: INFO: Current backtesting datetime 2020-07-09 08:30:00-05:00
2024-07-10 21:35:51,960: asyncio: INFO: [MLTrader] Executing the on_trading_iteration lifecycle method at 2024-07-10 21:35:51
2024-07-10 21:35:51,960: root: WARNING: quote is not implemented for YahooData, but USD was passed as the quote
2024-07-10 21:35:51,960: root: WARNING: quote is not implemented for YahooData, but USD was passed as the quote
2024-07-10 21:35:52,174: asyncio: INFO: [MLTrader] Trading iteration ended at 2024-07-10 21:35:52
2024-07-10 21:35:52,174: asyncio: INFO: [MLTrader] Getting historical prices for SPY, 1 bars, 
2024-07-10 21:35:52,174: root: WARNING: quote is not implemented for YahooData, but USD was passed as the quote
2024-07-10 21:35:52,174: root: WARNING: quote is not implemented for YahooData, but USD was passed as the quote
2024-07-10 21:35:52,175: asyncio: INFO: [MLTrader] Getting historical prices for SPY, 1 bars, 
2024-07-10 21:35:52,175: root: WARNING: quote is not implemented for YahooData, but USD was passed as the quote
2024-07-10 21:35:52,175: root: WARNING: quote is not implemented for YahooData, but USD was passed as the quote
2024-07-10 21:35:52,176: asyncio: INFO: [MLTrader] Sleeping for 86400 seconds
2024-07-10 21:35:52,176: root: INFO: Current backtesting datetime 2020-07-09 15:00:00-05:00
2024-07-10 21:35:52,176: root: INFO: Current backtesting datetime 2020-07-10 08:30:00-05:00
2024-07-10 21:35:52,176: asyncio: INFO: [MLTrader] Executing the on_trading_iteration lifecycle method at 2024-07-10 21:35:52
2024-07-10 21:35:52,177: root: WARNING: quote is not implemented for YahooData, but USD was passed as the quote
2024-07-10 21:35:52,177: root: WARNING: quote is not implemented for YahooData, but USD was passed as the quote
2024-07-10 21:35:52,407: asyncio: INFO: [MLTrader] Trading iteration ended at 2024-07-10 21:35:52
2024-07-10 21:35:52,407: asyncio: INFO: [MLTrader] Getting historical prices for SPY, 1 bars, 
2024-07-10 21:35:52,407: root: WARNING: quote is not implemented for YahooData, but USD was passed as the quote
2024-07-10 21:35:52,407: root: WARNING: quote is not implemented for YahooData, but USD was passed as the quote
2024-07-10 21:35:52,408: asyncio: INFO: [MLTrader] Getting historical prices for SPY, 1 bars, 
2024-07-10 21:35:52,408: root: WARNING: quote is not implemented for YahooData, but USD was passed as the quote
2024-07-10 21:35:52,408: root: WARNING: quote is not implemented for YahooData, but USD was passed as the quote
2024-07-10 21:35:52,409: asyncio: INFO: [MLTrader] Sleeping for 86400 seconds
2024-07-10 21:35:52,409: root: INFO: Current backtesting datetime 2020-07-10 15:00:00-05:00
2024-07-10 21:35:52,409: root: INFO: Current backtesting datetime 2020-07-11 08:30:00-05:00
2024-07-10 21:35:52,410: asyncio: INFO: [MLTrader] The market is not currently open, skipping this trading iteration
2024-07-10 21:35:52,410: asyncio: INFO: [MLTrader] Getting historical prices for SPY, 1 bars, 
2024-07-10 21:35:52,410: root: WARNING: quote is not implemented for YahooData, but USD was passed as the quote
2024-07-10 21:35:52,410: root: WARNING: quote is not implemented for YahooData, but USD was passed as the quote
2024-07-10 21:35:52,410: asyncio: INFO: [MLTrader] Getting historical prices for SPY, 1 bars, 
2024-07-10 21:35:52,410: root: WARNING: quote is not implemented for YahooData, but USD was passed as the quote
2024-07-10 21:35:52,410: root: WARNING: quote is not implemented for YahooData, but USD was passed as the quote
2024-07-10 21:35:52,411: asyncio: INFO: [MLTrader] Getting historical prices for SPY, 1 bars, 
2024-07-10 21:35:52,411: root: WARNING: quote is not implemented for YahooData, but USD was passed as the quote
2024-07-10 21:35:52,411: root: WARNING: quote is not implemented for YahooData, but USD was passed as the quote
2024-07-10 21:35:52,411: asyncio: INFO: [MLTrader] Getting historical prices for SPY, 1 bars, 
2024-07-10 21:35:52,411: root: WARNING: quote is not implemented for YahooData, but USD was passed as the quote
2024-07-10 21:35:52,411: root: WARNING: quote is not implemented for YahooData, but USD was passed as the quote
2024-07-10 21:35:52,411: root: INFO: Current backtesting datetime 2020-07-11 08:29:00-05:00
2024-07-10 21:35:52,412: asyncio: INFO: [MLTrader] Getting historical prices for SPY, 1 bars, 
2024-07-10 21:35:52,412: root: WARNING: quote is not implemented for YahooData, but USD was passed as the quote
2024-07-10 21:35:52,412: root: WARNING: quote is not implemented for YahooData, but USD was passed as the quote
2024-07-10 21:35:52,412: asyncio: INFO: [MLTrader] Getting historical prices for SPY, 1 bars, 
2024-07-10 21:35:52,412: root: WARNING: quote is not implemented for YahooData, but USD was passed as the quote
2024-07-10 21:35:52,412: root: WARNING: quote is not implemented for YahooData, but USD was passed as the quote
2024-07-10 21:35:52,413: root: INFO: Current backtesting datetime 2020-07-11 08:29:00-05:00
2024-07-10 21:35:52,413: asyncio: INFO: [MLTrader] Executing the after_market_closes lifecycle method
2024-07-10 21:35:52,413: asyncio: INFO: [MLTrader] Getting historical prices for SPY, 1 bars, 
2024-07-10 21:35:52,413: root: WARNING: quote is not implemented for YahooData, but USD was passed as the quote
2024-07-10 21:35:52,413: root: WARNING: quote is not implemented for YahooData, but USD was passed as the quote
2024-07-10 21:35:52,413: asyncio: INFO: [MLTrader] Getting historical prices for SPY, 1 bars, 
2024-07-10 21:35:52,413: root: WARNING: quote is not implemented for YahooData, but USD was passed as the quote
2024-07-10 21:35:52,413: root: WARNING: quote is not implemented for YahooData, but USD was passed as the quote
2024-07-10 21:35:52,413: root: INFO: Current backtesting datetime 2020-07-13 07:30:00-05:00
2024-07-10 21:35:52,414: root: WARNING: quote is not implemented for YahooData, but USD was passed as the quote
2024-07-10 21:35:52,414: root: WARNING: quote is not implemented for YahooData, but USD was passed as the quote
2024-07-10 21:35:52,414: asyncio: INFO: [MLTrader] Executing the before_market_opens lifecycle method
2024-07-10 21:35:52,414: asyncio: INFO: [MLTrader] Getting historical prices for SPY, 1 bars, 
2024-07-10 21:35:52,414: root: WARNING: quote is not implemented for YahooData, but USD was passed as the quote
2024-07-10 21:35:52,415: root: WARNING: quote is not implemented for YahooData, but USD was passed as the quote
2024-07-10 21:35:52,415: asyncio: INFO: [MLTrader] Getting historical prices for SPY, 1 bars, 
2024-07-10 21:35:52,415: root: WARNING: quote is not implemented for YahooData, but USD was passed as the quote
2024-07-10 21:35:52,415: root: WARNING: quote is not implemented for YahooData, but USD was passed as the quote
2024-07-10 21:35:52,415: root: INFO: Current backtesting datetime 2020-07-13 08:30:00-05:00
2024-07-10 21:35:52,415: asyncio: INFO: [MLTrader] Executing the before_starting_trading lifecycle method
2024-07-10 21:35:52,416: asyncio: INFO: [MLTrader] Executing the on_trading_iteration lifecycle method at 2024-07-10 21:35:52
2024-07-10 21:35:52,416: root: WARNING: quote is not implemented for YahooData, but USD was passed as the quote
2024-07-10 21:35:52,417: root: WARNING: quote is not implemented for YahooData, but USD was passed as the quote
2024-07-10 21:35:52,636: asyncio: INFO: [MLTrader] Trading iteration ended at 2024-07-10 21:35:52
2024-07-10 21:35:52,636: asyncio: INFO: [MLTrader] Getting historical prices for SPY, 1 bars, 
2024-07-10 21:35:52,636: root: WARNING: quote is not implemented for YahooData, but USD was passed as the quote
2024-07-10 21:35:52,637: root: WARNING: quote is not implemented for YahooData, but USD was passed as the quote
2024-07-10 21:35:52,637: asyncio: INFO: [MLTrader] Getting historical prices for SPY, 1 bars, 
2024-07-10 21:35:52,637: root: WARNING: quote is not implemented for YahooData, but USD was passed as the quote
2024-07-10 21:35:52,637: root: WARNING: quote is not implemented for YahooData, but USD was passed as the quote
2024-07-10 21:35:52,638: asyncio: INFO: [MLTrader] Sleeping for 86400 seconds
2024-07-10 21:35:52,638: root: INFO: Current backtesting datetime 2020-07-13 15:00:00-05:00
2024-07-10 21:35:52,638: root: INFO: Current backtesting datetime 2020-07-14 08:30:00-05:00
2024-07-10 21:35:52,639: asyncio: INFO: [MLTrader] Executing the on_trading_iteration lifecycle method at 2024-07-10 21:35:52
2024-07-10 21:35:52,639: root: WARNING: quote is not implemented for YahooData, but USD was passed as the quote
2024-07-10 21:35:52,639: root: WARNING: quote is not implemented for YahooData, but USD was passed as the quote
2024-07-10 21:35:52,838: asyncio: INFO: [MLTrader] Trading iteration ended at 2024-07-10 21:35:52
2024-07-10 21:35:52,838: asyncio: INFO: [MLTrader] Getting historical prices for SPY, 1 bars, 
2024-07-10 21:35:52,838: root: WARNING: quote is not implemented for YahooData, but USD was passed as the quote
2024-07-10 21:35:52,839: root: WARNING: quote is not implemented for YahooData, but USD was passed as the quote
2024-07-10 21:35:52,851: asyncio: INFO: [MLTrader] Getting historical prices for SPY, 1 bars, 
2024-07-10 21:35:52,851: root: WARNING: quote is not implemented for YahooData, but USD was passed as the quote
2024-07-10 21:35:52,851: root: WARNING: quote is not implemented for YahooData, but USD was passed as the quote
2024-07-10 21:35:52,852: asyncio: INFO: [MLTrader] Sleeping for 86400 seconds
2024-07-10 21:35:52,852: root: INFO: Current backtesting datetime 2020-07-14 15:00:00-05:00
2024-07-10 21:35:52,852: root: INFO: Current backtesting datetime 2020-07-15 08:30:00-05:00
2024-07-10 21:35:52,861: asyncio: INFO: [MLTrader] Executing the on_trading_iteration lifecycle method at 2024-07-10 21:35:52
2024-07-10 21:35:52,862: root: WARNING: quote is not implemented for YahooData, but USD was passed as the quote
2024-07-10 21:35:52,863: root: WARNING: quote is not implemented for YahooData, but USD was passed as the quote
2024-07-10 21:35:53,032: asyncio: INFO: [MLTrader] Trading iteration ended at 2024-07-10 21:35:53
2024-07-10 21:35:53,032: asyncio: INFO: [MLTrader] Getting historical prices for SPY, 1 bars, 
2024-07-10 21:35:53,032: root: WARNING: quote is not implemented for YahooData, but USD was passed as the quote
2024-07-10 21:35:53,032: root: WARNING: quote is not implemented for YahooData, but USD was passed as the quote
2024-07-10 21:35:53,033: asyncio: INFO: [MLTrader] Getting historical prices for SPY, 1 bars, 
2024-07-10 21:35:53,033: root: WARNING: quote is not implemented for YahooData, but USD was passed as the quote
2024-07-10 21:35:53,033: root: WARNING: quote is not implemented for YahooData, but USD was passed as the quote
2024-07-10 21:35:53,033: asyncio: INFO: [MLTrader] Sleeping for 86400 seconds
2024-07-10 21:35:53,034: root: INFO: Current backtesting datetime 2020-07-15 15:00:00-05:00
2024-07-10 21:35:53,034: root: INFO: Current backtesting datetime 2020-07-16 08:30:00-05:00
2024-07-10 21:35:53,034: asyncio: INFO: [MLTrader] Executing the on_trading_iteration lifecycle method at 2024-07-10 21:35:53
2024-07-10 21:35:53,034: root: WARNING: quote is not implemented for YahooData, but USD was passed as the quote
2024-07-10 21:35:53,035: root: WARNING: quote is not implemented for YahooData, but USD was passed as the quote
2024-07-10 21:35:53,242: asyncio: INFO: [MLTrader] Trading iteration ended at 2024-07-10 21:35:53
2024-07-10 21:35:53,242: asyncio: INFO: [MLTrader] Getting historical prices for SPY, 1 bars, 
2024-07-10 21:35:53,242: root: WARNING: quote is not implemented for YahooData, but USD was passed as the quote
2024-07-10 21:35:53,243: root: WARNING: quote is not implemented for YahooData, but USD was passed as the quote
2024-07-10 21:35:53,243: asyncio: INFO: [MLTrader] Getting historical prices for SPY, 1 bars, 
2024-07-10 21:35:53,243: root: WARNING: quote is not implemented for YahooData, but USD was passed as the quote
2024-07-10 21:35:53,244: root: WARNING: quote is not implemented for YahooData, but USD was passed as the quote
2024-07-10 21:35:53,244: asyncio: INFO: [MLTrader] Sleeping for 86400 seconds
2024-07-10 21:35:53,245: root: INFO: Current backtesting datetime 2020-07-16 15:00:00-05:00
2024-07-10 21:35:53,245: root: INFO: Current backtesting datetime 2020-07-17 08:30:00-05:00
2024-07-10 21:35:53,245: asyncio: INFO: [MLTrader] Executing the on_trading_iteration lifecycle method at 2024-07-10 21:35:53
2024-07-10 21:35:53,245: root: WARNING: quote is not implemented for YahooData, but USD was passed as the quote
2024-07-10 21:35:53,246: root: WARNING: quote is not implemented for YahooData, but USD was passed as the quote
2024-07-10 21:35:53,469: asyncio: INFO: [MLTrader] Trading iteration ended at 2024-07-10 21:35:53
2024-07-10 21:35:53,469: asyncio: INFO: [MLTrader] Getting historical prices for SPY, 1 bars, 
2024-07-10 21:35:53,469: root: WARNING: quote is not implemented for YahooData, but USD was passed as the quote
2024-07-10 21:35:53,469: root: WARNING: quote is not implemented for YahooData, but USD was passed as the quote
2024-07-10 21:35:53,470: asyncio: INFO: [MLTrader] Getting historical prices for SPY, 1 bars, 
2024-07-10 21:35:53,470: root: WARNING: quote is not implemented for YahooData, but USD was passed as the quote
2024-07-10 21:35:53,470: root: WARNING: quote is not implemented for YahooData, but USD was passed as the quote
2024-07-10 21:35:53,470: asyncio: INFO: [MLTrader] Sleeping for 86400 seconds
2024-07-10 21:35:53,471: root: INFO: Current backtesting datetime 2020-07-17 15:00:00-05:00
2024-07-10 21:35:53,471: root: INFO: Current backtesting datetime 2020-07-18 08:30:00-05:00
2024-07-10 21:35:53,471: asyncio: INFO: [MLTrader] The market is not currently open, skipping this trading iteration
2024-07-10 21:35:53,471: asyncio: INFO: [MLTrader] Getting historical prices for SPY, 1 bars, 
2024-07-10 21:35:53,471: root: WARNING: quote is not implemented for YahooData, but USD was passed as the quote
2024-07-10 21:35:53,472: root: WARNING: quote is not implemented for YahooData, but USD was passed as the quote
2024-07-10 21:35:53,472: asyncio: INFO: [MLTrader] Getting historical prices for SPY, 1 bars, 
2024-07-10 21:35:53,472: root: WARNING: quote is not implemented for YahooData, but USD was passed as the quote
2024-07-10 21:35:53,472: root: WARNING: quote is not implemented for YahooData, but USD was passed as the quote
2024-07-10 21:35:53,472: asyncio: INFO: [MLTrader] Getting historical prices for SPY, 1 bars, 
2024-07-10 21:35:53,472: root: WARNING: quote is not implemented for YahooData, but USD was passed as the quote
2024-07-10 21:35:53,472: root: WARNING: quote is not implemented for YahooData, but USD was passed as the quote
2024-07-10 21:35:53,473: asyncio: INFO: [MLTrader] Getting historical prices for SPY, 1 bars, 
2024-07-10 21:35:53,473: root: WARNING: quote is not implemented for YahooData, but USD was passed as the quote
2024-07-10 21:35:53,473: root: WARNING: quote is not implemented for YahooData, but USD was passed as the quote
2024-07-10 21:35:53,473: root: INFO: Current backtesting datetime 2020-07-18 08:29:00-05:00
2024-07-10 21:35:53,473: asyncio: INFO: [MLTrader] Getting historical prices for SPY, 1 bars, 
2024-07-10 21:35:53,473: root: WARNING: quote is not implemented for YahooData, but USD was passed as the quote
2024-07-10 21:35:53,474: root: WARNING: quote is not implemented for YahooData, but USD was passed as the quote
2024-07-10 21:35:53,474: asyncio: INFO: [MLTrader] Getting historical prices for SPY, 1 bars, 
2024-07-10 21:35:53,474: root: WARNING: quote is not implemented for YahooData, but USD was passed as the quote
2024-07-10 21:35:53,474: root: WARNING: quote is not implemented for YahooData, but USD was passed as the quote
2024-07-10 21:35:53,474: root: INFO: Current backtesting datetime 2020-07-18 08:29:00-05:00
2024-07-10 21:35:53,474: asyncio: INFO: [MLTrader] Executing the after_market_closes lifecycle method
2024-07-10 21:35:53,474: asyncio: INFO: [MLTrader] Getting historical prices for SPY, 1 bars, 
2024-07-10 21:35:53,474: root: WARNING: quote is not implemented for YahooData, but USD was passed as the quote
2024-07-10 21:35:53,474: root: WARNING: quote is not implemented for YahooData, but USD was passed as the quote
2024-07-10 21:35:53,475: asyncio: INFO: [MLTrader] Getting historical prices for SPY, 1 bars, 
2024-07-10 21:35:53,475: root: WARNING: quote is not implemented for YahooData, but USD was passed as the quote
2024-07-10 21:35:53,475: root: WARNING: quote is not implemented for YahooData, but USD was passed as the quote
2024-07-10 21:35:53,475: root: INFO: Current backtesting datetime 2020-07-20 07:30:00-05:00
2024-07-10 21:35:53,476: root: WARNING: quote is not implemented for YahooData, but USD was passed as the quote
2024-07-10 21:35:53,476: root: WARNING: quote is not implemented for YahooData, but USD was passed as the quote
2024-07-10 21:35:53,476: asyncio: INFO: [MLTrader] Executing the before_market_opens lifecycle method
2024-07-10 21:35:53,476: asyncio: INFO: [MLTrader] Getting historical prices for SPY, 1 bars, 
2024-07-10 21:35:53,476: root: WARNING: quote is not implemented for YahooData, but USD was passed as the quote
2024-07-10 21:35:53,476: root: WARNING: quote is not implemented for YahooData, but USD was passed as the quote
2024-07-10 21:35:53,477: asyncio: INFO: [MLTrader] Getting historical prices for SPY, 1 bars, 
2024-07-10 21:35:53,477: root: WARNING: quote is not implemented for YahooData, but USD was passed as the quote
2024-07-10 21:35:53,477: root: WARNING: quote is not implemented for YahooData, but USD was passed as the quote
2024-07-10 21:35:53,477: root: INFO: Current backtesting datetime 2020-07-20 08:30:00-05:00
2024-07-10 21:35:53,477: asyncio: INFO: [MLTrader] Executing the before_starting_trading lifecycle method
2024-07-10 21:35:53,478: asyncio: INFO: [MLTrader] Executing the on_trading_iteration lifecycle method at 2024-07-10 21:35:53
2024-07-10 21:35:53,478: root: WARNING: quote is not implemented for YahooData, but USD was passed as the quote
2024-07-10 21:35:53,479: root: WARNING: quote is not implemented for YahooData, but USD was passed as the quote
2024-07-10 21:35:53,689: asyncio: INFO: [MLTrader] Trading iteration ended at 2024-07-10 21:35:53
2024-07-10 21:35:53,689: asyncio: INFO: [MLTrader] Getting historical prices for SPY, 1 bars, 
2024-07-10 21:35:53,689: root: WARNING: quote is not implemented for YahooData, but USD was passed as the quote
2024-07-10 21:35:53,690: root: WARNING: quote is not implemented for YahooData, but USD was passed as the quote
2024-07-10 21:35:53,718: asyncio: INFO: [MLTrader] Getting historical prices for SPY, 1 bars, 
2024-07-10 21:35:53,718: root: WARNING: quote is not implemented for YahooData, but USD was passed as the quote
2024-07-10 21:35:53,719: root: WARNING: quote is not implemented for YahooData, but USD was passed as the quote
2024-07-10 21:35:53,720: asyncio: INFO: [MLTrader] Sleeping for 86400 seconds
2024-07-10 21:35:53,720: root: INFO: Current backtesting datetime 2020-07-20 15:00:00-05:00
2024-07-10 21:35:53,720: root: INFO: Current backtesting datetime 2020-07-21 08:30:00-05:00
2024-07-10 21:35:53,731: asyncio: INFO: [MLTrader] Executing the on_trading_iteration lifecycle method at 2024-07-10 21:35:53
2024-07-10 21:35:53,732: root: WARNING: quote is not implemented for YahooData, but USD was passed as the quote
2024-07-10 21:35:53,732: root: WARNING: quote is not implemented for YahooData, but USD was passed as the quote
2024-07-10 21:35:53,964: asyncio: INFO: [MLTrader] Trading iteration ended at 2024-07-10 21:35:53
2024-07-10 21:35:53,965: asyncio: INFO: [MLTrader] Getting historical prices for SPY, 1 bars, 
2024-07-10 21:35:53,965: root: WARNING: quote is not implemented for YahooData, but USD was passed as the quote
2024-07-10 21:35:53,965: root: WARNING: quote is not implemented for YahooData, but USD was passed as the quote
2024-07-10 21:35:53,965: asyncio: INFO: [MLTrader] Getting historical prices for SPY, 1 bars, 
2024-07-10 21:35:53,965: root: WARNING: quote is not implemented for YahooData, but USD was passed as the quote
2024-07-10 21:35:53,966: root: WARNING: quote is not implemented for YahooData, but USD was passed as the quote
2024-07-10 21:35:53,966: asyncio: INFO: [MLTrader] Sleeping for 86400 seconds
2024-07-10 21:35:53,966: root: INFO: Current backtesting datetime 2020-07-21 15:00:00-05:00
2024-07-10 21:35:53,966: root: INFO: Current backtesting datetime 2020-07-22 08:30:00-05:00
2024-07-10 21:35:53,967: asyncio: INFO: [MLTrader] Executing the on_trading_iteration lifecycle method at 2024-07-10 21:35:53
2024-07-10 21:35:53,967: root: WARNING: quote is not implemented for YahooData, but USD was passed as the quote
2024-07-10 21:35:53,968: root: WARNING: quote is not implemented for YahooData, but USD was passed as the quote
2024-07-10 21:35:54,285: asyncio: INFO: [MLTrader] Trading iteration ended at 2024-07-10 21:35:54
2024-07-10 21:35:54,285: asyncio: INFO: [MLTrader] Getting historical prices for SPY, 1 bars, 
2024-07-10 21:35:54,285: root: WARNING: quote is not implemented for YahooData, but USD was passed as the quote
2024-07-10 21:35:54,286: root: WARNING: quote is not implemented for YahooData, but USD was passed as the quote
2024-07-10 21:35:54,286: asyncio: INFO: [MLTrader] Getting historical prices for SPY, 1 bars, 
2024-07-10 21:35:54,286: root: WARNING: quote is not implemented for YahooData, but USD was passed as the quote
2024-07-10 21:35:54,286: root: WARNING: quote is not implemented for YahooData, but USD was passed as the quote
2024-07-10 21:35:54,287: asyncio: INFO: [MLTrader] Sleeping for 86400 seconds
2024-07-10 21:35:54,287: root: INFO: Current backtesting datetime 2020-07-22 15:00:00-05:00
2024-07-10 21:35:54,287: root: INFO: Current backtesting datetime 2020-07-23 08:30:00-05:00
2024-07-10 21:35:54,288: asyncio: INFO: [MLTrader] Executing the on_trading_iteration lifecycle method at 2024-07-10 21:35:54
2024-07-10 21:35:54,288: root: WARNING: quote is not implemented for YahooData, but USD was passed as the quote
2024-07-10 21:35:54,288: root: WARNING: quote is not implemented for YahooData, but USD was passed as the quote
2024-07-10 21:35:54,462: asyncio: INFO: [MLTrader] Trading iteration ended at 2024-07-10 21:35:54
2024-07-10 21:35:54,462: asyncio: INFO: [MLTrader] Getting historical prices for SPY, 1 bars, 
2024-07-10 21:35:54,462: root: WARNING: quote is not implemented for YahooData, but USD was passed as the quote
2024-07-10 21:35:54,463: root: WARNING: quote is not implemented for YahooData, but USD was passed as the quote
2024-07-10 21:35:54,463: asyncio: INFO: [MLTrader] Getting historical prices for SPY, 1 bars, 
2024-07-10 21:35:54,463: root: WARNING: quote is not implemented for YahooData, but USD was passed as the quote
2024-07-10 21:35:54,463: root: WARNING: quote is not implemented for YahooData, but USD was passed as the quote
2024-07-10 21:35:54,464: asyncio: INFO: [MLTrader] Sleeping for 86400 seconds
2024-07-10 21:35:54,464: root: INFO: Current backtesting datetime 2020-07-23 15:00:00-05:00
2024-07-10 21:35:54,464: root: INFO: Current backtesting datetime 2020-07-24 08:30:00-05:00
2024-07-10 21:35:54,465: asyncio: INFO: [MLTrader] Executing the on_trading_iteration lifecycle method at 2024-07-10 21:35:54
2024-07-10 21:35:54,465: root: WARNING: quote is not implemented for YahooData, but USD was passed as the quote
2024-07-10 21:35:54,465: root: WARNING: quote is not implemented for YahooData, but USD was passed as the quote
2024-07-10 21:35:54,668: asyncio: INFO: [MLTrader] Trading iteration ended at 2024-07-10 21:35:54
2024-07-10 21:35:54,668: asyncio: INFO: [MLTrader] Getting historical prices for SPY, 1 bars, 
2024-07-10 21:35:54,668: root: WARNING: quote is not implemented for YahooData, but USD was passed as the quote
2024-07-10 21:35:54,669: root: WARNING: quote is not implemented for YahooData, but USD was passed as the quote
2024-07-10 21:35:54,669: asyncio: INFO: [MLTrader] Getting historical prices for SPY, 1 bars, 
2024-07-10 21:35:54,688: root: WARNING: quote is not implemented for YahooData, but USD was passed as the quote
2024-07-10 21:35:54,689: root: WARNING: quote is not implemented for YahooData, but USD was passed as the quote
2024-07-10 21:35:54,690: asyncio: INFO: [MLTrader] Sleeping for 86400 seconds
2024-07-10 21:35:54,691: root: INFO: Current backtesting datetime 2020-07-24 15:00:00-05:00
2024-07-10 21:35:54,691: root: INFO: Current backtesting datetime 2020-07-25 08:30:00-05:00
2024-07-10 21:35:54,692: asyncio: INFO: [MLTrader] The market is not currently open, skipping this trading iteration
2024-07-10 21:35:54,692: asyncio: INFO: [MLTrader] Getting historical prices for SPY, 1 bars, 
2024-07-10 21:35:54,692: root: WARNING: quote is not implemented for YahooData, but USD was passed as the quote
2024-07-10 21:35:54,692: root: WARNING: quote is not implemented for YahooData, but USD was passed as the quote
2024-07-10 21:35:54,693: asyncio: INFO: [MLTrader] Getting historical prices for SPY, 1 bars, 
2024-07-10 21:35:54,693: root: WARNING: quote is not implemented for YahooData, but USD was passed as the quote
2024-07-10 21:35:54,693: root: WARNING: quote is not implemented for YahooData, but USD was passed as the quote
2024-07-10 21:35:54,693: asyncio: INFO: [MLTrader] Getting historical prices for SPY, 1 bars, 
2024-07-10 21:35:54,693: root: WARNING: quote is not implemented for YahooData, but USD was passed as the quote
2024-07-10 21:35:54,693: root: WARNING: quote is not implemented for YahooData, but USD was passed as the quote
2024-07-10 21:35:54,694: asyncio: INFO: [MLTrader] Getting historical prices for SPY, 1 bars, 
2024-07-10 21:35:54,694: root: WARNING: quote is not implemented for YahooData, but USD was passed as the quote
2024-07-10 21:35:54,694: root: WARNING: quote is not implemented for YahooData, but USD was passed as the quote
2024-07-10 21:35:54,694: root: INFO: Current backtesting datetime 2020-07-25 08:29:00-05:00
2024-07-10 21:35:54,694: asyncio: INFO: [MLTrader] Getting historical prices for SPY, 1 bars, 
2024-07-10 21:35:54,694: root: WARNING: quote is not implemented for YahooData, but USD was passed as the quote
2024-07-10 21:35:54,695: root: WARNING: quote is not implemented for YahooData, but USD was passed as the quote
2024-07-10 21:35:54,695: asyncio: INFO: [MLTrader] Getting historical prices for SPY, 1 bars, 
2024-07-10 21:35:54,695: root: WARNING: quote is not implemented for YahooData, but USD was passed as the quote
2024-07-10 21:35:54,695: root: WARNING: quote is not implemented for YahooData, but USD was passed as the quote
2024-07-10 21:35:54,695: root: INFO: Current backtesting datetime 2020-07-25 08:29:00-05:00
2024-07-10 21:35:54,695: asyncio: INFO: [MLTrader] Executing the after_market_closes lifecycle method
2024-07-10 21:35:54,695: asyncio: INFO: [MLTrader] Getting historical prices for SPY, 1 bars, 
2024-07-10 21:35:54,695: root: WARNING: quote is not implemented for YahooData, but USD was passed as the quote
2024-07-10 21:35:54,695: root: WARNING: quote is not implemented for YahooData, but USD was passed as the quote
2024-07-10 21:35:54,696: asyncio: INFO: [MLTrader] Getting historical prices for SPY, 1 bars, 
2024-07-10 21:35:54,696: root: WARNING: quote is not implemented for YahooData, but USD was passed as the quote
2024-07-10 21:35:54,696: root: WARNING: quote is not implemented for YahooData, but USD was passed as the quote
2024-07-10 21:35:54,696: root: INFO: Current backtesting datetime 2020-07-27 07:30:00-05:00
2024-07-10 21:35:54,696: root: WARNING: quote is not implemented for YahooData, but USD was passed as the quote
2024-07-10 21:35:54,697: root: WARNING: quote is not implemented for YahooData, but USD was passed as the quote
2024-07-10 21:35:54,697: asyncio: INFO: [MLTrader] Executing the before_market_opens lifecycle method
2024-07-10 21:35:54,697: asyncio: INFO: [MLTrader] Getting historical prices for SPY, 1 bars, 
2024-07-10 21:35:54,697: root: WARNING: quote is not implemented for YahooData, but USD was passed as the quote
2024-07-10 21:35:54,697: root: WARNING: quote is not implemented for YahooData, but USD was passed as the quote
2024-07-10 21:35:54,697: asyncio: INFO: [MLTrader] Getting historical prices for SPY, 1 bars, 
2024-07-10 21:35:54,697: root: WARNING: quote is not implemented for YahooData, but USD was passed as the quote
2024-07-10 21:35:54,697: root: WARNING: quote is not implemented for YahooData, but USD was passed as the quote
2024-07-10 21:35:54,698: root: INFO: Current backtesting datetime 2020-07-27 08:30:00-05:00
2024-07-10 21:35:54,698: asyncio: INFO: [MLTrader] Executing the before_starting_trading lifecycle method
2024-07-10 21:35:54,703: asyncio: INFO: [MLTrader] Executing the on_trading_iteration lifecycle method at 2024-07-10 21:35:54
2024-07-10 21:35:54,704: root: WARNING: quote is not implemented for YahooData, but USD was passed as the quote
2024-07-10 21:35:54,704: root: WARNING: quote is not implemented for YahooData, but USD was passed as the quote
2024-07-10 21:35:54,894: asyncio: INFO: [MLTrader] Trading iteration ended at 2024-07-10 21:35:54
2024-07-10 21:35:54,895: asyncio: INFO: [MLTrader] Getting historical prices for SPY, 1 bars, 
2024-07-10 21:35:54,895: root: WARNING: quote is not implemented for YahooData, but USD was passed as the quote
2024-07-10 21:35:54,895: root: WARNING: quote is not implemented for YahooData, but USD was passed as the quote
2024-07-10 21:35:54,895: asyncio: INFO: [MLTrader] Getting historical prices for SPY, 1 bars, 
2024-07-10 21:35:54,895: root: WARNING: quote is not implemented for YahooData, but USD was passed as the quote
2024-07-10 21:35:54,896: root: WARNING: quote is not implemented for YahooData, but USD was passed as the quote
2024-07-10 21:35:54,896: asyncio: INFO: [MLTrader] Sleeping for 86400 seconds
2024-07-10 21:35:54,897: root: INFO: Current backtesting datetime 2020-07-27 15:00:00-05:00
2024-07-10 21:35:54,897: root: INFO: Current backtesting datetime 2020-07-28 08:30:00-05:00
2024-07-10 21:35:54,897: asyncio: INFO: [MLTrader] Executing the on_trading_iteration lifecycle method at 2024-07-10 21:35:54
2024-07-10 21:35:54,899: root: WARNING: quote is not implemented for YahooData, but USD was passed as the quote
2024-07-10 21:35:54,899: root: WARNING: quote is not implemented for YahooData, but USD was passed as the quote
2024-07-10 21:35:55,078: asyncio: INFO: [MLTrader] Trading iteration ended at 2024-07-10 21:35:55
2024-07-10 21:35:55,078: asyncio: INFO: [MLTrader] Getting historical prices for SPY, 1 bars, 
2024-07-10 21:35:55,078: root: WARNING: quote is not implemented for YahooData, but USD was passed as the quote
2024-07-10 21:35:55,079: root: WARNING: quote is not implemented for YahooData, but USD was passed as the quote
2024-07-10 21:35:55,079: asyncio: INFO: [MLTrader] Getting historical prices for SPY, 1 bars, 
2024-07-10 21:35:55,079: root: WARNING: quote is not implemented for YahooData, but USD was passed as the quote
2024-07-10 21:35:55,079: root: WARNING: quote is not implemented for YahooData, but USD was passed as the quote
2024-07-10 21:35:55,080: asyncio: INFO: [MLTrader] Sleeping for 86400 seconds
2024-07-10 21:35:55,080: root: INFO: Current backtesting datetime 2020-07-28 15:00:00-05:00
2024-07-10 21:35:55,080: root: INFO: Current backtesting datetime 2020-07-29 08:30:00-05:00
2024-07-10 21:35:55,081: asyncio: INFO: [MLTrader] Executing the on_trading_iteration lifecycle method at 2024-07-10 21:35:55
2024-07-10 21:35:55,081: root: WARNING: quote is not implemented for YahooData, but USD was passed as the quote
2024-07-10 21:35:55,081: root: WARNING: quote is not implemented for YahooData, but USD was passed as the quote
2024-07-10 21:35:55,258: asyncio: INFO: [MLTrader] Trading iteration ended at 2024-07-10 21:35:55
2024-07-10 21:35:55,258: asyncio: INFO: [MLTrader] Getting historical prices for SPY, 1 bars, 
2024-07-10 21:35:55,258: root: WARNING: quote is not implemented for YahooData, but USD was passed as the quote
2024-07-10 21:35:55,258: root: WARNING: quote is not implemented for YahooData, but USD was passed as the quote
2024-07-10 21:35:55,259: asyncio: INFO: [MLTrader] Getting historical prices for SPY, 1 bars, 
2024-07-10 21:35:55,259: root: WARNING: quote is not implemented for YahooData, but USD was passed as the quote
2024-07-10 21:35:55,259: root: WARNING: quote is not implemented for YahooData, but USD was passed as the quote
2024-07-10 21:35:55,259: asyncio: INFO: [MLTrader] Sleeping for 86400 seconds
2024-07-10 21:35:55,260: root: INFO: Current backtesting datetime 2020-07-29 15:00:00-05:00
2024-07-10 21:35:55,260: root: INFO: Current backtesting datetime 2020-07-30 08:30:00-05:00
2024-07-10 21:35:55,260: asyncio: INFO: [MLTrader] Executing the on_trading_iteration lifecycle method at 2024-07-10 21:35:55
2024-07-10 21:35:55,260: root: WARNING: quote is not implemented for YahooData, but USD was passed as the quote
2024-07-10 21:35:55,261: root: WARNING: quote is not implemented for YahooData, but USD was passed as the quote
2024-07-10 21:35:55,472: asyncio: INFO: [MLTrader] Trading iteration ended at 2024-07-10 21:35:55
2024-07-10 21:35:55,472: asyncio: INFO: [MLTrader] Getting historical prices for SPY, 1 bars, 
2024-07-10 21:35:55,472: root: WARNING: quote is not implemented for YahooData, but USD was passed as the quote
2024-07-10 21:35:55,473: root: WARNING: quote is not implemented for YahooData, but USD was passed as the quote
2024-07-10 21:35:55,473: asyncio: INFO: [MLTrader] Getting historical prices for SPY, 1 bars, 
2024-07-10 21:35:55,487: root: WARNING: quote is not implemented for YahooData, but USD was passed as the quote
2024-07-10 21:35:55,488: root: WARNING: quote is not implemented for YahooData, but USD was passed as the quote
2024-07-10 21:35:55,489: asyncio: INFO: [MLTrader] Sleeping for 86400 seconds
2024-07-10 21:35:55,489: root: INFO: Current backtesting datetime 2020-07-30 15:00:00-05:00
2024-07-10 21:35:55,489: root: INFO: Current backtesting datetime 2020-07-31 08:30:00-05:00
2024-07-10 21:35:55,496: asyncio: INFO: [MLTrader] Executing the on_trading_iteration lifecycle method at 2024-07-10 21:35:55
2024-07-10 21:35:55,497: root: WARNING: quote is not implemented for YahooData, but USD was passed as the quote
2024-07-10 21:35:55,497: root: WARNING: quote is not implemented for YahooData, but USD was passed as the quote
2024-07-10 21:35:55,701: asyncio: INFO: [MLTrader] Trading iteration ended at 2024-07-10 21:35:55
2024-07-10 21:35:55,701: asyncio: INFO: [MLTrader] Getting historical prices for SPY, 1 bars, 
2024-07-10 21:35:55,701: root: WARNING: quote is not implemented for YahooData, but USD was passed as the quote
2024-07-10 21:35:55,702: root: WARNING: quote is not implemented for YahooData, but USD was passed as the quote
2024-07-10 21:35:55,702: asyncio: INFO: [MLTrader] Getting historical prices for SPY, 1 bars, 
2024-07-10 21:35:55,702: root: WARNING: quote is not implemented for YahooData, but USD was passed as the quote
2024-07-10 21:35:55,702: root: WARNING: quote is not implemented for YahooData, but USD was passed as the quote
2024-07-10 21:35:55,703: asyncio: INFO: [MLTrader] Sleeping for 86400 seconds
2024-07-10 21:35:55,703: root: INFO: Current backtesting datetime 2020-07-31 15:00:00-05:00
2024-07-10 21:35:55,703: root: INFO: Current backtesting datetime 2020-08-01 08:30:00-05:00
2024-07-10 21:35:55,704: asyncio: INFO: [MLTrader] The market is not currently open, skipping this trading iteration
2024-07-10 21:35:55,704: asyncio: INFO: [MLTrader] Getting historical prices for SPY, 1 bars, 
2024-07-10 21:35:55,704: root: WARNING: quote is not implemented for YahooData, but USD was passed as the quote
2024-07-10 21:35:55,704: root: WARNING: quote is not implemented for YahooData, but USD was passed as the quote
2024-07-10 21:35:55,704: asyncio: INFO: [MLTrader] Getting historical prices for SPY, 1 bars, 
2024-07-10 21:35:55,704: root: WARNING: quote is not implemented for YahooData, but USD was passed as the quote
2024-07-10 21:35:55,704: root: WARNING: quote is not implemented for YahooData, but USD was passed as the quote
2024-07-10 21:35:55,705: asyncio: INFO: [MLTrader] Getting historical prices for SPY, 1 bars, 
2024-07-10 21:35:55,705: root: WARNING: quote is not implemented for YahooData, but USD was passed as the quote
2024-07-10 21:35:55,705: root: WARNING: quote is not implemented for YahooData, but USD was passed as the quote
2024-07-10 21:35:55,705: asyncio: INFO: [MLTrader] Getting historical prices for SPY, 1 bars, 
2024-07-10 21:35:55,705: root: WARNING: quote is not implemented for YahooData, but USD was passed as the quote
2024-07-10 21:35:55,705: root: WARNING: quote is not implemented for YahooData, but USD was passed as the quote
2024-07-10 21:35:55,705: root: INFO: Current backtesting datetime 2020-08-01 08:29:00-05:00
2024-07-10 21:35:55,706: asyncio: INFO: [MLTrader] Getting historical prices for SPY, 1 bars, 
2024-07-10 21:35:55,706: root: WARNING: quote is not implemented for YahooData, but USD was passed as the quote
2024-07-10 21:35:55,706: root: WARNING: quote is not implemented for YahooData, but USD was passed as the quote
2024-07-10 21:35:55,706: asyncio: INFO: [MLTrader] Getting historical prices for SPY, 1 bars, 
2024-07-10 21:35:55,706: root: WARNING: quote is not implemented for YahooData, but USD was passed as the quote
2024-07-10 21:35:55,706: root: WARNING: quote is not implemented for YahooData, but USD was passed as the quote
2024-07-10 21:35:55,707: root: INFO: Current backtesting datetime 2020-08-01 08:29:00-05:00
2024-07-10 21:35:55,707: asyncio: INFO: [MLTrader] Executing the after_market_closes lifecycle method
2024-07-10 21:35:55,707: asyncio: INFO: [MLTrader] Getting historical prices for SPY, 1 bars, 
2024-07-10 21:35:55,707: root: WARNING: quote is not implemented for YahooData, but USD was passed as the quote
2024-07-10 21:35:55,707: root: WARNING: quote is not implemented for YahooData, but USD was passed as the quote
2024-07-10 21:35:55,707: asyncio: INFO: [MLTrader] Getting historical prices for SPY, 1 bars, 
2024-07-10 21:35:55,707: root: WARNING: quote is not implemented for YahooData, but USD was passed as the quote
2024-07-10 21:35:55,707: root: WARNING: quote is not implemented for YahooData, but USD was passed as the quote
2024-07-10 21:35:55,707: root: INFO: Current backtesting datetime 2020-08-03 07:30:00-05:00
2024-07-10 21:35:55,708: root: WARNING: quote is not implemented for YahooData, but USD was passed as the quote
2024-07-10 21:35:55,708: root: WARNING: quote is not implemented for YahooData, but USD was passed as the quote
2024-07-10 21:35:55,708: asyncio: INFO: [MLTrader] Executing the before_market_opens lifecycle method
2024-07-10 21:35:55,708: asyncio: INFO: [MLTrader] Getting historical prices for SPY, 1 bars, 
2024-07-10 21:35:55,708: root: WARNING: quote is not implemented for YahooData, but USD was passed as the quote
2024-07-10 21:35:55,709: root: WARNING: quote is not implemented for YahooData, but USD was passed as the quote
2024-07-10 21:35:55,709: asyncio: INFO: [MLTrader] Getting historical prices for SPY, 1 bars, 
2024-07-10 21:35:55,709: root: WARNING: quote is not implemented for YahooData, but USD was passed as the quote
2024-07-10 21:35:55,709: root: WARNING: quote is not implemented for YahooData, but USD was passed as the quote
2024-07-10 21:35:55,709: root: INFO: Current backtesting datetime 2020-08-03 08:30:00-05:00
2024-07-10 21:35:55,709: asyncio: INFO: [MLTrader] Executing the before_starting_trading lifecycle method
2024-07-10 21:35:55,710: asyncio: INFO: [MLTrader] Executing the on_trading_iteration lifecycle method at 2024-07-10 21:35:55
2024-07-10 21:35:55,710: root: WARNING: quote is not implemented for YahooData, but USD was passed as the quote
2024-07-10 21:35:55,711: root: WARNING: quote is not implemented for YahooData, but USD was passed as the quote
2024-07-10 21:35:55,877: asyncio: INFO: [MLTrader] Trading iteration ended at 2024-07-10 21:35:55
2024-07-10 21:35:55,877: asyncio: INFO: [MLTrader] Getting historical prices for SPY, 1 bars, 
2024-07-10 21:35:55,877: root: WARNING: quote is not implemented for YahooData, but USD was passed as the quote
2024-07-10 21:35:55,878: root: WARNING: quote is not implemented for YahooData, but USD was passed as the quote
2024-07-10 21:35:55,878: asyncio: INFO: [MLTrader] Getting historical prices for SPY, 1 bars, 
2024-07-10 21:35:55,878: root: WARNING: quote is not implemented for YahooData, but USD was passed as the quote
2024-07-10 21:35:55,878: root: WARNING: quote is not implemented for YahooData, but USD was passed as the quote
2024-07-10 21:35:55,879: asyncio: INFO: [MLTrader] Sleeping for 86400 seconds
2024-07-10 21:35:55,879: root: INFO: Current backtesting datetime 2020-08-03 15:00:00-05:00
2024-07-10 21:35:55,879: root: INFO: Current backtesting datetime 2020-08-04 08:30:00-05:00
2024-07-10 21:35:55,880: asyncio: INFO: [MLTrader] Executing the on_trading_iteration lifecycle method at 2024-07-10 21:35:55
2024-07-10 21:35:55,880: root: WARNING: quote is not implemented for YahooData, but USD was passed as the quote
2024-07-10 21:35:55,880: root: WARNING: quote is not implemented for YahooData, but USD was passed as the quote
2024-07-10 21:35:56,020: asyncio: INFO: [MLTrader] Trading iteration ended at 2024-07-10 21:35:56
2024-07-10 21:35:56,020: asyncio: INFO: [MLTrader] Getting historical prices for SPY, 1 bars, 
2024-07-10 21:35:56,020: root: WARNING: quote is not implemented for YahooData, but USD was passed as the quote
2024-07-10 21:35:56,021: root: WARNING: quote is not implemented for YahooData, but USD was passed as the quote
2024-07-10 21:35:56,021: asyncio: INFO: [MLTrader] Getting historical prices for SPY, 1 bars, 
2024-07-10 21:35:56,021: root: WARNING: quote is not implemented for YahooData, but USD was passed as the quote
2024-07-10 21:35:56,021: root: WARNING: quote is not implemented for YahooData, but USD was passed as the quote
2024-07-10 21:35:56,022: asyncio: INFO: [MLTrader] Sleeping for 86400 seconds
2024-07-10 21:35:56,022: root: INFO: Current backtesting datetime 2020-08-04 15:00:00-05:00
2024-07-10 21:35:56,022: root: INFO: Current backtesting datetime 2020-08-05 08:30:00-05:00
2024-07-10 21:35:56,023: asyncio: INFO: [MLTrader] Executing the on_trading_iteration lifecycle method at 2024-07-10 21:35:56
2024-07-10 21:35:56,023: root: WARNING: quote is not implemented for YahooData, but USD was passed as the quote
2024-07-10 21:35:56,023: root: WARNING: quote is not implemented for YahooData, but USD was passed as the quote
2024-07-10 21:35:56,153: asyncio: INFO: [MLTrader] Trading iteration ended at 2024-07-10 21:35:56
2024-07-10 21:35:56,153: asyncio: INFO: [MLTrader] Getting historical prices for SPY, 1 bars, 
2024-07-10 21:35:56,153: root: WARNING: quote is not implemented for YahooData, but USD was passed as the quote
2024-07-10 21:35:56,154: root: WARNING: quote is not implemented for YahooData, but USD was passed as the quote
2024-07-10 21:35:56,165: asyncio: INFO: [MLTrader] Getting historical prices for SPY, 1 bars, 
2024-07-10 21:35:56,165: root: WARNING: quote is not implemented for YahooData, but USD was passed as the quote
2024-07-10 21:35:56,165: root: WARNING: quote is not implemented for YahooData, but USD was passed as the quote
2024-07-10 21:35:56,166: asyncio: INFO: [MLTrader] Sleeping for 86400 seconds
2024-07-10 21:35:56,167: root: INFO: Current backtesting datetime 2020-08-05 15:00:00-05:00
2024-07-10 21:35:56,167: root: INFO: Current backtesting datetime 2020-08-06 08:30:00-05:00
2024-07-10 21:35:56,173: asyncio: INFO: [MLTrader] Executing the on_trading_iteration lifecycle method at 2024-07-10 21:35:56
2024-07-10 21:35:56,173: root: WARNING: quote is not implemented for YahooData, but USD was passed as the quote
2024-07-10 21:35:56,174: root: WARNING: quote is not implemented for YahooData, but USD was passed as the quote
2024-07-10 21:35:56,444: asyncio: INFO: [MLTrader] Trading iteration ended at 2024-07-10 21:35:56
2024-07-10 21:35:56,444: asyncio: INFO: [MLTrader] Getting historical prices for SPY, 1 bars, 
2024-07-10 21:35:56,444: root: WARNING: quote is not implemented for YahooData, but USD was passed as the quote
2024-07-10 21:35:56,445: root: WARNING: quote is not implemented for YahooData, but USD was passed as the quote
2024-07-10 21:35:56,445: asyncio: INFO: [MLTrader] Getting historical prices for SPY, 1 bars, 
2024-07-10 21:35:56,445: root: WARNING: quote is not implemented for YahooData, but USD was passed as the quote
2024-07-10 21:35:56,445: root: WARNING: quote is not implemented for YahooData, but USD was passed as the quote
2024-07-10 21:35:56,446: asyncio: INFO: [MLTrader] Sleeping for 86400 seconds
2024-07-10 21:35:56,446: root: INFO: Current backtesting datetime 2020-08-06 15:00:00-05:00
2024-07-10 21:35:56,446: root: INFO: Current backtesting datetime 2020-08-07 08:30:00-05:00
2024-07-10 21:35:56,446: asyncio: INFO: [MLTrader] Executing the on_trading_iteration lifecycle method at 2024-07-10 21:35:56
2024-07-10 21:35:56,447: root: WARNING: quote is not implemented for YahooData, but USD was passed as the quote
2024-07-10 21:35:56,447: root: WARNING: quote is not implemented for YahooData, but USD was passed as the quote
2024-07-10 21:35:56,667: asyncio: INFO: [MLTrader] Trading iteration ended at 2024-07-10 21:35:56
2024-07-10 21:35:56,667: asyncio: INFO: [MLTrader] Getting historical prices for SPY, 1 bars, 
2024-07-10 21:35:56,667: root: WARNING: quote is not implemented for YahooData, but USD was passed as the quote
2024-07-10 21:35:56,668: root: WARNING: quote is not implemented for YahooData, but USD was passed as the quote
2024-07-10 21:35:56,668: asyncio: INFO: [MLTrader] Getting historical prices for SPY, 1 bars, 
2024-07-10 21:35:56,668: root: WARNING: quote is not implemented for YahooData, but USD was passed as the quote
2024-07-10 21:35:56,668: root: WARNING: quote is not implemented for YahooData, but USD was passed as the quote
2024-07-10 21:35:56,669: asyncio: INFO: [MLTrader] Sleeping for 86400 seconds
2024-07-10 21:35:56,669: root: INFO: Current backtesting datetime 2020-08-07 15:00:00-05:00
2024-07-10 21:35:56,669: root: INFO: Current backtesting datetime 2020-08-08 08:30:00-05:00
2024-07-10 21:35:56,670: asyncio: INFO: [MLTrader] The market is not currently open, skipping this trading iteration
2024-07-10 21:35:56,670: asyncio: INFO: [MLTrader] Getting historical prices for SPY, 1 bars, 
2024-07-10 21:35:56,670: root: WARNING: quote is not implemented for YahooData, but USD was passed as the quote
2024-07-10 21:35:56,670: root: WARNING: quote is not implemented for YahooData, but USD was passed as the quote
2024-07-10 21:35:56,670: asyncio: INFO: [MLTrader] Getting historical prices for SPY, 1 bars, 
2024-07-10 21:35:56,670: root: WARNING: quote is not implemented for YahooData, but USD was passed as the quote
2024-07-10 21:35:56,670: root: WARNING: quote is not implemented for YahooData, but USD was passed as the quote
2024-07-10 21:35:56,671: asyncio: INFO: [MLTrader] Getting historical prices for SPY, 1 bars, 
2024-07-10 21:35:56,671: root: WARNING: quote is not implemented for YahooData, but USD was passed as the quote
2024-07-10 21:35:56,671: root: WARNING: quote is not implemented for YahooData, but USD was passed as the quote
2024-07-10 21:35:56,671: asyncio: INFO: [MLTrader] Getting historical prices for SPY, 1 bars, 
2024-07-10 21:35:56,671: root: WARNING: quote is not implemented for YahooData, but USD was passed as the quote
2024-07-10 21:35:56,671: root: WARNING: quote is not implemented for YahooData, but USD was passed as the quote
2024-07-10 21:35:56,671: root: INFO: Current backtesting datetime 2020-08-08 08:29:00-05:00
2024-07-10 21:35:56,672: asyncio: INFO: [MLTrader] Getting historical prices for SPY, 1 bars, 
2024-07-10 21:35:56,672: root: WARNING: quote is not implemented for YahooData, but USD was passed as the quote
2024-07-10 21:35:56,672: root: WARNING: quote is not implemented for YahooData, but USD was passed as the quote
2024-07-10 21:35:56,672: asyncio: INFO: [MLTrader] Getting historical prices for SPY, 1 bars, 
2024-07-10 21:35:56,672: root: WARNING: quote is not implemented for YahooData, but USD was passed as the quote
2024-07-10 21:35:56,672: root: WARNING: quote is not implemented for YahooData, but USD was passed as the quote
2024-07-10 21:35:56,672: root: INFO: Current backtesting datetime 2020-08-08 08:29:00-05:00
2024-07-10 21:35:56,672: asyncio: INFO: [MLTrader] Executing the after_market_closes lifecycle method
2024-07-10 21:35:56,673: asyncio: INFO: [MLTrader] Getting historical prices for SPY, 1 bars, 
2024-07-10 21:35:56,673: root: WARNING: quote is not implemented for YahooData, but USD was passed as the quote
2024-07-10 21:35:56,673: root: WARNING: quote is not implemented for YahooData, but USD was passed as the quote
2024-07-10 21:35:56,673: asyncio: INFO: [MLTrader] Getting historical prices for SPY, 1 bars, 
2024-07-10 21:35:56,673: root: WARNING: quote is not implemented for YahooData, but USD was passed as the quote
2024-07-10 21:35:56,673: root: WARNING: quote is not implemented for YahooData, but USD was passed as the quote
2024-07-10 21:35:56,673: root: INFO: Current backtesting datetime 2020-08-10 07:30:00-05:00
2024-07-10 21:35:56,674: root: WARNING: quote is not implemented for YahooData, but USD was passed as the quote
2024-07-10 21:35:56,674: root: WARNING: quote is not implemented for YahooData, but USD was passed as the quote
2024-07-10 21:35:56,674: asyncio: INFO: [MLTrader] Executing the before_market_opens lifecycle method
2024-07-10 21:35:56,674: asyncio: INFO: [MLTrader] Getting historical prices for SPY, 1 bars, 
2024-07-10 21:35:56,674: root: WARNING: quote is not implemented for YahooData, but USD was passed as the quote
2024-07-10 21:35:56,675: root: WARNING: quote is not implemented for YahooData, but USD was passed as the quote
2024-07-10 21:35:56,675: asyncio: INFO: [MLTrader] Getting historical prices for SPY, 1 bars, 
2024-07-10 21:35:56,675: root: WARNING: quote is not implemented for YahooData, but USD was passed as the quote
2024-07-10 21:35:56,675: root: WARNING: quote is not implemented for YahooData, but USD was passed as the quote
2024-07-10 21:35:56,675: root: INFO: Current backtesting datetime 2020-08-10 08:30:00-05:00
2024-07-10 21:35:56,675: asyncio: INFO: [MLTrader] Executing the before_starting_trading lifecycle method
2024-07-10 21:35:56,676: asyncio: INFO: [MLTrader] Executing the on_trading_iteration lifecycle method at 2024-07-10 21:35:56
2024-07-10 21:35:56,676: root: WARNING: quote is not implemented for YahooData, but USD was passed as the quote
2024-07-10 21:35:56,676: root: WARNING: quote is not implemented for YahooData, but USD was passed as the quote
2024-07-10 21:35:56,890: asyncio: INFO: [MLTrader] Trading iteration ended at 2024-07-10 21:35:56
2024-07-10 21:35:56,890: asyncio: INFO: [MLTrader] Getting historical prices for SPY, 1 bars, 
2024-07-10 21:35:56,890: root: WARNING: quote is not implemented for YahooData, but USD was passed as the quote
2024-07-10 21:35:56,891: root: WARNING: quote is not implemented for YahooData, but USD was passed as the quote
2024-07-10 21:35:56,891: asyncio: INFO: [MLTrader] Getting historical prices for SPY, 1 bars, 
2024-07-10 21:35:56,891: root: WARNING: quote is not implemented for YahooData, but USD was passed as the quote
2024-07-10 21:35:56,891: root: WARNING: quote is not implemented for YahooData, but USD was passed as the quote
2024-07-10 21:35:56,892: asyncio: INFO: [MLTrader] Sleeping for 86400 seconds
2024-07-10 21:35:56,892: root: INFO: Current backtesting datetime 2020-08-10 15:00:00-05:00
2024-07-10 21:35:56,892: root: INFO: Current backtesting datetime 2020-08-11 08:30:00-05:00
2024-07-10 21:35:56,893: asyncio: INFO: [MLTrader] Executing the on_trading_iteration lifecycle method at 2024-07-10 21:35:56
2024-07-10 21:35:56,893: root: WARNING: quote is not implemented for YahooData, but USD was passed as the quote
2024-07-10 21:35:56,893: root: WARNING: quote is not implemented for YahooData, but USD was passed as the quote
2024-07-10 21:35:57,050: asyncio: INFO: [MLTrader] Trading iteration ended at 2024-07-10 21:35:57
2024-07-10 21:35:57,050: asyncio: INFO: [MLTrader] Getting historical prices for SPY, 1 bars, 
2024-07-10 21:35:57,050: root: WARNING: quote is not implemented for YahooData, but USD was passed as the quote
2024-07-10 21:35:57,051: root: WARNING: quote is not implemented for YahooData, but USD was passed as the quote
2024-07-10 21:35:57,065: asyncio: INFO: [MLTrader] Getting historical prices for SPY, 1 bars, 
2024-07-10 21:35:57,065: root: WARNING: quote is not implemented for YahooData, but USD was passed as the quote
2024-07-10 21:35:57,066: root: WARNING: quote is not implemented for YahooData, but USD was passed as the quote
2024-07-10 21:35:57,067: asyncio: INFO: [MLTrader] Sleeping for 86400 seconds
2024-07-10 21:35:57,067: root: INFO: Current backtesting datetime 2020-08-11 15:00:00-05:00
2024-07-10 21:35:57,067: root: INFO: Current backtesting datetime 2020-08-12 08:30:00-05:00
2024-07-10 21:35:57,079: asyncio: INFO: [MLTrader] Executing the on_trading_iteration lifecycle method at 2024-07-10 21:35:57
2024-07-10 21:35:57,079: root: WARNING: quote is not implemented for YahooData, but USD was passed as the quote
2024-07-10 21:35:57,080: root: WARNING: quote is not implemented for YahooData, but USD was passed as the quote
2024-07-10 21:35:57,235: asyncio: INFO: [MLTrader] Trading iteration ended at 2024-07-10 21:35:57
2024-07-10 21:35:57,235: asyncio: INFO: [MLTrader] Getting historical prices for SPY, 1 bars, 
2024-07-10 21:35:57,235: root: WARNING: quote is not implemented for YahooData, but USD was passed as the quote
2024-07-10 21:35:57,235: root: WARNING: quote is not implemented for YahooData, but USD was passed as the quote
2024-07-10 21:35:57,236: asyncio: INFO: [MLTrader] Getting historical prices for SPY, 1 bars, 
2024-07-10 21:35:57,236: root: WARNING: quote is not implemented for YahooData, but USD was passed as the quote
2024-07-10 21:35:57,236: root: WARNING: quote is not implemented for YahooData, but USD was passed as the quote
2024-07-10 21:35:57,236: asyncio: INFO: [MLTrader] Sleeping for 86400 seconds
2024-07-10 21:35:57,237: root: INFO: Current backtesting datetime 2020-08-12 15:00:00-05:00
2024-07-10 21:35:57,237: root: INFO: Current backtesting datetime 2020-08-13 08:30:00-05:00
2024-07-10 21:35:57,237: asyncio: INFO: [MLTrader] Executing the on_trading_iteration lifecycle method at 2024-07-10 21:35:57
2024-07-10 21:35:57,237: root: WARNING: quote is not implemented for YahooData, but USD was passed as the quote
2024-07-10 21:35:57,238: root: WARNING: quote is not implemented for YahooData, but USD was passed as the quote
2024-07-10 21:35:57,405: asyncio: INFO: [MLTrader] Trading iteration ended at 2024-07-10 21:35:57
2024-07-10 21:35:57,406: asyncio: INFO: [MLTrader] Getting historical prices for SPY, 1 bars, 
2024-07-10 21:35:57,406: root: WARNING: quote is not implemented for YahooData, but USD was passed as the quote
2024-07-10 21:35:57,406: root: WARNING: quote is not implemented for YahooData, but USD was passed as the quote
2024-07-10 21:35:57,406: asyncio: INFO: [MLTrader] Getting historical prices for SPY, 1 bars, 
2024-07-10 21:35:57,406: root: WARNING: quote is not implemented for YahooData, but USD was passed as the quote
2024-07-10 21:35:57,407: root: WARNING: quote is not implemented for YahooData, but USD was passed as the quote
2024-07-10 21:35:57,407: asyncio: INFO: [MLTrader] Sleeping for 86400 seconds
2024-07-10 21:35:57,407: root: INFO: Current backtesting datetime 2020-08-13 15:00:00-05:00
2024-07-10 21:35:57,408: root: INFO: Current backtesting datetime 2020-08-14 08:30:00-05:00
2024-07-10 21:35:57,408: asyncio: INFO: [MLTrader] Executing the on_trading_iteration lifecycle method at 2024-07-10 21:35:57
2024-07-10 21:35:57,408: root: WARNING: quote is not implemented for YahooData, but USD was passed as the quote
2024-07-10 21:35:57,409: root: WARNING: quote is not implemented for YahooData, but USD was passed as the quote
2024-07-10 21:35:57,615: asyncio: INFO: [MLTrader] Trading iteration ended at 2024-07-10 21:35:57
2024-07-10 21:35:57,615: asyncio: INFO: [MLTrader] Getting historical prices for SPY, 1 bars, 
2024-07-10 21:35:57,615: root: WARNING: quote is not implemented for YahooData, but USD was passed as the quote
2024-07-10 21:35:57,616: root: WARNING: quote is not implemented for YahooData, but USD was passed as the quote
2024-07-10 21:35:57,616: asyncio: INFO: [MLTrader] Getting historical prices for SPY, 1 bars, 
2024-07-10 21:35:57,616: root: WARNING: quote is not implemented for YahooData, but USD was passed as the quote
2024-07-10 21:35:57,616: root: WARNING: quote is not implemented for YahooData, but USD was passed as the quote
2024-07-10 21:35:57,616: asyncio: INFO: [MLTrader] Sleeping for 86400 seconds
2024-07-10 21:35:57,617: root: INFO: Current backtesting datetime 2020-08-14 15:00:00-05:00
2024-07-10 21:35:57,617: root: INFO: Current backtesting datetime 2020-08-15 08:30:00-05:00
2024-07-10 21:35:57,617: asyncio: INFO: [MLTrader] The market is not currently open, skipping this trading iteration
2024-07-10 21:35:57,617: asyncio: INFO: [MLTrader] Getting historical prices for SPY, 1 bars, 
2024-07-10 21:35:57,617: root: WARNING: quote is not implemented for YahooData, but USD was passed as the quote
2024-07-10 21:35:57,618: root: WARNING: quote is not implemented for YahooData, but USD was passed as the quote
2024-07-10 21:35:57,618: asyncio: INFO: [MLTrader] Getting historical prices for SPY, 1 bars, 
2024-07-10 21:35:57,618: root: WARNING: quote is not implemented for YahooData, but USD was passed as the quote
2024-07-10 21:35:57,618: root: WARNING: quote is not implemented for YahooData, but USD was passed as the quote
2024-07-10 21:35:57,618: asyncio: INFO: [MLTrader] Getting historical prices for SPY, 1 bars, 
2024-07-10 21:35:57,618: root: WARNING: quote is not implemented for YahooData, but USD was passed as the quote
2024-07-10 21:35:57,619: root: WARNING: quote is not implemented for YahooData, but USD was passed as the quote
2024-07-10 21:35:57,619: asyncio: INFO: [MLTrader] Getting historical prices for SPY, 1 bars, 
2024-07-10 21:35:57,619: root: WARNING: quote is not implemented for YahooData, but USD was passed as the quote
2024-07-10 21:35:57,619: root: WARNING: quote is not implemented for YahooData, but USD was passed as the quote
2024-07-10 21:35:57,619: root: INFO: Current backtesting datetime 2020-08-15 08:29:00-05:00
2024-07-10 21:35:57,619: asyncio: INFO: [MLTrader] Getting historical prices for SPY, 1 bars, 
2024-07-10 21:35:57,619: root: WARNING: quote is not implemented for YahooData, but USD was passed as the quote
2024-07-10 21:35:57,620: root: WARNING: quote is not implemented for YahooData, but USD was passed as the quote
2024-07-10 21:35:57,620: asyncio: INFO: [MLTrader] Getting historical prices for SPY, 1 bars, 
2024-07-10 21:35:57,620: root: WARNING: quote is not implemented for YahooData, but USD was passed as the quote
2024-07-10 21:35:57,620: root: WARNING: quote is not implemented for YahooData, but USD was passed as the quote
2024-07-10 21:35:57,620: root: INFO: Current backtesting datetime 2020-08-15 08:29:00-05:00
2024-07-10 21:35:57,620: asyncio: INFO: [MLTrader] Executing the after_market_closes lifecycle method
2024-07-10 21:35:57,620: asyncio: INFO: [MLTrader] Getting historical prices for SPY, 1 bars, 
2024-07-10 21:35:57,620: root: WARNING: quote is not implemented for YahooData, but USD was passed as the quote
2024-07-10 21:35:57,621: root: WARNING: quote is not implemented for YahooData, but USD was passed as the quote
2024-07-10 21:35:57,621: asyncio: INFO: [MLTrader] Getting historical prices for SPY, 1 bars, 
2024-07-10 21:35:57,621: root: WARNING: quote is not implemented for YahooData, but USD was passed as the quote
2024-07-10 21:35:57,621: root: WARNING: quote is not implemented for YahooData, but USD was passed as the quote
2024-07-10 21:35:57,621: root: INFO: Current backtesting datetime 2020-08-17 07:30:00-05:00
2024-07-10 21:35:57,621: root: WARNING: quote is not implemented for YahooData, but USD was passed as the quote
2024-07-10 21:35:57,622: root: WARNING: quote is not implemented for YahooData, but USD was passed as the quote
2024-07-10 21:35:57,622: asyncio: INFO: [MLTrader] Executing the before_market_opens lifecycle method
2024-07-10 21:35:57,622: asyncio: INFO: [MLTrader] Getting historical prices for SPY, 1 bars, 
2024-07-10 21:35:57,622: root: WARNING: quote is not implemented for YahooData, but USD was passed as the quote
2024-07-10 21:35:57,622: root: WARNING: quote is not implemented for YahooData, but USD was passed as the quote
2024-07-10 21:35:57,622: asyncio: INFO: [MLTrader] Getting historical prices for SPY, 1 bars, 
2024-07-10 21:35:57,622: root: WARNING: quote is not implemented for YahooData, but USD was passed as the quote
2024-07-10 21:35:57,623: root: WARNING: quote is not implemented for YahooData, but USD was passed as the quote
2024-07-10 21:35:57,623: root: INFO: Current backtesting datetime 2020-08-17 08:30:00-05:00
2024-07-10 21:35:57,623: asyncio: INFO: [MLTrader] Executing the before_starting_trading lifecycle method
2024-07-10 21:35:57,624: asyncio: INFO: [MLTrader] Executing the on_trading_iteration lifecycle method at 2024-07-10 21:35:57
2024-07-10 21:35:57,624: root: WARNING: quote is not implemented for YahooData, but USD was passed as the quote
2024-07-10 21:35:57,624: root: WARNING: quote is not implemented for YahooData, but USD was passed as the quote
2024-07-10 21:35:57,808: asyncio: INFO: [MLTrader] Trading iteration ended at 2024-07-10 21:35:57
2024-07-10 21:35:57,808: asyncio: INFO: [MLTrader] Getting historical prices for SPY, 1 bars, 
2024-07-10 21:35:57,808: root: WARNING: quote is not implemented for YahooData, but USD was passed as the quote
2024-07-10 21:35:57,808: root: WARNING: quote is not implemented for YahooData, but USD was passed as the quote
2024-07-10 21:35:57,821: asyncio: INFO: [MLTrader] Getting historical prices for SPY, 1 bars, 
2024-07-10 21:35:57,821: root: WARNING: quote is not implemented for YahooData, but USD was passed as the quote
2024-07-10 21:35:57,821: root: WARNING: quote is not implemented for YahooData, but USD was passed as the quote
2024-07-10 21:35:57,822: asyncio: INFO: [MLTrader] Sleeping for 86400 seconds
2024-07-10 21:35:57,822: root: INFO: Current backtesting datetime 2020-08-17 15:00:00-05:00
2024-07-10 21:35:57,822: root: INFO: Current backtesting datetime 2020-08-18 08:30:00-05:00
2024-07-10 21:35:57,831: asyncio: INFO: [MLTrader] Executing the on_trading_iteration lifecycle method at 2024-07-10 21:35:57
2024-07-10 21:35:57,831: root: WARNING: quote is not implemented for YahooData, but USD was passed as the quote
2024-07-10 21:35:57,832: root: WARNING: quote is not implemented for YahooData, but USD was passed as the quote
2024-07-10 21:35:57,991: asyncio: INFO: [MLTrader] Trading iteration ended at 2024-07-10 21:35:57
2024-07-10 21:35:57,992: asyncio: INFO: [MLTrader] Getting historical prices for SPY, 1 bars, 
2024-07-10 21:35:57,992: root: WARNING: quote is not implemented for YahooData, but USD was passed as the quote
2024-07-10 21:35:57,992: root: WARNING: quote is not implemented for YahooData, but USD was passed as the quote
2024-07-10 21:35:57,992: asyncio: INFO: [MLTrader] Getting historical prices for SPY, 1 bars, 
2024-07-10 21:35:57,992: root: WARNING: quote is not implemented for YahooData, but USD was passed as the quote
2024-07-10 21:35:57,993: root: WARNING: quote is not implemented for YahooData, but USD was passed as the quote
2024-07-10 21:35:57,993: asyncio: INFO: [MLTrader] Sleeping for 86400 seconds
2024-07-10 21:35:57,993: root: INFO: Current backtesting datetime 2020-08-18 15:00:00-05:00
2024-07-10 21:35:57,993: root: INFO: Current backtesting datetime 2020-08-19 08:30:00-05:00
2024-07-10 21:35:57,994: asyncio: INFO: [MLTrader] Executing the on_trading_iteration lifecycle method at 2024-07-10 21:35:57
2024-07-10 21:35:57,994: root: WARNING: quote is not implemented for YahooData, but USD was passed as the quote
2024-07-10 21:35:57,995: root: WARNING: quote is not implemented for YahooData, but USD was passed as the quote
2024-07-10 21:35:58,195: asyncio: INFO: [MLTrader] Trading iteration ended at 2024-07-10 21:35:58
2024-07-10 21:35:58,195: asyncio: INFO: [MLTrader] Getting historical prices for SPY, 1 bars, 
2024-07-10 21:35:58,195: root: WARNING: quote is not implemented for YahooData, but USD was passed as the quote
2024-07-10 21:35:58,196: root: WARNING: quote is not implemented for YahooData, but USD was passed as the quote
2024-07-10 21:35:58,196: asyncio: INFO: [MLTrader] Getting historical prices for SPY, 1 bars, 
2024-07-10 21:35:58,196: root: WARNING: quote is not implemented for YahooData, but USD was passed as the quote
2024-07-10 21:35:58,196: root: WARNING: quote is not implemented for YahooData, but USD was passed as the quote
2024-07-10 21:35:58,197: asyncio: INFO: [MLTrader] Sleeping for 86400 seconds
2024-07-10 21:35:58,197: root: INFO: Current backtesting datetime 2020-08-19 15:00:00-05:00
2024-07-10 21:35:58,197: root: INFO: Current backtesting datetime 2020-08-20 08:30:00-05:00
2024-07-10 21:35:58,197: asyncio: INFO: [MLTrader] Executing the on_trading_iteration lifecycle method at 2024-07-10 21:35:58
2024-07-10 21:35:58,198: root: WARNING: quote is not implemented for YahooData, but USD was passed as the quote
2024-07-10 21:35:58,198: root: WARNING: quote is not implemented for YahooData, but USD was passed as the quote
2024-07-10 21:35:58,366: asyncio: INFO: [MLTrader] Trading iteration ended at 2024-07-10 21:35:58
2024-07-10 21:35:58,366: asyncio: INFO: [MLTrader] Getting historical prices for SPY, 1 bars, 
2024-07-10 21:35:58,366: root: WARNING: quote is not implemented for YahooData, but USD was passed as the quote
2024-07-10 21:35:58,367: root: WARNING: quote is not implemented for YahooData, but USD was passed as the quote
2024-07-10 21:35:58,367: asyncio: INFO: [MLTrader] Getting historical prices for SPY, 1 bars, 
2024-07-10 21:35:58,367: root: WARNING: quote is not implemented for YahooData, but USD was passed as the quote
2024-07-10 21:35:58,367: root: WARNING: quote is not implemented for YahooData, but USD was passed as the quote
2024-07-10 21:35:58,368: asyncio: INFO: [MLTrader] Sleeping for 86400 seconds
2024-07-10 21:35:58,368: root: INFO: Current backtesting datetime 2020-08-20 15:00:00-05:00
2024-07-10 21:35:58,368: root: INFO: Current backtesting datetime 2020-08-21 08:30:00-05:00
2024-07-10 21:35:58,369: asyncio: INFO: [MLTrader] Executing the on_trading_iteration lifecycle method at 2024-07-10 21:35:58
2024-07-10 21:35:58,369: root: WARNING: quote is not implemented for YahooData, but USD was passed as the quote
2024-07-10 21:35:58,369: root: WARNING: quote is not implemented for YahooData, but USD was passed as the quote
2024-07-10 21:35:58,535: asyncio: INFO: [MLTrader] Trading iteration ended at 2024-07-10 21:35:58
2024-07-10 21:35:58,535: asyncio: INFO: [MLTrader] Getting historical prices for SPY, 1 bars, 
2024-07-10 21:35:58,535: root: WARNING: quote is not implemented for YahooData, but USD was passed as the quote
2024-07-10 21:35:58,535: root: WARNING: quote is not implemented for YahooData, but USD was passed as the quote
2024-07-10 21:35:58,536: asyncio: INFO: [MLTrader] Getting historical prices for SPY, 1 bars, 
2024-07-10 21:35:58,548: root: WARNING: quote is not implemented for YahooData, but USD was passed as the quote
2024-07-10 21:35:58,548: root: WARNING: quote is not implemented for YahooData, but USD was passed as the quote
2024-07-10 21:35:58,550: asyncio: INFO: [MLTrader] Sleeping for 86400 seconds
2024-07-10 21:35:58,550: root: INFO: Current backtesting datetime 2020-08-21 15:00:00-05:00
2024-07-10 21:35:58,550: root: INFO: Current backtesting datetime 2020-08-22 08:30:00-05:00
2024-07-10 21:35:58,550: asyncio: INFO: [MLTrader] The market is not currently open, skipping this trading iteration
2024-07-10 21:35:58,551: asyncio: INFO: [MLTrader] Getting historical prices for SPY, 1 bars, 
2024-07-10 21:35:58,551: root: WARNING: quote is not implemented for YahooData, but USD was passed as the quote
2024-07-10 21:35:58,551: root: WARNING: quote is not implemented for YahooData, but USD was passed as the quote
2024-07-10 21:35:58,551: asyncio: INFO: [MLTrader] Getting historical prices for SPY, 1 bars, 
2024-07-10 21:35:58,551: root: WARNING: quote is not implemented for YahooData, but USD was passed as the quote
2024-07-10 21:35:58,551: root: WARNING: quote is not implemented for YahooData, but USD was passed as the quote
2024-07-10 21:35:58,552: asyncio: INFO: [MLTrader] Getting historical prices for SPY, 1 bars, 
2024-07-10 21:35:58,552: root: WARNING: quote is not implemented for YahooData, but USD was passed as the quote
2024-07-10 21:35:58,552: root: WARNING: quote is not implemented for YahooData, but USD was passed as the quote
2024-07-10 21:35:58,552: asyncio: INFO: [MLTrader] Getting historical prices for SPY, 1 bars, 
2024-07-10 21:35:58,552: root: WARNING: quote is not implemented for YahooData, but USD was passed as the quote
2024-07-10 21:35:58,552: root: WARNING: quote is not implemented for YahooData, but USD was passed as the quote
2024-07-10 21:35:58,553: root: INFO: Current backtesting datetime 2020-08-22 08:29:00-05:00
2024-07-10 21:35:58,553: asyncio: INFO: [MLTrader] Getting historical prices for SPY, 1 bars, 
2024-07-10 21:35:58,553: root: WARNING: quote is not implemented for YahooData, but USD was passed as the quote
2024-07-10 21:35:58,553: root: WARNING: quote is not implemented for YahooData, but USD was passed as the quote
2024-07-10 21:35:58,553: asyncio: INFO: [MLTrader] Getting historical prices for SPY, 1 bars, 
2024-07-10 21:35:58,553: root: WARNING: quote is not implemented for YahooData, but USD was passed as the quote
2024-07-10 21:35:58,553: root: WARNING: quote is not implemented for YahooData, but USD was passed as the quote
2024-07-10 21:35:58,554: root: INFO: Current backtesting datetime 2020-08-22 08:29:00-05:00
2024-07-10 21:35:58,554: asyncio: INFO: [MLTrader] Executing the after_market_closes lifecycle method
2024-07-10 21:35:58,554: asyncio: INFO: [MLTrader] Getting historical prices for SPY, 1 bars, 
2024-07-10 21:35:58,554: root: WARNING: quote is not implemented for YahooData, but USD was passed as the quote
2024-07-10 21:35:58,554: root: WARNING: quote is not implemented for YahooData, but USD was passed as the quote
2024-07-10 21:35:58,554: asyncio: INFO: [MLTrader] Getting historical prices for SPY, 1 bars, 
2024-07-10 21:35:58,554: root: WARNING: quote is not implemented for YahooData, but USD was passed as the quote
2024-07-10 21:35:58,554: root: WARNING: quote is not implemented for YahooData, but USD was passed as the quote
2024-07-10 21:35:58,554: root: INFO: Current backtesting datetime 2020-08-24 07:30:00-05:00
2024-07-10 21:35:58,555: root: WARNING: quote is not implemented for YahooData, but USD was passed as the quote
2024-07-10 21:35:58,555: root: WARNING: quote is not implemented for YahooData, but USD was passed as the quote
2024-07-10 21:35:58,555: asyncio: INFO: [MLTrader] Executing the before_market_opens lifecycle method
2024-07-10 21:35:58,555: asyncio: INFO: [MLTrader] Getting historical prices for SPY, 1 bars, 
2024-07-10 21:35:58,555: root: WARNING: quote is not implemented for YahooData, but USD was passed as the quote
2024-07-10 21:35:58,555: root: WARNING: quote is not implemented for YahooData, but USD was passed as the quote
2024-07-10 21:35:58,556: asyncio: INFO: [MLTrader] Getting historical prices for SPY, 1 bars, 
2024-07-10 21:35:58,556: root: WARNING: quote is not implemented for YahooData, but USD was passed as the quote
2024-07-10 21:35:58,556: root: WARNING: quote is not implemented for YahooData, but USD was passed as the quote
2024-07-10 21:35:58,556: root: INFO: Current backtesting datetime 2020-08-24 08:30:00-05:00
2024-07-10 21:35:58,556: asyncio: INFO: [MLTrader] Executing the before_starting_trading lifecycle method
2024-07-10 21:35:58,563: asyncio: INFO: [MLTrader] Executing the on_trading_iteration lifecycle method at 2024-07-10 21:35:58
2024-07-10 21:35:58,563: root: WARNING: quote is not implemented for YahooData, but USD was passed as the quote
2024-07-10 21:35:58,564: root: WARNING: quote is not implemented for YahooData, but USD was passed as the quote
2024-07-10 21:35:58,686: asyncio: INFO: [MLTrader] Trading iteration ended at 2024-07-10 21:35:58
2024-07-10 21:35:58,687: asyncio: INFO: [MLTrader] Getting historical prices for SPY, 1 bars, 
2024-07-10 21:35:58,687: root: WARNING: quote is not implemented for YahooData, but USD was passed as the quote
2024-07-10 21:35:58,687: root: WARNING: quote is not implemented for YahooData, but USD was passed as the quote
2024-07-10 21:35:58,687: asyncio: INFO: [MLTrader] Getting historical prices for SPY, 1 bars, 
2024-07-10 21:35:58,687: root: WARNING: quote is not implemented for YahooData, but USD was passed as the quote
2024-07-10 21:35:58,688: root: WARNING: quote is not implemented for YahooData, but USD was passed as the quote
2024-07-10 21:35:58,688: asyncio: INFO: [MLTrader] Sleeping for 86400 seconds
2024-07-10 21:35:58,689: root: INFO: Current backtesting datetime 2020-08-24 15:00:00-05:00
2024-07-10 21:35:58,689: root: INFO: Current backtesting datetime 2020-08-25 08:30:00-05:00
2024-07-10 21:35:58,689: asyncio: INFO: [MLTrader] Executing the on_trading_iteration lifecycle method at 2024-07-10 21:35:58
2024-07-10 21:35:58,689: root: WARNING: quote is not implemented for YahooData, but USD was passed as the quote
2024-07-10 21:35:58,690: root: WARNING: quote is not implemented for YahooData, but USD was passed as the quote
2024-07-10 21:35:58,849: asyncio: INFO: [MLTrader] Trading iteration ended at 2024-07-10 21:35:58
2024-07-10 21:35:58,849: asyncio: INFO: [MLTrader] Getting historical prices for SPY, 1 bars, 
2024-07-10 21:35:58,849: root: WARNING: quote is not implemented for YahooData, but USD was passed as the quote
2024-07-10 21:35:58,849: root: WARNING: quote is not implemented for YahooData, but USD was passed as the quote
2024-07-10 21:35:58,850: asyncio: INFO: [MLTrader] Getting historical prices for SPY, 1 bars, 
2024-07-10 21:35:58,850: root: WARNING: quote is not implemented for YahooData, but USD was passed as the quote
2024-07-10 21:35:58,850: root: WARNING: quote is not implemented for YahooData, but USD was passed as the quote
2024-07-10 21:35:58,850: asyncio: INFO: [MLTrader] Sleeping for 86400 seconds
2024-07-10 21:35:58,851: root: INFO: Current backtesting datetime 2020-08-25 15:00:00-05:00
2024-07-10 21:35:58,851: root: INFO: Current backtesting datetime 2020-08-26 08:30:00-05:00
2024-07-10 21:35:58,851: asyncio: INFO: [MLTrader] Executing the on_trading_iteration lifecycle method at 2024-07-10 21:35:58
2024-07-10 21:35:58,851: root: WARNING: quote is not implemented for YahooData, but USD was passed as the quote
2024-07-10 21:35:58,852: root: WARNING: quote is not implemented for YahooData, but USD was passed as the quote
2024-07-10 21:35:58,980: asyncio: INFO: [MLTrader] Trading iteration ended at 2024-07-10 21:35:58
2024-07-10 21:35:58,981: asyncio: INFO: [MLTrader] Getting historical prices for SPY, 1 bars, 
2024-07-10 21:35:58,981: root: WARNING: quote is not implemented for YahooData, but USD was passed as the quote
2024-07-10 21:35:58,981: root: WARNING: quote is not implemented for YahooData, but USD was passed as the quote
2024-07-10 21:35:58,981: asyncio: INFO: [MLTrader] Getting historical prices for SPY, 1 bars, 
2024-07-10 21:35:58,981: root: WARNING: quote is not implemented for YahooData, but USD was passed as the quote
2024-07-10 21:35:58,982: root: WARNING: quote is not implemented for YahooData, but USD was passed as the quote
2024-07-10 21:35:58,982: asyncio: INFO: [MLTrader] Sleeping for 86400 seconds
2024-07-10 21:35:58,982: root: INFO: Current backtesting datetime 2020-08-26 15:00:00-05:00
2024-07-10 21:35:58,982: root: INFO: Current backtesting datetime 2020-08-27 08:30:00-05:00
2024-07-10 21:35:58,983: asyncio: INFO: [MLTrader] Executing the on_trading_iteration lifecycle method at 2024-07-10 21:35:58
2024-07-10 21:35:58,983: root: WARNING: quote is not implemented for YahooData, but USD was passed as the quote
2024-07-10 21:35:58,984: root: WARNING: quote is not implemented for YahooData, but USD was passed as the quote
2024-07-10 21:35:59,141: asyncio: INFO: [MLTrader] Trading iteration ended at 2024-07-10 21:35:59
2024-07-10 21:35:59,141: asyncio: INFO: [MLTrader] Getting historical prices for SPY, 1 bars, 
2024-07-10 21:35:59,141: root: WARNING: quote is not implemented for YahooData, but USD was passed as the quote
2024-07-10 21:35:59,141: root: WARNING: quote is not implemented for YahooData, but USD was passed as the quote
2024-07-10 21:35:59,142: asyncio: INFO: [MLTrader] Getting historical prices for SPY, 1 bars, 
2024-07-10 21:35:59,150: root: WARNING: quote is not implemented for YahooData, but USD was passed as the quote
2024-07-10 21:35:59,150: root: WARNING: quote is not implemented for YahooData, but USD was passed as the quote
2024-07-10 21:35:59,151: asyncio: INFO: [MLTrader] Sleeping for 86400 seconds
2024-07-10 21:35:59,151: root: INFO: Current backtesting datetime 2020-08-27 15:00:00-05:00
2024-07-10 21:35:59,151: root: INFO: Current backtesting datetime 2020-08-28 08:30:00-05:00
2024-07-10 21:35:59,156: asyncio: INFO: [MLTrader] Executing the on_trading_iteration lifecycle method at 2024-07-10 21:35:59
2024-07-10 21:35:59,156: root: WARNING: quote is not implemented for YahooData, but USD was passed as the quote
2024-07-10 21:35:59,157: root: WARNING: quote is not implemented for YahooData, but USD was passed as the quote
2024-07-10 21:35:59,321: asyncio: INFO: [MLTrader] Trading iteration ended at 2024-07-10 21:35:59
2024-07-10 21:35:59,321: asyncio: INFO: [MLTrader] Getting historical prices for SPY, 1 bars, 
2024-07-10 21:35:59,321: root: WARNING: quote is not implemented for YahooData, but USD was passed as the quote
2024-07-10 21:35:59,322: root: WARNING: quote is not implemented for YahooData, but USD was passed as the quote
2024-07-10 21:35:59,322: asyncio: INFO: [MLTrader] Getting historical prices for SPY, 1 bars, 
2024-07-10 21:35:59,322: root: WARNING: quote is not implemented for YahooData, but USD was passed as the quote
2024-07-10 21:35:59,322: root: WARNING: quote is not implemented for YahooData, but USD was passed as the quote
2024-07-10 21:35:59,322: asyncio: INFO: [MLTrader] Sleeping for 86400 seconds
2024-07-10 21:35:59,323: root: INFO: Current backtesting datetime 2020-08-28 15:00:00-05:00
2024-07-10 21:35:59,323: root: INFO: Current backtesting datetime 2020-08-29 08:30:00-05:00
2024-07-10 21:35:59,323: asyncio: INFO: [MLTrader] The market is not currently open, skipping this trading iteration
2024-07-10 21:35:59,323: asyncio: INFO: [MLTrader] Getting historical prices for SPY, 1 bars, 
2024-07-10 21:35:59,323: root: WARNING: quote is not implemented for YahooData, but USD was passed as the quote
2024-07-10 21:35:59,324: root: WARNING: quote is not implemented for YahooData, but USD was passed as the quote
2024-07-10 21:35:59,324: asyncio: INFO: [MLTrader] Getting historical prices for SPY, 1 bars, 
2024-07-10 21:35:59,324: root: WARNING: quote is not implemented for YahooData, but USD was passed as the quote
2024-07-10 21:35:59,324: root: WARNING: quote is not implemented for YahooData, but USD was passed as the quote
2024-07-10 21:35:59,324: asyncio: INFO: [MLTrader] Getting historical prices for SPY, 1 bars, 
2024-07-10 21:35:59,324: root: WARNING: quote is not implemented for YahooData, but USD was passed as the quote
2024-07-10 21:35:59,325: root: WARNING: quote is not implemented for YahooData, but USD was passed as the quote
2024-07-10 21:35:59,325: asyncio: INFO: [MLTrader] Getting historical prices for SPY, 1 bars, 
2024-07-10 21:35:59,325: root: WARNING: quote is not implemented for YahooData, but USD was passed as the quote
2024-07-10 21:35:59,325: root: WARNING: quote is not implemented for YahooData, but USD was passed as the quote
2024-07-10 21:35:59,325: root: INFO: Current backtesting datetime 2020-08-29 08:29:00-05:00
2024-07-10 21:35:59,325: asyncio: INFO: [MLTrader] Getting historical prices for SPY, 1 bars, 
2024-07-10 21:35:59,325: root: WARNING: quote is not implemented for YahooData, but USD was passed as the quote
2024-07-10 21:35:59,326: root: WARNING: quote is not implemented for YahooData, but USD was passed as the quote
2024-07-10 21:35:59,326: asyncio: INFO: [MLTrader] Getting historical prices for SPY, 1 bars, 
2024-07-10 21:35:59,326: root: WARNING: quote is not implemented for YahooData, but USD was passed as the quote
2024-07-10 21:35:59,326: root: WARNING: quote is not implemented for YahooData, but USD was passed as the quote
2024-07-10 21:35:59,326: root: INFO: Current backtesting datetime 2020-08-29 08:29:00-05:00
2024-07-10 21:35:59,326: asyncio: INFO: [MLTrader] Executing the after_market_closes lifecycle method
2024-07-10 21:35:59,326: asyncio: INFO: [MLTrader] Getting historical prices for SPY, 1 bars, 
2024-07-10 21:35:59,326: root: WARNING: quote is not implemented for YahooData, but USD was passed as the quote
2024-07-10 21:35:59,327: root: WARNING: quote is not implemented for YahooData, but USD was passed as the quote
2024-07-10 21:35:59,327: asyncio: INFO: [MLTrader] Getting historical prices for SPY, 1 bars, 
2024-07-10 21:35:59,327: root: WARNING: quote is not implemented for YahooData, but USD was passed as the quote
2024-07-10 21:35:59,327: root: WARNING: quote is not implemented for YahooData, but USD was passed as the quote
2024-07-10 21:35:59,327: root: INFO: Current backtesting datetime 2020-08-31 07:30:00-05:00
2024-07-10 21:35:59,327: root: WARNING: quote is not implemented for YahooData, but USD was passed as the quote
2024-07-10 21:35:59,328: root: WARNING: quote is not implemented for YahooData, but USD was passed as the quote
2024-07-10 21:35:59,328: asyncio: INFO: [MLTrader] Executing the before_market_opens lifecycle method
2024-07-10 21:35:59,328: asyncio: INFO: [MLTrader] Getting historical prices for SPY, 1 bars, 
2024-07-10 21:35:59,328: root: WARNING: quote is not implemented for YahooData, but USD was passed as the quote
2024-07-10 21:35:59,329: root: WARNING: quote is not implemented for YahooData, but USD was passed as the quote
2024-07-10 21:35:59,329: asyncio: INFO: [MLTrader] Getting historical prices for SPY, 1 bars, 
2024-07-10 21:35:59,329: root: WARNING: quote is not implemented for YahooData, but USD was passed as the quote
2024-07-10 21:35:59,329: root: WARNING: quote is not implemented for YahooData, but USD was passed as the quote
2024-07-10 21:35:59,329: root: INFO: Current backtesting datetime 2020-08-31 08:30:00-05:00
2024-07-10 21:35:59,329: asyncio: INFO: [MLTrader] Executing the before_starting_trading lifecycle method
2024-07-10 21:35:59,330: asyncio: INFO: [MLTrader] Executing the on_trading_iteration lifecycle method at 2024-07-10 21:35:59
2024-07-10 21:35:59,330: root: WARNING: quote is not implemented for YahooData, but USD was passed as the quote
2024-07-10 21:35:59,331: root: WARNING: quote is not implemented for YahooData, but USD was passed as the quote
2024-07-10 21:35:59,530: asyncio: INFO: [MLTrader] Trading iteration ended at 2024-07-10 21:35:59
2024-07-10 21:35:59,531: asyncio: INFO: [MLTrader] Getting historical prices for SPY, 1 bars, 
2024-07-10 21:35:59,531: root: WARNING: quote is not implemented for YahooData, but USD was passed as the quote
2024-07-10 21:35:59,531: root: WARNING: quote is not implemented for YahooData, but USD was passed as the quote
2024-07-10 21:35:59,531: asyncio: INFO: [MLTrader] Getting historical prices for SPY, 1 bars, 
2024-07-10 21:35:59,531: root: WARNING: quote is not implemented for YahooData, but USD was passed as the quote
2024-07-10 21:35:59,532: root: WARNING: quote is not implemented for YahooData, but USD was passed as the quote
2024-07-10 21:35:59,532: asyncio: INFO: [MLTrader] Sleeping for 86400 seconds
2024-07-10 21:35:59,533: root: INFO: Current backtesting datetime 2020-08-31 15:00:00-05:00
2024-07-10 21:35:59,533: root: INFO: Current backtesting datetime 2020-09-01 08:30:00-05:00
2024-07-10 21:35:59,533: asyncio: INFO: [MLTrader] Executing the on_trading_iteration lifecycle method at 2024-07-10 21:35:59
2024-07-10 21:35:59,533: root: WARNING: quote is not implemented for YahooData, but USD was passed as the quote
2024-07-10 21:35:59,534: root: WARNING: quote is not implemented for YahooData, but USD was passed as the quote
2024-07-10 21:35:59,748: asyncio: INFO: [MLTrader] Trading iteration ended at 2024-07-10 21:35:59
2024-07-10 21:35:59,748: asyncio: INFO: [MLTrader] Getting historical prices for SPY, 1 bars, 
2024-07-10 21:35:59,748: root: WARNING: quote is not implemented for YahooData, but USD was passed as the quote
2024-07-10 21:35:59,749: root: WARNING: quote is not implemented for YahooData, but USD was passed as the quote
2024-07-10 21:35:59,749: asyncio: INFO: [MLTrader] Getting historical prices for SPY, 1 bars, 
2024-07-10 21:35:59,749: root: WARNING: quote is not implemented for YahooData, but USD was passed as the quote
2024-07-10 21:35:59,749: root: WARNING: quote is not implemented for YahooData, but USD was passed as the quote
2024-07-10 21:35:59,750: asyncio: INFO: [MLTrader] Sleeping for 86400 seconds
2024-07-10 21:35:59,750: root: INFO: Current backtesting datetime 2020-09-01 15:00:00-05:00
2024-07-10 21:35:59,750: root: INFO: Current backtesting datetime 2020-09-02 08:30:00-05:00
2024-07-10 21:35:59,751: asyncio: INFO: [MLTrader] Executing the on_trading_iteration lifecycle method at 2024-07-10 21:35:59
2024-07-10 21:35:59,751: root: WARNING: quote is not implemented for YahooData, but USD was passed as the quote
2024-07-10 21:35:59,751: root: WARNING: quote is not implemented for YahooData, but USD was passed as the quote
2024-07-10 21:35:59,895: asyncio: INFO: [MLTrader] Trading iteration ended at 2024-07-10 21:35:59
2024-07-10 21:35:59,895: asyncio: INFO: [MLTrader] Getting historical prices for SPY, 1 bars, 
2024-07-10 21:35:59,895: root: WARNING: quote is not implemented for YahooData, but USD was passed as the quote
2024-07-10 21:35:59,896: root: WARNING: quote is not implemented for YahooData, but USD was passed as the quote
2024-07-10 21:35:59,908: asyncio: INFO: [MLTrader] Getting historical prices for SPY, 1 bars, 
2024-07-10 21:35:59,908: root: WARNING: quote is not implemented for YahooData, but USD was passed as the quote
2024-07-10 21:35:59,908: root: WARNING: quote is not implemented for YahooData, but USD was passed as the quote
2024-07-10 21:35:59,909: asyncio: INFO: [MLTrader] Sleeping for 86400 seconds
2024-07-10 21:35:59,909: root: INFO: Current backtesting datetime 2020-09-02 15:00:00-05:00
2024-07-10 21:35:59,909: root: INFO: Current backtesting datetime 2020-09-03 08:30:00-05:00
2024-07-10 21:35:59,917: asyncio: INFO: [MLTrader] Executing the on_trading_iteration lifecycle method at 2024-07-10 21:35:59
2024-07-10 21:35:59,917: root: WARNING: quote is not implemented for YahooData, but USD was passed as the quote
2024-07-10 21:35:59,917: root: WARNING: quote is not implemented for YahooData, but USD was passed as the quote
2024-07-10 21:36:00,052: asyncio: INFO: [MLTrader] Trading iteration ended at 2024-07-10 21:36:00
2024-07-10 21:36:00,053: asyncio: INFO: [MLTrader] Getting historical prices for SPY, 1 bars, 
2024-07-10 21:36:00,053: root: WARNING: quote is not implemented for YahooData, but USD was passed as the quote
2024-07-10 21:36:00,053: root: WARNING: quote is not implemented for YahooData, but USD was passed as the quote
2024-07-10 21:36:00,053: asyncio: INFO: [MLTrader] Getting historical prices for SPY, 1 bars, 
2024-07-10 21:36:00,053: root: WARNING: quote is not implemented for YahooData, but USD was passed as the quote
2024-07-10 21:36:00,054: root: WARNING: quote is not implemented for YahooData, but USD was passed as the quote
2024-07-10 21:36:00,054: asyncio: INFO: [MLTrader] Sleeping for 86400 seconds
2024-07-10 21:36:00,054: root: INFO: Current backtesting datetime 2020-09-03 15:00:00-05:00
2024-07-10 21:36:00,054: root: INFO: Current backtesting datetime 2020-09-04 08:30:00-05:00
2024-07-10 21:36:00,055: asyncio: INFO: [MLTrader] Executing the on_trading_iteration lifecycle method at 2024-07-10 21:36:00
2024-07-10 21:36:00,055: root: WARNING: quote is not implemented for YahooData, but USD was passed as the quote
2024-07-10 21:36:00,056: root: WARNING: quote is not implemented for YahooData, but USD was passed as the quote
2024-07-10 21:36:00,229: asyncio: INFO: [MLTrader] Trading iteration ended at 2024-07-10 21:36:00
2024-07-10 21:36:00,229: asyncio: INFO: [MLTrader] Getting historical prices for SPY, 1 bars, 
2024-07-10 21:36:00,229: root: WARNING: quote is not implemented for YahooData, but USD was passed as the quote
2024-07-10 21:36:00,229: root: WARNING: quote is not implemented for YahooData, but USD was passed as the quote
2024-07-10 21:36:00,230: asyncio: INFO: [MLTrader] Getting historical prices for SPY, 1 bars, 
2024-07-10 21:36:00,230: root: WARNING: quote is not implemented for YahooData, but USD was passed as the quote
2024-07-10 21:36:00,230: root: WARNING: quote is not implemented for YahooData, but USD was passed as the quote
2024-07-10 21:36:00,230: asyncio: INFO: [MLTrader] Sleeping for 86400 seconds
2024-07-10 21:36:00,231: root: INFO: Current backtesting datetime 2020-09-04 15:00:00-05:00
2024-07-10 21:36:00,231: root: INFO: Current backtesting datetime 2020-09-05 08:30:00-05:00
2024-07-10 21:36:00,231: asyncio: INFO: [MLTrader] The market is not currently open, skipping this trading iteration
2024-07-10 21:36:00,231: asyncio: INFO: [MLTrader] Getting historical prices for SPY, 1 bars, 
2024-07-10 21:36:00,231: root: WARNING: quote is not implemented for YahooData, but USD was passed as the quote
2024-07-10 21:36:00,232: root: WARNING: quote is not implemented for YahooData, but USD was passed as the quote
2024-07-10 21:36:00,232: asyncio: INFO: [MLTrader] Getting historical prices for SPY, 1 bars, 
2024-07-10 21:36:00,232: root: WARNING: quote is not implemented for YahooData, but USD was passed as the quote
2024-07-10 21:36:00,232: root: WARNING: quote is not implemented for YahooData, but USD was passed as the quote
2024-07-10 21:36:00,232: asyncio: INFO: [MLTrader] Getting historical prices for SPY, 1 bars, 
2024-07-10 21:36:00,232: root: WARNING: quote is not implemented for YahooData, but USD was passed as the quote
2024-07-10 21:36:00,233: root: WARNING: quote is not implemented for YahooData, but USD was passed as the quote
2024-07-10 21:36:00,233: asyncio: INFO: [MLTrader] Getting historical prices for SPY, 1 bars, 
2024-07-10 21:36:00,233: root: WARNING: quote is not implemented for YahooData, but USD was passed as the quote
2024-07-10 21:36:00,233: root: WARNING: quote is not implemented for YahooData, but USD was passed as the quote
2024-07-10 21:36:00,233: root: INFO: Current backtesting datetime 2020-09-05 08:29:00-05:00
2024-07-10 21:36:00,233: asyncio: INFO: [MLTrader] Getting historical prices for SPY, 1 bars, 
2024-07-10 21:36:00,233: root: WARNING: quote is not implemented for YahooData, but USD was passed as the quote
2024-07-10 21:36:00,234: root: WARNING: quote is not implemented for YahooData, but USD was passed as the quote
2024-07-10 21:36:00,234: asyncio: INFO: [MLTrader] Getting historical prices for SPY, 1 bars, 
2024-07-10 21:36:00,234: root: WARNING: quote is not implemented for YahooData, but USD was passed as the quote
2024-07-10 21:36:00,234: root: WARNING: quote is not implemented for YahooData, but USD was passed as the quote
2024-07-10 21:36:00,234: root: INFO: Current backtesting datetime 2020-09-05 08:29:00-05:00
2024-07-10 21:36:00,234: asyncio: INFO: [MLTrader] Executing the after_market_closes lifecycle method
2024-07-10 21:36:00,234: asyncio: INFO: [MLTrader] Getting historical prices for SPY, 1 bars, 
2024-07-10 21:36:00,234: root: WARNING: quote is not implemented for YahooData, but USD was passed as the quote
2024-07-10 21:36:00,235: root: WARNING: quote is not implemented for YahooData, but USD was passed as the quote
2024-07-10 21:36:00,235: asyncio: INFO: [MLTrader] Getting historical prices for SPY, 1 bars, 
2024-07-10 21:36:00,235: root: WARNING: quote is not implemented for YahooData, but USD was passed as the quote
2024-07-10 21:36:00,235: root: WARNING: quote is not implemented for YahooData, but USD was passed as the quote
2024-07-10 21:36:00,235: root: INFO: Current backtesting datetime 2020-09-08 07:30:00-05:00
2024-07-10 21:36:00,235: root: WARNING: quote is not implemented for YahooData, but USD was passed as the quote
2024-07-10 21:36:00,236: root: WARNING: quote is not implemented for YahooData, but USD was passed as the quote
2024-07-10 21:36:00,236: asyncio: INFO: [MLTrader] Executing the before_market_opens lifecycle method
2024-07-10 21:36:00,236: asyncio: INFO: [MLTrader] Getting historical prices for SPY, 1 bars, 
2024-07-10 21:36:00,236: root: WARNING: quote is not implemented for YahooData, but USD was passed as the quote
2024-07-10 21:36:00,236: root: WARNING: quote is not implemented for YahooData, but USD was passed as the quote
2024-07-10 21:36:00,236: asyncio: INFO: [MLTrader] Getting historical prices for SPY, 1 bars, 
2024-07-10 21:36:00,236: root: WARNING: quote is not implemented for YahooData, but USD was passed as the quote
2024-07-10 21:36:00,237: root: WARNING: quote is not implemented for YahooData, but USD was passed as the quote
2024-07-10 21:36:00,237: root: INFO: Current backtesting datetime 2020-09-08 08:30:00-05:00
2024-07-10 21:36:00,237: asyncio: INFO: [MLTrader] Executing the before_starting_trading lifecycle method
2024-07-10 21:36:00,238: asyncio: INFO: [MLTrader] Executing the on_trading_iteration lifecycle method at 2024-07-10 21:36:00
2024-07-10 21:36:00,238: root: WARNING: quote is not implemented for YahooData, but USD was passed as the quote
2024-07-10 21:36:00,238: root: WARNING: quote is not implemented for YahooData, but USD was passed as the quote
2024-07-10 21:36:00,336: asyncio: INFO: [MLTrader] Trading iteration ended at 2024-07-10 21:36:00
2024-07-10 21:36:00,336: asyncio: INFO: [MLTrader] Getting historical prices for SPY, 1 bars, 
2024-07-10 21:36:00,336: root: WARNING: quote is not implemented for YahooData, but USD was passed as the quote
2024-07-10 21:36:00,336: root: WARNING: quote is not implemented for YahooData, but USD was passed as the quote
2024-07-10 21:36:00,336: asyncio: INFO: [MLTrader] Getting historical prices for SPY, 1 bars, 
2024-07-10 21:36:00,336: root: WARNING: quote is not implemented for YahooData, but USD was passed as the quote
2024-07-10 21:36:00,337: root: WARNING: quote is not implemented for YahooData, but USD was passed as the quote
2024-07-10 21:36:00,337: asyncio: INFO: [MLTrader] Sleeping for 86400 seconds
2024-07-10 21:36:00,338: root: INFO: Current backtesting datetime 2020-09-08 15:00:00-05:00
2024-07-10 21:36:00,338: root: INFO: Current backtesting datetime 2020-09-09 08:30:00-05:00
2024-07-10 21:36:00,338: asyncio: INFO: [MLTrader] Executing the on_trading_iteration lifecycle method at 2024-07-10 21:36:00
2024-07-10 21:36:00,338: root: WARNING: quote is not implemented for YahooData, but USD was passed as the quote
2024-07-10 21:36:00,339: root: WARNING: quote is not implemented for YahooData, but USD was passed as the quote
2024-07-10 21:36:00,472: asyncio: INFO: [MLTrader] Trading iteration ended at 2024-07-10 21:36:00
2024-07-10 21:36:00,473: asyncio: INFO: [MLTrader] Getting historical prices for SPY, 1 bars, 
2024-07-10 21:36:00,473: root: WARNING: quote is not implemented for YahooData, but USD was passed as the quote
2024-07-10 21:36:00,474: root: WARNING: quote is not implemented for YahooData, but USD was passed as the quote
2024-07-10 21:36:00,480: asyncio: INFO: [MLTrader] Getting historical prices for SPY, 1 bars, 
2024-07-10 21:36:00,480: root: WARNING: quote is not implemented for YahooData, but USD was passed as the quote
2024-07-10 21:36:00,481: root: WARNING: quote is not implemented for YahooData, but USD was passed as the quote
2024-07-10 21:36:00,482: asyncio: INFO: [MLTrader] Sleeping for 86400 seconds
2024-07-10 21:36:00,482: root: INFO: Current backtesting datetime 2020-09-09 15:00:00-05:00
2024-07-10 21:36:00,482: root: INFO: Current backtesting datetime 2020-09-10 08:30:00-05:00
2024-07-10 21:36:00,487: asyncio: INFO: [MLTrader] Executing the on_trading_iteration lifecycle method at 2024-07-10 21:36:00
2024-07-10 21:36:00,487: root: WARNING: quote is not implemented for YahooData, but USD was passed as the quote
2024-07-10 21:36:00,488: root: WARNING: quote is not implemented for YahooData, but USD was passed as the quote
2024-07-10 21:36:00,699: asyncio: INFO: [MLTrader] Trading iteration ended at 2024-07-10 21:36:00
2024-07-10 21:36:00,699: asyncio: INFO: [MLTrader] Getting historical prices for SPY, 1 bars, 
2024-07-10 21:36:00,699: root: WARNING: quote is not implemented for YahooData, but USD was passed as the quote
2024-07-10 21:36:00,700: root: WARNING: quote is not implemented for YahooData, but USD was passed as the quote
2024-07-10 21:36:00,700: asyncio: INFO: [MLTrader] Getting historical prices for SPY, 1 bars, 
2024-07-10 21:36:00,700: root: WARNING: quote is not implemented for YahooData, but USD was passed as the quote
2024-07-10 21:36:00,700: root: WARNING: quote is not implemented for YahooData, but USD was passed as the quote
2024-07-10 21:36:00,701: asyncio: INFO: [MLTrader] Sleeping for 86400 seconds
2024-07-10 21:36:00,701: root: INFO: Current backtesting datetime 2020-09-10 15:00:00-05:00
2024-07-10 21:36:00,701: root: INFO: Current backtesting datetime 2020-09-11 08:30:00-05:00
2024-07-10 21:36:00,702: asyncio: INFO: [MLTrader] Executing the on_trading_iteration lifecycle method at 2024-07-10 21:36:00
2024-07-10 21:36:00,702: root: WARNING: quote is not implemented for YahooData, but USD was passed as the quote
2024-07-10 21:36:00,702: root: WARNING: quote is not implemented for YahooData, but USD was passed as the quote
2024-07-10 21:36:00,856: asyncio: INFO: [MLTrader] Trading iteration ended at 2024-07-10 21:36:00
2024-07-10 21:36:00,856: asyncio: INFO: [MLTrader] Getting historical prices for SPY, 1 bars, 
2024-07-10 21:36:00,856: root: WARNING: quote is not implemented for YahooData, but USD was passed as the quote
2024-07-10 21:36:00,857: root: WARNING: quote is not implemented for YahooData, but USD was passed as the quote
2024-07-10 21:36:00,857: asyncio: INFO: [MLTrader] Getting historical prices for SPY, 1 bars, 
2024-07-10 21:36:00,857: root: WARNING: quote is not implemented for YahooData, but USD was passed as the quote
2024-07-10 21:36:00,857: root: WARNING: quote is not implemented for YahooData, but USD was passed as the quote
2024-07-10 21:36:00,858: asyncio: INFO: [MLTrader] Sleeping for 86400 seconds
2024-07-10 21:36:00,858: root: INFO: Current backtesting datetime 2020-09-11 15:00:00-05:00
2024-07-10 21:36:00,858: root: INFO: Current backtesting datetime 2020-09-12 08:30:00-05:00
2024-07-10 21:36:00,859: asyncio: INFO: [MLTrader] The market is not currently open, skipping this trading iteration
2024-07-10 21:36:00,859: asyncio: INFO: [MLTrader] Getting historical prices for SPY, 1 bars, 
2024-07-10 21:36:00,859: root: WARNING: quote is not implemented for YahooData, but USD was passed as the quote
2024-07-10 21:36:00,859: root: WARNING: quote is not implemented for YahooData, but USD was passed as the quote
2024-07-10 21:36:00,859: asyncio: INFO: [MLTrader] Getting historical prices for SPY, 1 bars, 
2024-07-10 21:36:00,859: root: WARNING: quote is not implemented for YahooData, but USD was passed as the quote
2024-07-10 21:36:00,859: root: WARNING: quote is not implemented for YahooData, but USD was passed as the quote
2024-07-10 21:36:00,860: asyncio: INFO: [MLTrader] Getting historical prices for SPY, 1 bars, 
2024-07-10 21:36:00,860: root: WARNING: quote is not implemented for YahooData, but USD was passed as the quote
2024-07-10 21:36:00,860: root: WARNING: quote is not implemented for YahooData, but USD was passed as the quote
2024-07-10 21:36:00,860: asyncio: INFO: [MLTrader] Getting historical prices for SPY, 1 bars, 
2024-07-10 21:36:00,860: root: WARNING: quote is not implemented for YahooData, but USD was passed as the quote
2024-07-10 21:36:00,860: root: WARNING: quote is not implemented for YahooData, but USD was passed as the quote
2024-07-10 21:36:00,860: root: INFO: Current backtesting datetime 2020-09-12 08:29:00-05:00
2024-07-10 21:36:00,861: asyncio: INFO: [MLTrader] Getting historical prices for SPY, 1 bars, 
2024-07-10 21:36:00,861: root: WARNING: quote is not implemented for YahooData, but USD was passed as the quote
2024-07-10 21:36:00,861: root: WARNING: quote is not implemented for YahooData, but USD was passed as the quote
2024-07-10 21:36:00,861: asyncio: INFO: [MLTrader] Getting historical prices for SPY, 1 bars, 
2024-07-10 21:36:00,861: root: WARNING: quote is not implemented for YahooData, but USD was passed as the quote
2024-07-10 21:36:00,861: root: WARNING: quote is not implemented for YahooData, but USD was passed as the quote
2024-07-10 21:36:00,861: root: INFO: Current backtesting datetime 2020-09-12 08:29:00-05:00
2024-07-10 21:36:00,861: asyncio: INFO: [MLTrader] Executing the after_market_closes lifecycle method
2024-07-10 21:36:00,862: asyncio: INFO: [MLTrader] Getting historical prices for SPY, 1 bars, 
2024-07-10 21:36:00,862: root: WARNING: quote is not implemented for YahooData, but USD was passed as the quote
2024-07-10 21:36:00,862: root: WARNING: quote is not implemented for YahooData, but USD was passed as the quote
2024-07-10 21:36:00,862: asyncio: INFO: [MLTrader] Getting historical prices for SPY, 1 bars, 
2024-07-10 21:36:00,862: root: WARNING: quote is not implemented for YahooData, but USD was passed as the quote
2024-07-10 21:36:00,862: root: WARNING: quote is not implemented for YahooData, but USD was passed as the quote
2024-07-10 21:36:00,862: root: INFO: Current backtesting datetime 2020-09-14 07:30:00-05:00
2024-07-10 21:36:00,863: root: WARNING: quote is not implemented for YahooData, but USD was passed as the quote
2024-07-10 21:36:00,863: root: WARNING: quote is not implemented for YahooData, but USD was passed as the quote
2024-07-10 21:36:00,863: asyncio: INFO: [MLTrader] Executing the before_market_opens lifecycle method
2024-07-10 21:36:00,863: asyncio: INFO: [MLTrader] Getting historical prices for SPY, 1 bars, 
2024-07-10 21:36:00,863: root: WARNING: quote is not implemented for YahooData, but USD was passed as the quote
2024-07-10 21:36:00,863: root: WARNING: quote is not implemented for YahooData, but USD was passed as the quote
2024-07-10 21:36:00,864: asyncio: INFO: [MLTrader] Getting historical prices for SPY, 1 bars, 
2024-07-10 21:36:00,864: root: WARNING: quote is not implemented for YahooData, but USD was passed as the quote
2024-07-10 21:36:00,864: root: WARNING: quote is not implemented for YahooData, but USD was passed as the quote
2024-07-10 21:36:00,864: root: INFO: Current backtesting datetime 2020-09-14 08:30:00-05:00
2024-07-10 21:36:00,864: asyncio: INFO: [MLTrader] Executing the before_starting_trading lifecycle method
2024-07-10 21:36:00,865: asyncio: INFO: [MLTrader] Executing the on_trading_iteration lifecycle method at 2024-07-10 21:36:00
2024-07-10 21:36:00,865: root: WARNING: quote is not implemented for YahooData, but USD was passed as the quote
2024-07-10 21:36:00,865: root: WARNING: quote is not implemented for YahooData, but USD was passed as the quote
2024-07-10 21:36:01,029: asyncio: INFO: [MLTrader] Trading iteration ended at 2024-07-10 21:36:01
2024-07-10 21:36:01,029: asyncio: INFO: [MLTrader] Getting historical prices for SPY, 1 bars, 
2024-07-10 21:36:01,029: root: WARNING: quote is not implemented for YahooData, but USD was passed as the quote
2024-07-10 21:36:01,029: root: WARNING: quote is not implemented for YahooData, but USD was passed as the quote
2024-07-10 21:36:01,029: asyncio: INFO: [MLTrader] Getting historical prices for SPY, 1 bars, 
2024-07-10 21:36:01,029: root: WARNING: quote is not implemented for YahooData, but USD was passed as the quote
2024-07-10 21:36:01,030: root: WARNING: quote is not implemented for YahooData, but USD was passed as the quote
2024-07-10 21:36:01,030: asyncio: INFO: [MLTrader] Sleeping for 86400 seconds
2024-07-10 21:36:01,030: root: INFO: Current backtesting datetime 2020-09-14 15:00:00-05:00
2024-07-10 21:36:01,031: root: INFO: Current backtesting datetime 2020-09-15 08:30:00-05:00
2024-07-10 21:36:01,031: asyncio: INFO: [MLTrader] Executing the on_trading_iteration lifecycle method at 2024-07-10 21:36:01
2024-07-10 21:36:01,031: root: WARNING: quote is not implemented for YahooData, but USD was passed as the quote
2024-07-10 21:36:01,032: root: WARNING: quote is not implemented for YahooData, but USD was passed as the quote
2024-07-10 21:36:01,242: asyncio: INFO: [MLTrader] Trading iteration ended at 2024-07-10 21:36:01
2024-07-10 21:36:01,242: asyncio: INFO: [MLTrader] Getting historical prices for SPY, 1 bars, 
2024-07-10 21:36:01,242: root: WARNING: quote is not implemented for YahooData, but USD was passed as the quote
2024-07-10 21:36:01,243: root: WARNING: quote is not implemented for YahooData, but USD was passed as the quote
2024-07-10 21:36:01,259: asyncio: INFO: [MLTrader] Getting historical prices for SPY, 1 bars, 
2024-07-10 21:36:01,260: root: WARNING: quote is not implemented for YahooData, but USD was passed as the quote
2024-07-10 21:36:01,261: root: WARNING: quote is not implemented for YahooData, but USD was passed as the quote
2024-07-10 21:36:01,261: asyncio: INFO: [MLTrader] Sleeping for 86400 seconds
2024-07-10 21:36:01,261: root: INFO: Current backtesting datetime 2020-09-15 15:00:00-05:00
2024-07-10 21:36:01,261: root: INFO: Current backtesting datetime 2020-09-16 08:30:00-05:00
2024-07-10 21:36:01,269: asyncio: INFO: [MLTrader] Executing the on_trading_iteration lifecycle method at 2024-07-10 21:36:01
2024-07-10 21:36:01,269: root: WARNING: quote is not implemented for YahooData, but USD was passed as the quote
2024-07-10 21:36:01,269: root: WARNING: quote is not implemented for YahooData, but USD was passed as the quote
2024-07-10 21:36:01,444: asyncio: INFO: [MLTrader] Trading iteration ended at 2024-07-10 21:36:01
2024-07-10 21:36:01,444: asyncio: INFO: [MLTrader] Getting historical prices for SPY, 1 bars, 
2024-07-10 21:36:01,444: root: WARNING: quote is not implemented for YahooData, but USD was passed as the quote
2024-07-10 21:36:01,445: root: WARNING: quote is not implemented for YahooData, but USD was passed as the quote
2024-07-10 21:36:01,445: asyncio: INFO: [MLTrader] Getting historical prices for SPY, 1 bars, 
2024-07-10 21:36:01,445: root: WARNING: quote is not implemented for YahooData, but USD was passed as the quote
2024-07-10 21:36:01,445: root: WARNING: quote is not implemented for YahooData, but USD was passed as the quote
2024-07-10 21:36:01,446: asyncio: INFO: [MLTrader] Sleeping for 86400 seconds
2024-07-10 21:36:01,446: root: INFO: Current backtesting datetime 2020-09-16 15:00:00-05:00
2024-07-10 21:36:01,446: root: INFO: Current backtesting datetime 2020-09-17 08:30:00-05:00
2024-07-10 21:36:01,447: asyncio: INFO: [MLTrader] Executing the on_trading_iteration lifecycle method at 2024-07-10 21:36:01
2024-07-10 21:36:01,447: root: WARNING: quote is not implemented for YahooData, but USD was passed as the quote
2024-07-10 21:36:01,447: root: WARNING: quote is not implemented for YahooData, but USD was passed as the quote
2024-07-10 21:36:01,569: asyncio: INFO: [MLTrader] Trading iteration ended at 2024-07-10 21:36:01
2024-07-10 21:36:01,569: asyncio: INFO: [MLTrader] Getting historical prices for SPY, 1 bars, 
2024-07-10 21:36:01,570: root: WARNING: quote is not implemented for YahooData, but USD was passed as the quote
2024-07-10 21:36:01,570: root: WARNING: quote is not implemented for YahooData, but USD was passed as the quote
2024-07-10 21:36:01,570: asyncio: INFO: [MLTrader] Getting historical prices for SPY, 1 bars, 
2024-07-10 21:36:01,570: root: WARNING: quote is not implemented for YahooData, but USD was passed as the quote
2024-07-10 21:36:01,571: root: WARNING: quote is not implemented for YahooData, but USD was passed as the quote
2024-07-10 21:36:01,571: asyncio: INFO: [MLTrader] Sleeping for 86400 seconds
2024-07-10 21:36:01,571: root: INFO: Current backtesting datetime 2020-09-17 15:00:00-05:00
2024-07-10 21:36:01,571: root: INFO: Current backtesting datetime 2020-09-18 08:30:00-05:00
2024-07-10 21:36:01,572: asyncio: INFO: [MLTrader] Executing the on_trading_iteration lifecycle method at 2024-07-10 21:36:01
2024-07-10 21:36:01,572: root: WARNING: quote is not implemented for YahooData, but USD was passed as the quote
2024-07-10 21:36:01,572: root: WARNING: quote is not implemented for YahooData, but USD was passed as the quote
2024-07-10 21:36:01,796: asyncio: INFO: [MLTrader] Trading iteration ended at 2024-07-10 21:36:01
2024-07-10 21:36:01,796: asyncio: INFO: [MLTrader] Getting historical prices for SPY, 1 bars, 
2024-07-10 21:36:01,796: root: WARNING: quote is not implemented for YahooData, but USD was passed as the quote
2024-07-10 21:36:01,797: root: WARNING: quote is not implemented for YahooData, but USD was passed as the quote
2024-07-10 21:36:01,797: asyncio: INFO: [MLTrader] Getting historical prices for SPY, 1 bars, 
2024-07-10 21:36:01,797: root: WARNING: quote is not implemented for YahooData, but USD was passed as the quote
2024-07-10 21:36:01,797: root: WARNING: quote is not implemented for YahooData, but USD was passed as the quote
2024-07-10 21:36:01,798: asyncio: INFO: [MLTrader] Sleeping for 86400 seconds
2024-07-10 21:36:01,798: root: INFO: Current backtesting datetime 2020-09-18 15:00:00-05:00
2024-07-10 21:36:01,798: root: INFO: Current backtesting datetime 2020-09-19 08:30:00-05:00
2024-07-10 21:36:01,799: asyncio: INFO: [MLTrader] The market is not currently open, skipping this trading iteration
2024-07-10 21:36:01,799: asyncio: INFO: [MLTrader] Getting historical prices for SPY, 1 bars, 
2024-07-10 21:36:01,799: root: WARNING: quote is not implemented for YahooData, but USD was passed as the quote
2024-07-10 21:36:01,799: root: WARNING: quote is not implemented for YahooData, but USD was passed as the quote
2024-07-10 21:36:01,799: asyncio: INFO: [MLTrader] Getting historical prices for SPY, 1 bars, 
2024-07-10 21:36:01,799: root: WARNING: quote is not implemented for YahooData, but USD was passed as the quote
2024-07-10 21:36:01,799: root: WARNING: quote is not implemented for YahooData, but USD was passed as the quote
2024-07-10 21:36:01,800: asyncio: INFO: [MLTrader] Getting historical prices for SPY, 1 bars, 
2024-07-10 21:36:01,800: root: WARNING: quote is not implemented for YahooData, but USD was passed as the quote
2024-07-10 21:36:01,800: root: WARNING: quote is not implemented for YahooData, but USD was passed as the quote
2024-07-10 21:36:01,800: asyncio: INFO: [MLTrader] Getting historical prices for SPY, 1 bars, 
2024-07-10 21:36:01,800: root: WARNING: quote is not implemented for YahooData, but USD was passed as the quote
2024-07-10 21:36:01,800: root: WARNING: quote is not implemented for YahooData, but USD was passed as the quote
2024-07-10 21:36:01,800: root: INFO: Current backtesting datetime 2020-09-19 08:29:00-05:00
2024-07-10 21:36:01,801: asyncio: INFO: [MLTrader] Getting historical prices for SPY, 1 bars, 
2024-07-10 21:36:01,801: root: WARNING: quote is not implemented for YahooData, but USD was passed as the quote
2024-07-10 21:36:01,801: root: WARNING: quote is not implemented for YahooData, but USD was passed as the quote
2024-07-10 21:36:01,801: asyncio: INFO: [MLTrader] Getting historical prices for SPY, 1 bars, 
2024-07-10 21:36:01,801: root: WARNING: quote is not implemented for YahooData, but USD was passed as the quote
2024-07-10 21:36:01,801: root: WARNING: quote is not implemented for YahooData, but USD was passed as the quote
2024-07-10 21:36:01,801: root: INFO: Current backtesting datetime 2020-09-19 08:29:00-05:00
2024-07-10 21:36:01,802: asyncio: INFO: [MLTrader] Executing the after_market_closes lifecycle method
2024-07-10 21:36:01,802: asyncio: INFO: [MLTrader] Getting historical prices for SPY, 1 bars, 
2024-07-10 21:36:01,802: root: WARNING: quote is not implemented for YahooData, but USD was passed as the quote
2024-07-10 21:36:01,802: root: WARNING: quote is not implemented for YahooData, but USD was passed as the quote
2024-07-10 21:36:01,802: asyncio: INFO: [MLTrader] Getting historical prices for SPY, 1 bars, 
2024-07-10 21:36:01,802: root: WARNING: quote is not implemented for YahooData, but USD was passed as the quote
2024-07-10 21:36:01,802: root: WARNING: quote is not implemented for YahooData, but USD was passed as the quote
2024-07-10 21:36:01,802: root: INFO: Current backtesting datetime 2020-09-21 07:30:00-05:00
2024-07-10 21:36:01,803: root: WARNING: quote is not implemented for YahooData, but USD was passed as the quote
2024-07-10 21:36:01,803: root: WARNING: quote is not implemented for YahooData, but USD was passed as the quote
2024-07-10 21:36:01,803: asyncio: INFO: [MLTrader] Executing the before_market_opens lifecycle method
2024-07-10 21:36:01,803: asyncio: INFO: [MLTrader] Getting historical prices for SPY, 1 bars, 
2024-07-10 21:36:01,803: root: WARNING: quote is not implemented for YahooData, but USD was passed as the quote
2024-07-10 21:36:01,803: root: WARNING: quote is not implemented for YahooData, but USD was passed as the quote
2024-07-10 21:36:01,804: asyncio: INFO: [MLTrader] Getting historical prices for SPY, 1 bars, 
2024-07-10 21:36:01,804: root: WARNING: quote is not implemented for YahooData, but USD was passed as the quote
2024-07-10 21:36:01,804: root: WARNING: quote is not implemented for YahooData, but USD was passed as the quote
2024-07-10 21:36:01,804: root: INFO: Current backtesting datetime 2020-09-21 08:30:00-05:00
2024-07-10 21:36:01,804: asyncio: INFO: [MLTrader] Executing the before_starting_trading lifecycle method
2024-07-10 21:36:01,805: asyncio: INFO: [MLTrader] Executing the on_trading_iteration lifecycle method at 2024-07-10 21:36:01
2024-07-10 21:36:01,805: root: WARNING: quote is not implemented for YahooData, but USD was passed as the quote
2024-07-10 21:36:01,805: root: WARNING: quote is not implemented for YahooData, but USD was passed as the quote
2024-07-10 21:36:01,954: asyncio: INFO: [MLTrader] Trading iteration ended at 2024-07-10 21:36:01
2024-07-10 21:36:01,954: asyncio: INFO: [MLTrader] Getting historical prices for SPY, 1 bars, 
2024-07-10 21:36:01,955: root: WARNING: quote is not implemented for YahooData, but USD was passed as the quote
2024-07-10 21:36:01,955: root: WARNING: quote is not implemented for YahooData, but USD was passed as the quote
2024-07-10 21:36:01,963: asyncio: INFO: [MLTrader] Getting historical prices for SPY, 1 bars, 
2024-07-10 21:36:01,963: root: WARNING: quote is not implemented for YahooData, but USD was passed as the quote
2024-07-10 21:36:01,964: root: WARNING: quote is not implemented for YahooData, but USD was passed as the quote
2024-07-10 21:36:01,965: asyncio: INFO: [MLTrader] Sleeping for 86400 seconds
2024-07-10 21:36:01,965: root: INFO: Current backtesting datetime 2020-09-21 15:00:00-05:00
2024-07-10 21:36:01,965: root: INFO: Current backtesting datetime 2020-09-22 08:30:00-05:00
2024-07-10 21:36:01,973: asyncio: INFO: [MLTrader] Executing the on_trading_iteration lifecycle method at 2024-07-10 21:36:01
2024-07-10 21:36:01,973: root: WARNING: quote is not implemented for YahooData, but USD was passed as the quote
2024-07-10 21:36:01,974: root: WARNING: quote is not implemented for YahooData, but USD was passed as the quote
2024-07-10 21:36:02,134: asyncio: INFO: [MLTrader] Trading iteration ended at 2024-07-10 21:36:02
2024-07-10 21:36:02,134: asyncio: INFO: [MLTrader] Getting historical prices for SPY, 1 bars, 
2024-07-10 21:36:02,134: root: WARNING: quote is not implemented for YahooData, but USD was passed as the quote
2024-07-10 21:36:02,135: root: WARNING: quote is not implemented for YahooData, but USD was passed as the quote
2024-07-10 21:36:02,135: asyncio: INFO: [MLTrader] Getting historical prices for SPY, 1 bars, 
2024-07-10 21:36:02,135: root: WARNING: quote is not implemented for YahooData, but USD was passed as the quote
2024-07-10 21:36:02,135: root: WARNING: quote is not implemented for YahooData, but USD was passed as the quote
2024-07-10 21:36:02,136: asyncio: INFO: [MLTrader] Sleeping for 86400 seconds
2024-07-10 21:36:02,136: root: INFO: Current backtesting datetime 2020-09-22 15:00:00-05:00
2024-07-10 21:36:02,136: root: INFO: Current backtesting datetime 2020-09-23 08:30:00-05:00
2024-07-10 21:36:02,137: asyncio: INFO: [MLTrader] Executing the on_trading_iteration lifecycle method at 2024-07-10 21:36:02
2024-07-10 21:36:02,137: root: WARNING: quote is not implemented for YahooData, but USD was passed as the quote
2024-07-10 21:36:02,137: root: WARNING: quote is not implemented for YahooData, but USD was passed as the quote
2024-07-10 21:36:02,406: asyncio: INFO: [MLTrader] Trading iteration ended at 2024-07-10 21:36:02
2024-07-10 21:36:02,406: asyncio: INFO: [MLTrader] Getting historical prices for SPY, 1 bars, 
2024-07-10 21:36:02,406: root: WARNING: quote is not implemented for YahooData, but USD was passed as the quote
2024-07-10 21:36:02,406: root: WARNING: quote is not implemented for YahooData, but USD was passed as the quote
2024-07-10 21:36:02,407: asyncio: INFO: [MLTrader] Getting historical prices for SPY, 1 bars, 
2024-07-10 21:36:02,407: root: WARNING: quote is not implemented for YahooData, but USD was passed as the quote
2024-07-10 21:36:02,407: root: WARNING: quote is not implemented for YahooData, but USD was passed as the quote
2024-07-10 21:36:02,407: asyncio: INFO: [MLTrader] Sleeping for 86400 seconds
2024-07-10 21:36:02,408: root: INFO: Current backtesting datetime 2020-09-23 15:00:00-05:00
2024-07-10 21:36:02,408: root: INFO: Current backtesting datetime 2020-09-24 08:30:00-05:00
2024-07-10 21:36:02,408: asyncio: INFO: [MLTrader] Executing the on_trading_iteration lifecycle method at 2024-07-10 21:36:02
2024-07-10 21:36:02,408: root: WARNING: quote is not implemented for YahooData, but USD was passed as the quote
2024-07-10 21:36:02,409: root: WARNING: quote is not implemented for YahooData, but USD was passed as the quote
2024-07-10 21:36:02,537: asyncio: INFO: [MLTrader] Trading iteration ended at 2024-07-10 21:36:02
2024-07-10 21:36:02,537: asyncio: INFO: [MLTrader] Getting historical prices for SPY, 1 bars, 
2024-07-10 21:36:02,537: root: WARNING: quote is not implemented for YahooData, but USD was passed as the quote
2024-07-10 21:36:02,538: root: WARNING: quote is not implemented for YahooData, but USD was passed as the quote
2024-07-10 21:36:02,538: asyncio: INFO: [MLTrader] Getting historical prices for SPY, 1 bars, 
2024-07-10 21:36:02,538: root: WARNING: quote is not implemented for YahooData, but USD was passed as the quote
2024-07-10 21:36:02,538: root: WARNING: quote is not implemented for YahooData, but USD was passed as the quote
2024-07-10 21:36:02,539: asyncio: INFO: [MLTrader] Sleeping for 86400 seconds
2024-07-10 21:36:02,539: root: INFO: Current backtesting datetime 2020-09-24 15:00:00-05:00
2024-07-10 21:36:02,539: root: INFO: Current backtesting datetime 2020-09-25 08:30:00-05:00
2024-07-10 21:36:02,540: asyncio: INFO: [MLTrader] Executing the on_trading_iteration lifecycle method at 2024-07-10 21:36:02
2024-07-10 21:36:02,540: root: WARNING: quote is not implemented for YahooData, but USD was passed as the quote
2024-07-10 21:36:02,540: root: WARNING: quote is not implemented for YahooData, but USD was passed as the quote
2024-07-10 21:36:02,729: asyncio: INFO: [MLTrader] Trading iteration ended at 2024-07-10 21:36:02
2024-07-10 21:36:02,729: asyncio: INFO: [MLTrader] Getting historical prices for SPY, 1 bars, 
2024-07-10 21:36:02,729: root: WARNING: quote is not implemented for YahooData, but USD was passed as the quote
2024-07-10 21:36:02,730: root: WARNING: quote is not implemented for YahooData, but USD was passed as the quote
2024-07-10 21:36:02,730: asyncio: INFO: [MLTrader] Getting historical prices for SPY, 1 bars, 
2024-07-10 21:36:02,739: root: WARNING: quote is not implemented for YahooData, but USD was passed as the quote
2024-07-10 21:36:02,739: root: WARNING: quote is not implemented for YahooData, but USD was passed as the quote
2024-07-10 21:36:02,740: asyncio: INFO: [MLTrader] Sleeping for 86400 seconds
2024-07-10 21:36:02,741: root: INFO: Current backtesting datetime 2020-09-25 15:00:00-05:00
2024-07-10 21:36:02,741: root: INFO: Current backtesting datetime 2020-09-26 08:30:00-05:00
2024-07-10 21:36:02,741: asyncio: INFO: [MLTrader] The market is not currently open, skipping this trading iteration
2024-07-10 21:36:02,741: asyncio: INFO: [MLTrader] Getting historical prices for SPY, 1 bars, 
2024-07-10 21:36:02,741: root: WARNING: quote is not implemented for YahooData, but USD was passed as the quote
2024-07-10 21:36:02,742: root: WARNING: quote is not implemented for YahooData, but USD was passed as the quote
2024-07-10 21:36:02,742: asyncio: INFO: [MLTrader] Getting historical prices for SPY, 1 bars, 
2024-07-10 21:36:02,742: root: WARNING: quote is not implemented for YahooData, but USD was passed as the quote
2024-07-10 21:36:02,742: root: WARNING: quote is not implemented for YahooData, but USD was passed as the quote
2024-07-10 21:36:02,742: asyncio: INFO: [MLTrader] Getting historical prices for SPY, 1 bars, 
2024-07-10 21:36:02,743: root: WARNING: quote is not implemented for YahooData, but USD was passed as the quote
2024-07-10 21:36:02,743: root: WARNING: quote is not implemented for YahooData, but USD was passed as the quote
2024-07-10 21:36:02,743: asyncio: INFO: [MLTrader] Getting historical prices for SPY, 1 bars, 
2024-07-10 21:36:02,743: root: WARNING: quote is not implemented for YahooData, but USD was passed as the quote
2024-07-10 21:36:02,743: root: WARNING: quote is not implemented for YahooData, but USD was passed as the quote
2024-07-10 21:36:02,744: root: INFO: Current backtesting datetime 2020-09-26 08:29:00-05:00
2024-07-10 21:36:02,744: asyncio: INFO: [MLTrader] Getting historical prices for SPY, 1 bars, 
2024-07-10 21:36:02,744: root: WARNING: quote is not implemented for YahooData, but USD was passed as the quote
2024-07-10 21:36:02,744: root: WARNING: quote is not implemented for YahooData, but USD was passed as the quote
2024-07-10 21:36:02,744: asyncio: INFO: [MLTrader] Getting historical prices for SPY, 1 bars, 
2024-07-10 21:36:02,744: root: WARNING: quote is not implemented for YahooData, but USD was passed as the quote
2024-07-10 21:36:02,744: root: WARNING: quote is not implemented for YahooData, but USD was passed as the quote
2024-07-10 21:36:02,745: root: INFO: Current backtesting datetime 2020-09-26 08:29:00-05:00
2024-07-10 21:36:02,745: asyncio: INFO: [MLTrader] Executing the after_market_closes lifecycle method
2024-07-10 21:36:02,745: asyncio: INFO: [MLTrader] Getting historical prices for SPY, 1 bars, 
2024-07-10 21:36:02,745: root: WARNING: quote is not implemented for YahooData, but USD was passed as the quote
2024-07-10 21:36:02,745: root: WARNING: quote is not implemented for YahooData, but USD was passed as the quote
2024-07-10 21:36:02,745: asyncio: INFO: [MLTrader] Getting historical prices for SPY, 1 bars, 
2024-07-10 21:36:02,745: root: WARNING: quote is not implemented for YahooData, but USD was passed as the quote
2024-07-10 21:36:02,745: root: WARNING: quote is not implemented for YahooData, but USD was passed as the quote
2024-07-10 21:36:02,746: root: INFO: Current backtesting datetime 2020-09-28 07:30:00-05:00
2024-07-10 21:36:02,746: root: WARNING: quote is not implemented for YahooData, but USD was passed as the quote
2024-07-10 21:36:02,746: root: WARNING: quote is not implemented for YahooData, but USD was passed as the quote
2024-07-10 21:36:02,747: asyncio: INFO: [MLTrader] Executing the before_market_opens lifecycle method
2024-07-10 21:36:02,747: asyncio: INFO: [MLTrader] Getting historical prices for SPY, 1 bars, 
2024-07-10 21:36:02,747: root: WARNING: quote is not implemented for YahooData, but USD was passed as the quote
2024-07-10 21:36:02,747: root: WARNING: quote is not implemented for YahooData, but USD was passed as the quote
2024-07-10 21:36:02,747: asyncio: INFO: [MLTrader] Getting historical prices for SPY, 1 bars, 
2024-07-10 21:36:02,747: root: WARNING: quote is not implemented for YahooData, but USD was passed as the quote
2024-07-10 21:36:02,747: root: WARNING: quote is not implemented for YahooData, but USD was passed as the quote
2024-07-10 21:36:02,748: root: INFO: Current backtesting datetime 2020-09-28 08:30:00-05:00
2024-07-10 21:36:02,748: asyncio: INFO: [MLTrader] Executing the before_starting_trading lifecycle method
2024-07-10 21:36:02,756: asyncio: INFO: [MLTrader] Executing the on_trading_iteration lifecycle method at 2024-07-10 21:36:02
2024-07-10 21:36:02,756: root: WARNING: quote is not implemented for YahooData, but USD was passed as the quote
2024-07-10 21:36:02,757: root: WARNING: quote is not implemented for YahooData, but USD was passed as the quote
2024-07-10 21:36:02,918: asyncio: INFO: [MLTrader] Trading iteration ended at 2024-07-10 21:36:02
2024-07-10 21:36:02,919: asyncio: INFO: [MLTrader] Getting historical prices for SPY, 1 bars, 
2024-07-10 21:36:02,919: root: WARNING: quote is not implemented for YahooData, but USD was passed as the quote
2024-07-10 21:36:02,919: root: WARNING: quote is not implemented for YahooData, but USD was passed as the quote
2024-07-10 21:36:02,919: asyncio: INFO: [MLTrader] Getting historical prices for SPY, 1 bars, 
2024-07-10 21:36:02,919: root: WARNING: quote is not implemented for YahooData, but USD was passed as the quote
2024-07-10 21:36:02,920: root: WARNING: quote is not implemented for YahooData, but USD was passed as the quote
2024-07-10 21:36:02,920: asyncio: INFO: [MLTrader] Sleeping for 86400 seconds
2024-07-10 21:36:02,920: root: INFO: Current backtesting datetime 2020-09-28 15:00:00-05:00
2024-07-10 21:36:02,920: root: INFO: Current backtesting datetime 2020-09-29 08:30:00-05:00
2024-07-10 21:36:02,921: asyncio: INFO: [MLTrader] Executing the on_trading_iteration lifecycle method at 2024-07-10 21:36:02
2024-07-10 21:36:02,921: root: WARNING: quote is not implemented for YahooData, but USD was passed as the quote
2024-07-10 21:36:02,922: root: WARNING: quote is not implemented for YahooData, but USD was passed as the quote
2024-07-10 21:36:03,057: asyncio: INFO: [MLTrader] Trading iteration ended at 2024-07-10 21:36:03
2024-07-10 21:36:03,058: asyncio: INFO: [MLTrader] Getting historical prices for SPY, 1 bars, 
2024-07-10 21:36:03,058: root: WARNING: quote is not implemented for YahooData, but USD was passed as the quote
2024-07-10 21:36:03,058: root: WARNING: quote is not implemented for YahooData, but USD was passed as the quote
2024-07-10 21:36:03,058: asyncio: INFO: [MLTrader] Getting historical prices for SPY, 1 bars, 
2024-07-10 21:36:03,058: root: WARNING: quote is not implemented for YahooData, but USD was passed as the quote
2024-07-10 21:36:03,059: root: WARNING: quote is not implemented for YahooData, but USD was passed as the quote
2024-07-10 21:36:03,059: asyncio: INFO: [MLTrader] Sleeping for 86400 seconds
2024-07-10 21:36:03,060: root: INFO: Current backtesting datetime 2020-09-29 15:00:00-05:00
2024-07-10 21:36:03,060: root: INFO: Current backtesting datetime 2020-09-30 08:30:00-05:00
2024-07-10 21:36:03,060: asyncio: INFO: [MLTrader] Executing the on_trading_iteration lifecycle method at 2024-07-10 21:36:03
2024-07-10 21:36:03,060: root: WARNING: quote is not implemented for YahooData, but USD was passed as the quote
2024-07-10 21:36:03,061: root: WARNING: quote is not implemented for YahooData, but USD was passed as the quote
2024-07-10 21:36:03,280: asyncio: INFO: [MLTrader] Trading iteration ended at 2024-07-10 21:36:03
2024-07-10 21:36:03,280: asyncio: INFO: [MLTrader] Getting historical prices for SPY, 1 bars, 
2024-07-10 21:36:03,280: root: WARNING: quote is not implemented for YahooData, but USD was passed as the quote
2024-07-10 21:36:03,281: root: WARNING: quote is not implemented for YahooData, but USD was passed as the quote
2024-07-10 21:36:03,281: asyncio: INFO: [MLTrader] Getting historical prices for SPY, 1 bars, 
2024-07-10 21:36:03,281: root: WARNING: quote is not implemented for YahooData, but USD was passed as the quote
2024-07-10 21:36:03,281: root: WARNING: quote is not implemented for YahooData, but USD was passed as the quote
2024-07-10 21:36:03,282: asyncio: INFO: [MLTrader] Sleeping for 86400 seconds
2024-07-10 21:36:03,282: root: INFO: Current backtesting datetime 2020-09-30 15:00:00-05:00
2024-07-10 21:36:03,282: root: INFO: Current backtesting datetime 2020-10-01 08:30:00-05:00
2024-07-10 21:36:03,283: asyncio: INFO: [MLTrader] Executing the on_trading_iteration lifecycle method at 2024-07-10 21:36:03
2024-07-10 21:36:03,283: root: WARNING: quote is not implemented for YahooData, but USD was passed as the quote
2024-07-10 21:36:03,283: root: WARNING: quote is not implemented for YahooData, but USD was passed as the quote
2024-07-10 21:36:03,497: asyncio: INFO: [MLTrader] Trading iteration ended at 2024-07-10 21:36:03
2024-07-10 21:36:03,497: asyncio: INFO: [MLTrader] Getting historical prices for SPY, 1 bars, 
2024-07-10 21:36:03,498: root: WARNING: quote is not implemented for YahooData, but USD was passed as the quote
2024-07-10 21:36:03,498: root: WARNING: quote is not implemented for YahooData, but USD was passed as the quote
2024-07-10 21:36:03,498: asyncio: INFO: [MLTrader] Getting historical prices for SPY, 1 bars, 
2024-07-10 21:36:03,508: root: WARNING: quote is not implemented for YahooData, but USD was passed as the quote
2024-07-10 21:36:03,508: root: WARNING: quote is not implemented for YahooData, but USD was passed as the quote
2024-07-10 21:36:03,509: asyncio: INFO: [MLTrader] Sleeping for 86400 seconds
2024-07-10 21:36:03,509: root: INFO: Current backtesting datetime 2020-10-01 15:00:00-05:00
2024-07-10 21:36:03,509: root: INFO: Current backtesting datetime 2020-10-02 08:30:00-05:00
2024-07-10 21:36:03,518: asyncio: INFO: [MLTrader] Executing the on_trading_iteration lifecycle method at 2024-07-10 21:36:03
2024-07-10 21:36:03,518: root: WARNING: quote is not implemented for YahooData, but USD was passed as the quote
2024-07-10 21:36:03,519: root: WARNING: quote is not implemented for YahooData, but USD was passed as the quote
2024-07-10 21:36:03,732: asyncio: INFO: [MLTrader] Trading iteration ended at 2024-07-10 21:36:03
2024-07-10 21:36:03,732: asyncio: INFO: [MLTrader] Getting historical prices for SPY, 1 bars, 
2024-07-10 21:36:03,732: root: WARNING: quote is not implemented for YahooData, but USD was passed as the quote
2024-07-10 21:36:03,733: root: WARNING: quote is not implemented for YahooData, but USD was passed as the quote
2024-07-10 21:36:03,733: asyncio: INFO: [MLTrader] Getting historical prices for SPY, 1 bars, 
2024-07-10 21:36:03,733: root: WARNING: quote is not implemented for YahooData, but USD was passed as the quote
2024-07-10 21:36:03,733: root: WARNING: quote is not implemented for YahooData, but USD was passed as the quote
2024-07-10 21:36:03,734: asyncio: INFO: [MLTrader] Sleeping for 86400 seconds
2024-07-10 21:36:03,734: root: INFO: Current backtesting datetime 2020-10-02 15:00:00-05:00
2024-07-10 21:36:03,734: root: INFO: Current backtesting datetime 2020-10-03 08:30:00-05:00
2024-07-10 21:36:03,735: asyncio: INFO: [MLTrader] The market is not currently open, skipping this trading iteration
2024-07-10 21:36:03,735: asyncio: INFO: [MLTrader] Getting historical prices for SPY, 1 bars, 
2024-07-10 21:36:03,735: root: WARNING: quote is not implemented for YahooData, but USD was passed as the quote
2024-07-10 21:36:03,735: root: WARNING: quote is not implemented for YahooData, but USD was passed as the quote
2024-07-10 21:36:03,735: asyncio: INFO: [MLTrader] Getting historical prices for SPY, 1 bars, 
2024-07-10 21:36:03,735: root: WARNING: quote is not implemented for YahooData, but USD was passed as the quote
2024-07-10 21:36:03,735: root: WARNING: quote is not implemented for YahooData, but USD was passed as the quote
2024-07-10 21:36:03,736: asyncio: INFO: [MLTrader] Getting historical prices for SPY, 1 bars, 
2024-07-10 21:36:03,736: root: WARNING: quote is not implemented for YahooData, but USD was passed as the quote
2024-07-10 21:36:03,736: root: WARNING: quote is not implemented for YahooData, but USD was passed as the quote
2024-07-10 21:36:03,736: asyncio: INFO: [MLTrader] Getting historical prices for SPY, 1 bars, 
2024-07-10 21:36:03,736: root: WARNING: quote is not implemented for YahooData, but USD was passed as the quote
2024-07-10 21:36:03,736: root: WARNING: quote is not implemented for YahooData, but USD was passed as the quote
2024-07-10 21:36:03,736: root: INFO: Current backtesting datetime 2020-10-03 08:29:00-05:00
2024-07-10 21:36:03,737: asyncio: INFO: [MLTrader] Getting historical prices for SPY, 1 bars, 
2024-07-10 21:36:03,737: root: WARNING: quote is not implemented for YahooData, but USD was passed as the quote
2024-07-10 21:36:03,737: root: WARNING: quote is not implemented for YahooData, but USD was passed as the quote
2024-07-10 21:36:03,737: asyncio: INFO: [MLTrader] Getting historical prices for SPY, 1 bars, 
2024-07-10 21:36:03,737: root: WARNING: quote is not implemented for YahooData, but USD was passed as the quote
2024-07-10 21:36:03,737: root: WARNING: quote is not implemented for YahooData, but USD was passed as the quote
2024-07-10 21:36:03,738: root: INFO: Current backtesting datetime 2020-10-03 08:29:00-05:00
2024-07-10 21:36:03,738: asyncio: INFO: [MLTrader] Executing the after_market_closes lifecycle method
2024-07-10 21:36:03,738: asyncio: INFO: [MLTrader] Getting historical prices for SPY, 1 bars, 
2024-07-10 21:36:03,738: root: WARNING: quote is not implemented for YahooData, but USD was passed as the quote
2024-07-10 21:36:03,738: root: WARNING: quote is not implemented for YahooData, but USD was passed as the quote
2024-07-10 21:36:03,738: asyncio: INFO: [MLTrader] Getting historical prices for SPY, 1 bars, 
2024-07-10 21:36:03,738: root: WARNING: quote is not implemented for YahooData, but USD was passed as the quote
2024-07-10 21:36:03,738: root: WARNING: quote is not implemented for YahooData, but USD was passed as the quote
2024-07-10 21:36:03,738: root: INFO: Current backtesting datetime 2020-10-05 07:30:00-05:00
2024-07-10 21:36:03,739: root: WARNING: quote is not implemented for YahooData, but USD was passed as the quote
2024-07-10 21:36:03,739: root: WARNING: quote is not implemented for YahooData, but USD was passed as the quote
2024-07-10 21:36:03,739: asyncio: INFO: [MLTrader] Executing the before_market_opens lifecycle method
2024-07-10 21:36:03,739: asyncio: INFO: [MLTrader] Getting historical prices for SPY, 1 bars, 
2024-07-10 21:36:03,739: root: WARNING: quote is not implemented for YahooData, but USD was passed as the quote
2024-07-10 21:36:03,740: root: WARNING: quote is not implemented for YahooData, but USD was passed as the quote
2024-07-10 21:36:03,740: asyncio: INFO: [MLTrader] Getting historical prices for SPY, 1 bars, 
2024-07-10 21:36:03,740: root: WARNING: quote is not implemented for YahooData, but USD was passed as the quote
2024-07-10 21:36:03,740: root: WARNING: quote is not implemented for YahooData, but USD was passed as the quote
2024-07-10 21:36:03,740: root: INFO: Current backtesting datetime 2020-10-05 08:30:00-05:00
2024-07-10 21:36:03,740: asyncio: INFO: [MLTrader] Executing the before_starting_trading lifecycle method
2024-07-10 21:36:03,741: asyncio: INFO: [MLTrader] Executing the on_trading_iteration lifecycle method at 2024-07-10 21:36:03
2024-07-10 21:36:03,741: root: WARNING: quote is not implemented for YahooData, but USD was passed as the quote
2024-07-10 21:36:03,742: root: WARNING: quote is not implemented for YahooData, but USD was passed as the quote
2024-07-10 21:36:03,894: asyncio: INFO: [MLTrader] Trading iteration ended at 2024-07-10 21:36:03
2024-07-10 21:36:03,895: asyncio: INFO: [MLTrader] Getting historical prices for SPY, 1 bars, 
2024-07-10 21:36:03,895: root: WARNING: quote is not implemented for YahooData, but USD was passed as the quote
2024-07-10 21:36:03,895: root: WARNING: quote is not implemented for YahooData, but USD was passed as the quote
2024-07-10 21:36:03,895: asyncio: INFO: [MLTrader] Getting historical prices for SPY, 1 bars, 
2024-07-10 21:36:03,895: root: WARNING: quote is not implemented for YahooData, but USD was passed as the quote
2024-07-10 21:36:03,896: root: WARNING: quote is not implemented for YahooData, but USD was passed as the quote
2024-07-10 21:36:03,896: asyncio: INFO: [MLTrader] Sleeping for 86400 seconds
2024-07-10 21:36:03,896: root: INFO: Current backtesting datetime 2020-10-05 15:00:00-05:00
2024-07-10 21:36:03,896: root: INFO: Current backtesting datetime 2020-10-06 08:30:00-05:00
2024-07-10 21:36:03,897: asyncio: INFO: [MLTrader] Executing the on_trading_iteration lifecycle method at 2024-07-10 21:36:03
2024-07-10 21:36:03,897: root: WARNING: quote is not implemented for YahooData, but USD was passed as the quote
2024-07-10 21:36:03,898: root: WARNING: quote is not implemented for YahooData, but USD was passed as the quote
2024-07-10 21:36:04,121: asyncio: INFO: [MLTrader] Trading iteration ended at 2024-07-10 21:36:04
2024-07-10 21:36:04,121: asyncio: INFO: [MLTrader] Getting historical prices for SPY, 1 bars, 
2024-07-10 21:36:04,121: root: WARNING: quote is not implemented for YahooData, but USD was passed as the quote
2024-07-10 21:36:04,121: root: WARNING: quote is not implemented for YahooData, but USD was passed as the quote
2024-07-10 21:36:04,122: asyncio: INFO: [MLTrader] Getting historical prices for SPY, 1 bars, 
2024-07-10 21:36:04,122: root: WARNING: quote is not implemented for YahooData, but USD was passed as the quote
2024-07-10 21:36:04,122: root: WARNING: quote is not implemented for YahooData, but USD was passed as the quote
2024-07-10 21:36:04,122: asyncio: INFO: [MLTrader] Sleeping for 86400 seconds
2024-07-10 21:36:04,123: root: INFO: Current backtesting datetime 2020-10-06 15:00:00-05:00
2024-07-10 21:36:04,123: root: INFO: Current backtesting datetime 2020-10-07 08:30:00-05:00
2024-07-10 21:36:04,123: asyncio: INFO: [MLTrader] Executing the on_trading_iteration lifecycle method at 2024-07-10 21:36:04
2024-07-10 21:36:04,123: root: WARNING: quote is not implemented for YahooData, but USD was passed as the quote
2024-07-10 21:36:04,124: root: WARNING: quote is not implemented for YahooData, but USD was passed as the quote
2024-07-10 21:36:04,254: asyncio: INFO: [MLTrader] Trading iteration ended at 2024-07-10 21:36:04
2024-07-10 21:36:04,254: asyncio: INFO: [MLTrader] Getting historical prices for SPY, 1 bars, 
2024-07-10 21:36:04,254: root: WARNING: quote is not implemented for YahooData, but USD was passed as the quote
2024-07-10 21:36:04,255: root: WARNING: quote is not implemented for YahooData, but USD was passed as the quote
2024-07-10 21:36:04,268: asyncio: INFO: [MLTrader] Getting historical prices for SPY, 1 bars, 
2024-07-10 21:36:04,268: root: WARNING: quote is not implemented for YahooData, but USD was passed as the quote
2024-07-10 21:36:04,268: root: WARNING: quote is not implemented for YahooData, but USD was passed as the quote
2024-07-10 21:36:04,269: asyncio: INFO: [MLTrader] Sleeping for 86400 seconds
2024-07-10 21:36:04,269: root: INFO: Current backtesting datetime 2020-10-07 15:00:00-05:00
2024-07-10 21:36:04,269: root: INFO: Current backtesting datetime 2020-10-08 08:30:00-05:00
2024-07-10 21:36:04,280: asyncio: INFO: [MLTrader] Executing the on_trading_iteration lifecycle method at 2024-07-10 21:36:04
2024-07-10 21:36:04,280: root: WARNING: quote is not implemented for YahooData, but USD was passed as the quote
2024-07-10 21:36:04,281: root: WARNING: quote is not implemented for YahooData, but USD was passed as the quote
2024-07-10 21:36:04,464: asyncio: INFO: [MLTrader] Trading iteration ended at 2024-07-10 21:36:04
2024-07-10 21:36:04,464: asyncio: INFO: [MLTrader] Getting historical prices for SPY, 1 bars, 
2024-07-10 21:36:04,464: root: WARNING: quote is not implemented for YahooData, but USD was passed as the quote
2024-07-10 21:36:04,465: root: WARNING: quote is not implemented for YahooData, but USD was passed as the quote
2024-07-10 21:36:04,465: asyncio: INFO: [MLTrader] Getting historical prices for SPY, 1 bars, 
2024-07-10 21:36:04,465: root: WARNING: quote is not implemented for YahooData, but USD was passed as the quote
2024-07-10 21:36:04,465: root: WARNING: quote is not implemented for YahooData, but USD was passed as the quote
2024-07-10 21:36:04,466: asyncio: INFO: [MLTrader] Sleeping for 86400 seconds
2024-07-10 21:36:04,466: root: INFO: Current backtesting datetime 2020-10-08 15:00:00-05:00
2024-07-10 21:36:04,466: root: INFO: Current backtesting datetime 2020-10-09 08:30:00-05:00
2024-07-10 21:36:04,467: asyncio: INFO: [MLTrader] Executing the on_trading_iteration lifecycle method at 2024-07-10 21:36:04
2024-07-10 21:36:04,467: root: WARNING: quote is not implemented for YahooData, but USD was passed as the quote
2024-07-10 21:36:04,467: root: WARNING: quote is not implemented for YahooData, but USD was passed as the quote
2024-07-10 21:36:04,675: asyncio: INFO: [MLTrader] Trading iteration ended at 2024-07-10 21:36:04
2024-07-10 21:36:04,676: asyncio: INFO: [MLTrader] Getting historical prices for SPY, 1 bars, 
2024-07-10 21:36:04,676: root: WARNING: quote is not implemented for YahooData, but USD was passed as the quote
2024-07-10 21:36:04,677: root: WARNING: quote is not implemented for YahooData, but USD was passed as the quote
2024-07-10 21:36:04,677: asyncio: INFO: [MLTrader] Getting historical prices for SPY, 1 bars, 
2024-07-10 21:36:04,677: root: WARNING: quote is not implemented for YahooData, but USD was passed as the quote
2024-07-10 21:36:04,677: root: WARNING: quote is not implemented for YahooData, but USD was passed as the quote
2024-07-10 21:36:04,678: asyncio: INFO: [MLTrader] Sleeping for 86400 seconds
2024-07-10 21:36:04,678: root: INFO: Current backtesting datetime 2020-10-09 15:00:00-05:00
2024-07-10 21:36:04,678: root: INFO: Current backtesting datetime 2020-10-10 08:30:00-05:00
2024-07-10 21:36:04,679: asyncio: INFO: [MLTrader] The market is not currently open, skipping this trading iteration
2024-07-10 21:36:04,679: asyncio: INFO: [MLTrader] Getting historical prices for SPY, 1 bars, 
2024-07-10 21:36:04,679: root: WARNING: quote is not implemented for YahooData, but USD was passed as the quote
2024-07-10 21:36:04,679: root: WARNING: quote is not implemented for YahooData, but USD was passed as the quote
2024-07-10 21:36:04,679: asyncio: INFO: [MLTrader] Getting historical prices for SPY, 1 bars, 
2024-07-10 21:36:04,679: root: WARNING: quote is not implemented for YahooData, but USD was passed as the quote
2024-07-10 21:36:04,679: root: WARNING: quote is not implemented for YahooData, but USD was passed as the quote
2024-07-10 21:36:04,680: asyncio: INFO: [MLTrader] Getting historical prices for SPY, 1 bars, 
2024-07-10 21:36:04,680: root: WARNING: quote is not implemented for YahooData, but USD was passed as the quote
2024-07-10 21:36:04,680: root: WARNING: quote is not implemented for YahooData, but USD was passed as the quote
2024-07-10 21:36:04,680: asyncio: INFO: [MLTrader] Getting historical prices for SPY, 1 bars, 
2024-07-10 21:36:04,680: root: WARNING: quote is not implemented for YahooData, but USD was passed as the quote
2024-07-10 21:36:04,680: root: WARNING: quote is not implemented for YahooData, but USD was passed as the quote
2024-07-10 21:36:04,680: root: INFO: Current backtesting datetime 2020-10-10 08:29:00-05:00
2024-07-10 21:36:04,681: asyncio: INFO: [MLTrader] Getting historical prices for SPY, 1 bars, 
2024-07-10 21:36:04,681: root: WARNING: quote is not implemented for YahooData, but USD was passed as the quote
2024-07-10 21:36:04,681: root: WARNING: quote is not implemented for YahooData, but USD was passed as the quote
2024-07-10 21:36:04,681: asyncio: INFO: [MLTrader] Getting historical prices for SPY, 1 bars, 
2024-07-10 21:36:04,681: root: WARNING: quote is not implemented for YahooData, but USD was passed as the quote
2024-07-10 21:36:04,681: root: WARNING: quote is not implemented for YahooData, but USD was passed as the quote
2024-07-10 21:36:04,682: root: INFO: Current backtesting datetime 2020-10-10 08:29:00-05:00
2024-07-10 21:36:04,682: asyncio: INFO: [MLTrader] Executing the after_market_closes lifecycle method
2024-07-10 21:36:04,682: asyncio: INFO: [MLTrader] Getting historical prices for SPY, 1 bars, 
2024-07-10 21:36:04,682: root: WARNING: quote is not implemented for YahooData, but USD was passed as the quote
2024-07-10 21:36:04,682: root: WARNING: quote is not implemented for YahooData, but USD was passed as the quote
2024-07-10 21:36:04,682: asyncio: INFO: [MLTrader] Getting historical prices for SPY, 1 bars, 
2024-07-10 21:36:04,682: root: WARNING: quote is not implemented for YahooData, but USD was passed as the quote
2024-07-10 21:36:04,682: root: WARNING: quote is not implemented for YahooData, but USD was passed as the quote
2024-07-10 21:36:04,682: root: INFO: Current backtesting datetime 2020-10-12 07:30:00-05:00
2024-07-10 21:36:04,683: root: WARNING: quote is not implemented for YahooData, but USD was passed as the quote
2024-07-10 21:36:04,683: root: WARNING: quote is not implemented for YahooData, but USD was passed as the quote
2024-07-10 21:36:04,683: asyncio: INFO: [MLTrader] Executing the before_market_opens lifecycle method
2024-07-10 21:36:04,683: asyncio: INFO: [MLTrader] Getting historical prices for SPY, 1 bars, 
2024-07-10 21:36:04,683: root: WARNING: quote is not implemented for YahooData, but USD was passed as the quote
2024-07-10 21:36:04,684: root: WARNING: quote is not implemented for YahooData, but USD was passed as the quote
2024-07-10 21:36:04,684: asyncio: INFO: [MLTrader] Getting historical prices for SPY, 1 bars, 
2024-07-10 21:36:04,684: root: WARNING: quote is not implemented for YahooData, but USD was passed as the quote
2024-07-10 21:36:04,684: root: WARNING: quote is not implemented for YahooData, but USD was passed as the quote
2024-07-10 21:36:04,684: root: INFO: Current backtesting datetime 2020-10-12 08:30:00-05:00
2024-07-10 21:36:04,684: asyncio: INFO: [MLTrader] Executing the before_starting_trading lifecycle method
2024-07-10 21:36:04,685: asyncio: INFO: [MLTrader] Executing the on_trading_iteration lifecycle method at 2024-07-10 21:36:04
2024-07-10 21:36:04,685: root: WARNING: quote is not implemented for YahooData, but USD was passed as the quote
2024-07-10 21:36:04,685: root: WARNING: quote is not implemented for YahooData, but USD was passed as the quote
2024-07-10 21:36:04,894: asyncio: INFO: [MLTrader] Trading iteration ended at 2024-07-10 21:36:04
2024-07-10 21:36:04,894: asyncio: INFO: [MLTrader] Getting historical prices for SPY, 1 bars, 
2024-07-10 21:36:04,895: root: WARNING: quote is not implemented for YahooData, but USD was passed as the quote
2024-07-10 21:36:04,895: root: WARNING: quote is not implemented for YahooData, but USD was passed as the quote
2024-07-10 21:36:04,895: asyncio: INFO: [MLTrader] Getting historical prices for SPY, 1 bars, 
2024-07-10 21:36:04,895: root: WARNING: quote is not implemented for YahooData, but USD was passed as the quote
2024-07-10 21:36:04,896: root: WARNING: quote is not implemented for YahooData, but USD was passed as the quote
2024-07-10 21:36:04,896: asyncio: INFO: [MLTrader] Sleeping for 86400 seconds
2024-07-10 21:36:04,896: root: INFO: Current backtesting datetime 2020-10-12 15:00:00-05:00
2024-07-10 21:36:04,896: root: INFO: Current backtesting datetime 2020-10-13 08:30:00-05:00
2024-07-10 21:36:04,897: asyncio: INFO: [MLTrader] Executing the on_trading_iteration lifecycle method at 2024-07-10 21:36:04
2024-07-10 21:36:04,897: root: WARNING: quote is not implemented for YahooData, but USD was passed as the quote
2024-07-10 21:36:04,898: root: WARNING: quote is not implemented for YahooData, but USD was passed as the quote
2024-07-10 21:36:05,074: asyncio: INFO: [MLTrader] Trading iteration ended at 2024-07-10 21:36:05
2024-07-10 21:36:05,075: asyncio: INFO: [MLTrader] Getting historical prices for SPY, 1 bars, 
2024-07-10 21:36:05,075: root: WARNING: quote is not implemented for YahooData, but USD was passed as the quote
2024-07-10 21:36:05,075: root: WARNING: quote is not implemented for YahooData, but USD was passed as the quote
2024-07-10 21:36:05,088: asyncio: INFO: [MLTrader] Getting historical prices for SPY, 1 bars, 
2024-07-10 21:36:05,088: root: WARNING: quote is not implemented for YahooData, but USD was passed as the quote
2024-07-10 21:36:05,088: root: WARNING: quote is not implemented for YahooData, but USD was passed as the quote
2024-07-10 21:36:05,089: asyncio: INFO: [MLTrader] Sleeping for 86400 seconds
2024-07-10 21:36:05,089: root: INFO: Current backtesting datetime 2020-10-13 15:00:00-05:00
2024-07-10 21:36:05,089: root: INFO: Current backtesting datetime 2020-10-14 08:30:00-05:00
2024-07-10 21:36:05,100: asyncio: INFO: [MLTrader] Executing the on_trading_iteration lifecycle method at 2024-07-10 21:36:05
2024-07-10 21:36:05,100: root: WARNING: quote is not implemented for YahooData, but USD was passed as the quote
2024-07-10 21:36:05,101: root: WARNING: quote is not implemented for YahooData, but USD was passed as the quote
2024-07-10 21:36:05,274: asyncio: INFO: [MLTrader] Trading iteration ended at 2024-07-10 21:36:05
2024-07-10 21:36:05,274: asyncio: INFO: [MLTrader] Getting historical prices for SPY, 1 bars, 
2024-07-10 21:36:05,274: root: WARNING: quote is not implemented for YahooData, but USD was passed as the quote
2024-07-10 21:36:05,275: root: WARNING: quote is not implemented for YahooData, but USD was passed as the quote
2024-07-10 21:36:05,275: asyncio: INFO: [MLTrader] Getting historical prices for SPY, 1 bars, 
2024-07-10 21:36:05,275: root: WARNING: quote is not implemented for YahooData, but USD was passed as the quote
2024-07-10 21:36:05,275: root: WARNING: quote is not implemented for YahooData, but USD was passed as the quote
2024-07-10 21:36:05,276: asyncio: INFO: [MLTrader] Sleeping for 86400 seconds
2024-07-10 21:36:05,276: root: INFO: Current backtesting datetime 2020-10-14 15:00:00-05:00
2024-07-10 21:36:05,276: root: INFO: Current backtesting datetime 2020-10-15 08:30:00-05:00
2024-07-10 21:36:05,277: asyncio: INFO: [MLTrader] Executing the on_trading_iteration lifecycle method at 2024-07-10 21:36:05
2024-07-10 21:36:05,277: root: WARNING: quote is not implemented for YahooData, but USD was passed as the quote
2024-07-10 21:36:05,277: root: WARNING: quote is not implemented for YahooData, but USD was passed as the quote
2024-07-10 21:36:05,476: asyncio: INFO: [MLTrader] Trading iteration ended at 2024-07-10 21:36:05
2024-07-10 21:36:05,476: asyncio: INFO: [MLTrader] Getting historical prices for SPY, 1 bars, 
2024-07-10 21:36:05,477: root: WARNING: quote is not implemented for YahooData, but USD was passed as the quote
2024-07-10 21:36:05,477: root: WARNING: quote is not implemented for YahooData, but USD was passed as the quote
2024-07-10 21:36:05,477: asyncio: INFO: [MLTrader] Getting historical prices for SPY, 1 bars, 
2024-07-10 21:36:05,477: root: WARNING: quote is not implemented for YahooData, but USD was passed as the quote
2024-07-10 21:36:05,478: root: WARNING: quote is not implemented for YahooData, but USD was passed as the quote
2024-07-10 21:36:05,478: asyncio: INFO: [MLTrader] Sleeping for 86400 seconds
2024-07-10 21:36:05,479: root: INFO: Current backtesting datetime 2020-10-15 15:00:00-05:00
2024-07-10 21:36:05,479: root: INFO: Current backtesting datetime 2020-10-16 08:30:00-05:00
2024-07-10 21:36:05,479: asyncio: INFO: [MLTrader] Executing the on_trading_iteration lifecycle method at 2024-07-10 21:36:05
2024-07-10 21:36:05,479: root: WARNING: quote is not implemented for YahooData, but USD was passed as the quote
2024-07-10 21:36:05,480: root: WARNING: quote is not implemented for YahooData, but USD was passed as the quote
2024-07-10 21:36:05,705: asyncio: INFO: [MLTrader] Trading iteration ended at 2024-07-10 21:36:05
2024-07-10 21:36:05,705: asyncio: INFO: [MLTrader] Getting historical prices for SPY, 1 bars, 
2024-07-10 21:36:05,705: root: WARNING: quote is not implemented for YahooData, but USD was passed as the quote
2024-07-10 21:36:05,706: root: WARNING: quote is not implemented for YahooData, but USD was passed as the quote
2024-07-10 21:36:05,706: asyncio: INFO: [MLTrader] Getting historical prices for SPY, 1 bars, 
2024-07-10 21:36:05,706: root: WARNING: quote is not implemented for YahooData, but USD was passed as the quote
2024-07-10 21:36:05,706: root: WARNING: quote is not implemented for YahooData, but USD was passed as the quote
2024-07-10 21:36:05,706: asyncio: INFO: [MLTrader] Sleeping for 86400 seconds
2024-07-10 21:36:05,707: root: INFO: Current backtesting datetime 2020-10-16 15:00:00-05:00
2024-07-10 21:36:05,707: root: INFO: Current backtesting datetime 2020-10-17 08:30:00-05:00
2024-07-10 21:36:05,707: asyncio: INFO: [MLTrader] The market is not currently open, skipping this trading iteration
2024-07-10 21:36:05,707: asyncio: INFO: [MLTrader] Getting historical prices for SPY, 1 bars, 
2024-07-10 21:36:05,707: root: WARNING: quote is not implemented for YahooData, but USD was passed as the quote
2024-07-10 21:36:05,708: root: WARNING: quote is not implemented for YahooData, but USD was passed as the quote
2024-07-10 21:36:05,708: asyncio: INFO: [MLTrader] Getting historical prices for SPY, 1 bars, 
2024-07-10 21:36:05,708: root: WARNING: quote is not implemented for YahooData, but USD was passed as the quote
2024-07-10 21:36:05,708: root: WARNING: quote is not implemented for YahooData, but USD was passed as the quote
2024-07-10 21:36:05,708: asyncio: INFO: [MLTrader] Getting historical prices for SPY, 1 bars, 
2024-07-10 21:36:05,708: root: WARNING: quote is not implemented for YahooData, but USD was passed as the quote
2024-07-10 21:36:05,709: root: WARNING: quote is not implemented for YahooData, but USD was passed as the quote
2024-07-10 21:36:05,709: asyncio: INFO: [MLTrader] Getting historical prices for SPY, 1 bars, 
2024-07-10 21:36:05,709: root: WARNING: quote is not implemented for YahooData, but USD was passed as the quote
2024-07-10 21:36:05,709: root: WARNING: quote is not implemented for YahooData, but USD was passed as the quote
2024-07-10 21:36:05,709: root: INFO: Current backtesting datetime 2020-10-17 08:29:00-05:00
2024-07-10 21:36:05,709: asyncio: INFO: [MLTrader] Getting historical prices for SPY, 1 bars, 
2024-07-10 21:36:05,709: root: WARNING: quote is not implemented for YahooData, but USD was passed as the quote
2024-07-10 21:36:05,710: root: WARNING: quote is not implemented for YahooData, but USD was passed as the quote
2024-07-10 21:36:05,710: asyncio: INFO: [MLTrader] Getting historical prices for SPY, 1 bars, 
2024-07-10 21:36:05,710: root: WARNING: quote is not implemented for YahooData, but USD was passed as the quote
2024-07-10 21:36:05,710: root: WARNING: quote is not implemented for YahooData, but USD was passed as the quote
2024-07-10 21:36:05,710: root: INFO: Current backtesting datetime 2020-10-17 08:29:00-05:00
2024-07-10 21:36:05,710: asyncio: INFO: [MLTrader] Executing the after_market_closes lifecycle method
2024-07-10 21:36:05,710: asyncio: INFO: [MLTrader] Getting historical prices for SPY, 1 bars, 
2024-07-10 21:36:05,710: root: WARNING: quote is not implemented for YahooData, but USD was passed as the quote
2024-07-10 21:36:05,711: root: WARNING: quote is not implemented for YahooData, but USD was passed as the quote
2024-07-10 21:36:05,711: asyncio: INFO: [MLTrader] Getting historical prices for SPY, 1 bars, 
2024-07-10 21:36:05,711: root: WARNING: quote is not implemented for YahooData, but USD was passed as the quote
2024-07-10 21:36:05,711: root: WARNING: quote is not implemented for YahooData, but USD was passed as the quote
2024-07-10 21:36:05,711: root: INFO: Current backtesting datetime 2020-10-19 07:30:00-05:00
2024-07-10 21:36:05,711: root: WARNING: quote is not implemented for YahooData, but USD was passed as the quote
2024-07-10 21:36:05,712: root: WARNING: quote is not implemented for YahooData, but USD was passed as the quote
2024-07-10 21:36:05,712: asyncio: INFO: [MLTrader] Executing the before_market_opens lifecycle method
2024-07-10 21:36:05,712: asyncio: INFO: [MLTrader] Getting historical prices for SPY, 1 bars, 
2024-07-10 21:36:05,712: root: WARNING: quote is not implemented for YahooData, but USD was passed as the quote
2024-07-10 21:36:05,712: root: WARNING: quote is not implemented for YahooData, but USD was passed as the quote
2024-07-10 21:36:05,712: asyncio: INFO: [MLTrader] Getting historical prices for SPY, 1 bars, 
2024-07-10 21:36:05,712: root: WARNING: quote is not implemented for YahooData, but USD was passed as the quote
2024-07-10 21:36:05,713: root: WARNING: quote is not implemented for YahooData, but USD was passed as the quote
2024-07-10 21:36:05,713: root: INFO: Current backtesting datetime 2020-10-19 08:30:00-05:00
2024-07-10 21:36:05,713: asyncio: INFO: [MLTrader] Executing the before_starting_trading lifecycle method
2024-07-10 21:36:05,714: asyncio: INFO: [MLTrader] Executing the on_trading_iteration lifecycle method at 2024-07-10 21:36:05
2024-07-10 21:36:05,714: root: WARNING: quote is not implemented for YahooData, but USD was passed as the quote
2024-07-10 21:36:05,714: root: WARNING: quote is not implemented for YahooData, but USD was passed as the quote
2024-07-10 21:36:05,921: asyncio: INFO: [MLTrader] Trading iteration ended at 2024-07-10 21:36:05
2024-07-10 21:36:05,921: asyncio: INFO: [MLTrader] Getting historical prices for SPY, 1 bars, 
2024-07-10 21:36:05,921: root: WARNING: quote is not implemented for YahooData, but USD was passed as the quote
2024-07-10 21:36:05,921: root: WARNING: quote is not implemented for YahooData, but USD was passed as the quote
2024-07-10 21:36:05,937: asyncio: INFO: [MLTrader] Getting historical prices for SPY, 1 bars, 
2024-07-10 21:36:05,937: root: WARNING: quote is not implemented for YahooData, but USD was passed as the quote
2024-07-10 21:36:05,937: root: WARNING: quote is not implemented for YahooData, but USD was passed as the quote
2024-07-10 21:36:05,938: asyncio: INFO: [MLTrader] Sleeping for 86400 seconds
2024-07-10 21:36:05,939: root: INFO: Current backtesting datetime 2020-10-19 15:00:00-05:00
2024-07-10 21:36:05,939: root: INFO: Current backtesting datetime 2020-10-20 08:30:00-05:00
2024-07-10 21:36:05,944: asyncio: INFO: [MLTrader] Executing the on_trading_iteration lifecycle method at 2024-07-10 21:36:05
2024-07-10 21:36:05,945: root: WARNING: quote is not implemented for YahooData, but USD was passed as the quote
2024-07-10 21:36:05,945: root: WARNING: quote is not implemented for YahooData, but USD was passed as the quote
2024-07-10 21:36:06,149: asyncio: INFO: [MLTrader] Trading iteration ended at 2024-07-10 21:36:06
2024-07-10 21:36:06,149: asyncio: INFO: [MLTrader] Getting historical prices for SPY, 1 bars, 
2024-07-10 21:36:06,149: root: WARNING: quote is not implemented for YahooData, but USD was passed as the quote
2024-07-10 21:36:06,150: root: WARNING: quote is not implemented for YahooData, but USD was passed as the quote
2024-07-10 21:36:06,150: asyncio: INFO: [MLTrader] Getting historical prices for SPY, 1 bars, 
2024-07-10 21:36:06,150: root: WARNING: quote is not implemented for YahooData, but USD was passed as the quote
2024-07-10 21:36:06,151: root: WARNING: quote is not implemented for YahooData, but USD was passed as the quote
2024-07-10 21:36:06,151: asyncio: INFO: [MLTrader] Sleeping for 86400 seconds
2024-07-10 21:36:06,152: root: INFO: Current backtesting datetime 2020-10-20 15:00:00-05:00
2024-07-10 21:36:06,152: root: INFO: Current backtesting datetime 2020-10-21 08:30:00-05:00
2024-07-10 21:36:06,152: asyncio: INFO: [MLTrader] Executing the on_trading_iteration lifecycle method at 2024-07-10 21:36:06
2024-07-10 21:36:06,153: root: WARNING: quote is not implemented for YahooData, but USD was passed as the quote
2024-07-10 21:36:06,153: root: WARNING: quote is not implemented for YahooData, but USD was passed as the quote
2024-07-10 21:36:06,292: asyncio: INFO: [MLTrader] Trading iteration ended at 2024-07-10 21:36:06
2024-07-10 21:36:06,292: asyncio: INFO: [MLTrader] Getting historical prices for SPY, 1 bars, 
2024-07-10 21:36:06,292: root: WARNING: quote is not implemented for YahooData, but USD was passed as the quote
2024-07-10 21:36:06,292: root: WARNING: quote is not implemented for YahooData, but USD was passed as the quote
2024-07-10 21:36:06,292: asyncio: INFO: [MLTrader] Getting historical prices for SPY, 1 bars, 
2024-07-10 21:36:06,293: root: WARNING: quote is not implemented for YahooData, but USD was passed as the quote
2024-07-10 21:36:06,293: root: WARNING: quote is not implemented for YahooData, but USD was passed as the quote
2024-07-10 21:36:06,293: asyncio: INFO: [MLTrader] Sleeping for 86400 seconds
2024-07-10 21:36:06,294: root: INFO: Current backtesting datetime 2020-10-21 15:00:00-05:00
2024-07-10 21:36:06,294: root: INFO: Current backtesting datetime 2020-10-22 08:30:00-05:00
2024-07-10 21:36:06,294: asyncio: INFO: [MLTrader] Executing the on_trading_iteration lifecycle method at 2024-07-10 21:36:06
2024-07-10 21:36:06,294: root: WARNING: quote is not implemented for YahooData, but USD was passed as the quote
2024-07-10 21:36:06,295: root: WARNING: quote is not implemented for YahooData, but USD was passed as the quote
2024-07-10 21:36:06,448: asyncio: INFO: [MLTrader] Trading iteration ended at 2024-07-10 21:36:06
2024-07-10 21:36:06,448: asyncio: INFO: [MLTrader] Getting historical prices for SPY, 1 bars, 
2024-07-10 21:36:06,448: root: WARNING: quote is not implemented for YahooData, but USD was passed as the quote
2024-07-10 21:36:06,448: root: WARNING: quote is not implemented for YahooData, but USD was passed as the quote
2024-07-10 21:36:06,448: asyncio: INFO: [MLTrader] Getting historical prices for SPY, 1 bars, 
2024-07-10 21:36:06,449: root: WARNING: quote is not implemented for YahooData, but USD was passed as the quote
2024-07-10 21:36:06,449: root: WARNING: quote is not implemented for YahooData, but USD was passed as the quote
2024-07-10 21:36:06,449: asyncio: INFO: [MLTrader] Sleeping for 86400 seconds
2024-07-10 21:36:06,450: root: INFO: Current backtesting datetime 2020-10-22 15:00:00-05:00
2024-07-10 21:36:06,450: root: INFO: Current backtesting datetime 2020-10-23 08:30:00-05:00
2024-07-10 21:36:06,450: asyncio: INFO: [MLTrader] Executing the on_trading_iteration lifecycle method at 2024-07-10 21:36:06
2024-07-10 21:36:06,450: root: WARNING: quote is not implemented for YahooData, but USD was passed as the quote
2024-07-10 21:36:06,451: root: WARNING: quote is not implemented for YahooData, but USD was passed as the quote
2024-07-10 21:36:06,599: asyncio: INFO: [MLTrader] Trading iteration ended at 2024-07-10 21:36:06
2024-07-10 21:36:06,599: asyncio: INFO: [MLTrader] Getting historical prices for SPY, 1 bars, 
2024-07-10 21:36:06,599: root: WARNING: quote is not implemented for YahooData, but USD was passed as the quote
2024-07-10 21:36:06,600: root: WARNING: quote is not implemented for YahooData, but USD was passed as the quote
2024-07-10 21:36:06,608: asyncio: INFO: [MLTrader] Getting historical prices for SPY, 1 bars, 
2024-07-10 21:36:06,609: root: WARNING: quote is not implemented for YahooData, but USD was passed as the quote
2024-07-10 21:36:06,609: root: WARNING: quote is not implemented for YahooData, but USD was passed as the quote
2024-07-10 21:36:06,610: asyncio: INFO: [MLTrader] Sleeping for 86400 seconds
2024-07-10 21:36:06,610: root: INFO: Current backtesting datetime 2020-10-23 15:00:00-05:00
2024-07-10 21:36:06,610: root: INFO: Current backtesting datetime 2020-10-24 08:30:00-05:00
2024-07-10 21:36:06,610: asyncio: INFO: [MLTrader] The market is not currently open, skipping this trading iteration
2024-07-10 21:36:06,611: asyncio: INFO: [MLTrader] Getting historical prices for SPY, 1 bars, 
2024-07-10 21:36:06,611: root: WARNING: quote is not implemented for YahooData, but USD was passed as the quote
2024-07-10 21:36:06,611: root: WARNING: quote is not implemented for YahooData, but USD was passed as the quote
2024-07-10 21:36:06,611: asyncio: INFO: [MLTrader] Getting historical prices for SPY, 1 bars, 
2024-07-10 21:36:06,611: root: WARNING: quote is not implemented for YahooData, but USD was passed as the quote
2024-07-10 21:36:06,611: root: WARNING: quote is not implemented for YahooData, but USD was passed as the quote
2024-07-10 21:36:06,611: asyncio: INFO: [MLTrader] Getting historical prices for SPY, 1 bars, 
2024-07-10 21:36:06,611: root: WARNING: quote is not implemented for YahooData, but USD was passed as the quote
2024-07-10 21:36:06,612: root: WARNING: quote is not implemented for YahooData, but USD was passed as the quote
2024-07-10 21:36:06,612: asyncio: INFO: [MLTrader] Getting historical prices for SPY, 1 bars, 
2024-07-10 21:36:06,612: root: WARNING: quote is not implemented for YahooData, but USD was passed as the quote
2024-07-10 21:36:06,612: root: WARNING: quote is not implemented for YahooData, but USD was passed as the quote
2024-07-10 21:36:06,612: root: INFO: Current backtesting datetime 2020-10-24 08:29:00-05:00
2024-07-10 21:36:06,612: asyncio: INFO: [MLTrader] Getting historical prices for SPY, 1 bars, 
2024-07-10 21:36:06,613: root: WARNING: quote is not implemented for YahooData, but USD was passed as the quote
2024-07-10 21:36:06,613: root: WARNING: quote is not implemented for YahooData, but USD was passed as the quote
2024-07-10 21:36:06,613: asyncio: INFO: [MLTrader] Getting historical prices for SPY, 1 bars, 
2024-07-10 21:36:06,613: root: WARNING: quote is not implemented for YahooData, but USD was passed as the quote
2024-07-10 21:36:06,613: root: WARNING: quote is not implemented for YahooData, but USD was passed as the quote
2024-07-10 21:36:06,613: root: INFO: Current backtesting datetime 2020-10-24 08:29:00-05:00
2024-07-10 21:36:06,613: asyncio: INFO: [MLTrader] Executing the after_market_closes lifecycle method
2024-07-10 21:36:06,613: asyncio: INFO: [MLTrader] Getting historical prices for SPY, 1 bars, 
2024-07-10 21:36:06,613: root: WARNING: quote is not implemented for YahooData, but USD was passed as the quote
2024-07-10 21:36:06,614: root: WARNING: quote is not implemented for YahooData, but USD was passed as the quote
2024-07-10 21:36:06,614: asyncio: INFO: [MLTrader] Getting historical prices for SPY, 1 bars, 
2024-07-10 21:36:06,614: root: WARNING: quote is not implemented for YahooData, but USD was passed as the quote
2024-07-10 21:36:06,614: root: WARNING: quote is not implemented for YahooData, but USD was passed as the quote
2024-07-10 21:36:06,614: root: INFO: Current backtesting datetime 2020-10-26 07:30:00-05:00
2024-07-10 21:36:06,614: root: WARNING: quote is not implemented for YahooData, but USD was passed as the quote
2024-07-10 21:36:06,615: root: WARNING: quote is not implemented for YahooData, but USD was passed as the quote
2024-07-10 21:36:06,615: asyncio: INFO: [MLTrader] Executing the before_market_opens lifecycle method
2024-07-10 21:36:06,615: asyncio: INFO: [MLTrader] Getting historical prices for SPY, 1 bars, 
2024-07-10 21:36:06,615: root: WARNING: quote is not implemented for YahooData, but USD was passed as the quote
2024-07-10 21:36:06,615: root: WARNING: quote is not implemented for YahooData, but USD was passed as the quote
2024-07-10 21:36:06,615: asyncio: INFO: [MLTrader] Getting historical prices for SPY, 1 bars, 
2024-07-10 21:36:06,616: root: WARNING: quote is not implemented for YahooData, but USD was passed as the quote
2024-07-10 21:36:06,616: root: WARNING: quote is not implemented for YahooData, but USD was passed as the quote
2024-07-10 21:36:06,616: root: INFO: Current backtesting datetime 2020-10-26 08:30:00-05:00
2024-07-10 21:36:06,616: asyncio: INFO: [MLTrader] Executing the before_starting_trading lifecycle method
2024-07-10 21:36:06,622: asyncio: INFO: [MLTrader] Executing the on_trading_iteration lifecycle method at 2024-07-10 21:36:06
2024-07-10 21:36:06,622: root: WARNING: quote is not implemented for YahooData, but USD was passed as the quote
2024-07-10 21:36:06,623: root: WARNING: quote is not implemented for YahooData, but USD was passed as the quote
2024-07-10 21:36:06,789: asyncio: INFO: [MLTrader] Trading iteration ended at 2024-07-10 21:36:06
2024-07-10 21:36:06,789: asyncio: INFO: [MLTrader] Getting historical prices for SPY, 1 bars, 
2024-07-10 21:36:06,789: root: WARNING: quote is not implemented for YahooData, but USD was passed as the quote
2024-07-10 21:36:06,790: root: WARNING: quote is not implemented for YahooData, but USD was passed as the quote
2024-07-10 21:36:06,790: asyncio: INFO: [MLTrader] Getting historical prices for SPY, 1 bars, 
2024-07-10 21:36:06,790: root: WARNING: quote is not implemented for YahooData, but USD was passed as the quote
2024-07-10 21:36:06,790: root: WARNING: quote is not implemented for YahooData, but USD was passed as the quote
2024-07-10 21:36:06,791: asyncio: INFO: [MLTrader] Sleeping for 86400 seconds
2024-07-10 21:36:06,791: root: INFO: Current backtesting datetime 2020-10-26 15:00:00-05:00
2024-07-10 21:36:06,791: root: INFO: Current backtesting datetime 2020-10-27 08:30:00-05:00
2024-07-10 21:36:06,792: asyncio: INFO: [MLTrader] Executing the on_trading_iteration lifecycle method at 2024-07-10 21:36:06
2024-07-10 21:36:06,792: root: WARNING: quote is not implemented for YahooData, but USD was passed as the quote
2024-07-10 21:36:06,792: root: WARNING: quote is not implemented for YahooData, but USD was passed as the quote
2024-07-10 21:36:06,993: asyncio: INFO: [MLTrader] Trading iteration ended at 2024-07-10 21:36:06
2024-07-10 21:36:06,993: asyncio: INFO: [MLTrader] Getting historical prices for SPY, 1 bars, 
2024-07-10 21:36:06,993: root: WARNING: quote is not implemented for YahooData, but USD was passed as the quote
2024-07-10 21:36:06,994: root: WARNING: quote is not implemented for YahooData, but USD was passed as the quote
2024-07-10 21:36:06,994: asyncio: INFO: [MLTrader] Getting historical prices for SPY, 1 bars, 
2024-07-10 21:36:06,994: root: WARNING: quote is not implemented for YahooData, but USD was passed as the quote
2024-07-10 21:36:06,995: root: WARNING: quote is not implemented for YahooData, but USD was passed as the quote
2024-07-10 21:36:06,995: asyncio: INFO: [MLTrader] Sleeping for 86400 seconds
2024-07-10 21:36:06,995: root: INFO: Current backtesting datetime 2020-10-27 15:00:00-05:00
2024-07-10 21:36:06,995: root: INFO: Current backtesting datetime 2020-10-28 08:30:00-05:00
2024-07-10 21:36:06,996: asyncio: INFO: [MLTrader] Executing the on_trading_iteration lifecycle method at 2024-07-10 21:36:06
2024-07-10 21:36:06,996: root: WARNING: quote is not implemented for YahooData, but USD was passed as the quote
2024-07-10 21:36:06,997: root: WARNING: quote is not implemented for YahooData, but USD was passed as the quote
2024-07-10 21:36:07,151: asyncio: INFO: [MLTrader] Trading iteration ended at 2024-07-10 21:36:07
2024-07-10 21:36:07,151: asyncio: INFO: [MLTrader] Getting historical prices for SPY, 1 bars, 
2024-07-10 21:36:07,151: root: WARNING: quote is not implemented for YahooData, but USD was passed as the quote
2024-07-10 21:36:07,152: root: WARNING: quote is not implemented for YahooData, but USD was passed as the quote
2024-07-10 21:36:07,152: asyncio: INFO: [MLTrader] Getting historical prices for SPY, 1 bars, 
2024-07-10 21:36:07,152: root: WARNING: quote is not implemented for YahooData, but USD was passed as the quote
2024-07-10 21:36:07,152: root: WARNING: quote is not implemented for YahooData, but USD was passed as the quote
2024-07-10 21:36:07,153: asyncio: INFO: [MLTrader] Sleeping for 86400 seconds
2024-07-10 21:36:07,153: root: INFO: Current backtesting datetime 2020-10-28 15:00:00-05:00
2024-07-10 21:36:07,153: root: INFO: Current backtesting datetime 2020-10-29 08:30:00-05:00
2024-07-10 21:36:07,153: asyncio: INFO: [MLTrader] Executing the on_trading_iteration lifecycle method at 2024-07-10 21:36:07
2024-07-10 21:36:07,154: root: WARNING: quote is not implemented for YahooData, but USD was passed as the quote
2024-07-10 21:36:07,154: root: WARNING: quote is not implemented for YahooData, but USD was passed as the quote
2024-07-10 21:36:07,339: asyncio: INFO: [MLTrader] Trading iteration ended at 2024-07-10 21:36:07
2024-07-10 21:36:07,339: asyncio: INFO: [MLTrader] Getting historical prices for SPY, 1 bars, 
2024-07-10 21:36:07,339: root: WARNING: quote is not implemented for YahooData, but USD was passed as the quote
2024-07-10 21:36:07,339: root: WARNING: quote is not implemented for YahooData, but USD was passed as the quote
2024-07-10 21:36:07,340: asyncio: INFO: [MLTrader] Getting historical prices for SPY, 1 bars, 
2024-07-10 21:36:07,354: root: WARNING: quote is not implemented for YahooData, but USD was passed as the quote
2024-07-10 21:36:07,354: root: WARNING: quote is not implemented for YahooData, but USD was passed as the quote
2024-07-10 21:36:07,356: asyncio: INFO: [MLTrader] Sleeping for 86400 seconds
2024-07-10 21:36:07,356: root: INFO: Current backtesting datetime 2020-10-29 15:00:00-05:00
2024-07-10 21:36:07,356: root: INFO: Current backtesting datetime 2020-10-30 08:30:00-05:00
2024-07-10 21:36:07,361: asyncio: INFO: [MLTrader] Executing the on_trading_iteration lifecycle method at 2024-07-10 21:36:07
2024-07-10 21:36:07,361: root: WARNING: quote is not implemented for YahooData, but USD was passed as the quote
2024-07-10 21:36:07,362: root: WARNING: quote is not implemented for YahooData, but USD was passed as the quote
2024-07-10 21:36:07,568: asyncio: INFO: [MLTrader] Trading iteration ended at 2024-07-10 21:36:07
2024-07-10 21:36:07,568: asyncio: INFO: [MLTrader] Getting historical prices for SPY, 1 bars, 
2024-07-10 21:36:07,568: root: WARNING: quote is not implemented for YahooData, but USD was passed as the quote
2024-07-10 21:36:07,569: root: WARNING: quote is not implemented for YahooData, but USD was passed as the quote
2024-07-10 21:36:07,569: asyncio: INFO: [MLTrader] Getting historical prices for SPY, 1 bars, 
2024-07-10 21:36:07,569: root: WARNING: quote is not implemented for YahooData, but USD was passed as the quote
2024-07-10 21:36:07,569: root: WARNING: quote is not implemented for YahooData, but USD was passed as the quote
2024-07-10 21:36:07,569: asyncio: INFO: [MLTrader] Sleeping for 86400 seconds
2024-07-10 21:36:07,570: root: INFO: Current backtesting datetime 2020-10-30 15:00:00-05:00
2024-07-10 21:36:07,570: root: INFO: Current backtesting datetime 2020-10-31 08:30:00-05:00
2024-07-10 21:36:07,570: asyncio: INFO: [MLTrader] The market is not currently open, skipping this trading iteration
2024-07-10 21:36:07,570: asyncio: INFO: [MLTrader] Getting historical prices for SPY, 1 bars, 
2024-07-10 21:36:07,570: root: WARNING: quote is not implemented for YahooData, but USD was passed as the quote
2024-07-10 21:36:07,571: root: WARNING: quote is not implemented for YahooData, but USD was passed as the quote
2024-07-10 21:36:07,571: asyncio: INFO: [MLTrader] Getting historical prices for SPY, 1 bars, 
2024-07-10 21:36:07,571: root: WARNING: quote is not implemented for YahooData, but USD was passed as the quote
2024-07-10 21:36:07,571: root: WARNING: quote is not implemented for YahooData, but USD was passed as the quote
2024-07-10 21:36:07,571: asyncio: INFO: [MLTrader] Getting historical prices for SPY, 1 bars, 
2024-07-10 21:36:07,571: root: WARNING: quote is not implemented for YahooData, but USD was passed as the quote
2024-07-10 21:36:07,572: root: WARNING: quote is not implemented for YahooData, but USD was passed as the quote
2024-07-10 21:36:07,572: asyncio: INFO: [MLTrader] Getting historical prices for SPY, 1 bars, 
2024-07-10 21:36:07,572: root: WARNING: quote is not implemented for YahooData, but USD was passed as the quote
2024-07-10 21:36:07,572: root: WARNING: quote is not implemented for YahooData, but USD was passed as the quote
2024-07-10 21:36:07,572: root: INFO: Current backtesting datetime 2020-10-31 08:29:00-05:00
2024-07-10 21:36:07,572: asyncio: INFO: [MLTrader] Getting historical prices for SPY, 1 bars, 
2024-07-10 21:36:07,572: root: WARNING: quote is not implemented for YahooData, but USD was passed as the quote
2024-07-10 21:36:07,573: root: WARNING: quote is not implemented for YahooData, but USD was passed as the quote
2024-07-10 21:36:07,573: asyncio: INFO: [MLTrader] Getting historical prices for SPY, 1 bars, 
2024-07-10 21:36:07,573: root: WARNING: quote is not implemented for YahooData, but USD was passed as the quote
2024-07-10 21:36:07,573: root: WARNING: quote is not implemented for YahooData, but USD was passed as the quote
2024-07-10 21:36:07,573: root: INFO: Current backtesting datetime 2020-10-31 08:29:00-05:00
2024-07-10 21:36:07,573: asyncio: INFO: [MLTrader] Executing the after_market_closes lifecycle method
2024-07-10 21:36:07,573: asyncio: INFO: [MLTrader] Getting historical prices for SPY, 1 bars, 
2024-07-10 21:36:07,573: root: WARNING: quote is not implemented for YahooData, but USD was passed as the quote
2024-07-10 21:36:07,573: root: WARNING: quote is not implemented for YahooData, but USD was passed as the quote
2024-07-10 21:36:07,574: asyncio: INFO: [MLTrader] Getting historical prices for SPY, 1 bars, 
2024-07-10 21:36:07,574: root: WARNING: quote is not implemented for YahooData, but USD was passed as the quote
2024-07-10 21:36:07,574: root: WARNING: quote is not implemented for YahooData, but USD was passed as the quote
2024-07-10 21:36:07,574: root: INFO: Current backtesting datetime 2020-11-02 08:30:00-05:00
2024-07-10 21:36:07,574: root: WARNING: quote is not implemented for YahooData, but USD was passed as the quote
2024-07-10 21:36:07,575: root: WARNING: quote is not implemented for YahooData, but USD was passed as the quote
2024-07-10 21:36:07,575: asyncio: INFO: [MLTrader] Executing the before_market_opens lifecycle method
2024-07-10 21:36:07,575: asyncio: INFO: [MLTrader] Getting historical prices for SPY, 1 bars, 
2024-07-10 21:36:07,575: root: WARNING: quote is not implemented for YahooData, but USD was passed as the quote
2024-07-10 21:36:07,575: root: WARNING: quote is not implemented for YahooData, but USD was passed as the quote
2024-07-10 21:36:07,575: asyncio: INFO: [MLTrader] Getting historical prices for SPY, 1 bars, 
2024-07-10 21:36:07,575: root: WARNING: quote is not implemented for YahooData, but USD was passed as the quote
2024-07-10 21:36:07,576: root: WARNING: quote is not implemented for YahooData, but USD was passed as the quote
2024-07-10 21:36:07,576: root: INFO: Current backtesting datetime 2020-11-02 09:30:00-05:00
2024-07-10 21:36:07,576: asyncio: INFO: [MLTrader] Executing the before_starting_trading lifecycle method
2024-07-10 21:36:07,577: asyncio: INFO: [MLTrader] Executing the on_trading_iteration lifecycle method at 2024-07-10 21:36:07
2024-07-10 21:36:07,577: root: WARNING: quote is not implemented for YahooData, but USD was passed as the quote
2024-07-10 21:36:07,577: root: WARNING: quote is not implemented for YahooData, but USD was passed as the quote
2024-07-10 21:36:07,732: asyncio: INFO: [MLTrader] Trading iteration ended at 2024-07-10 21:36:07
2024-07-10 21:36:07,733: asyncio: INFO: [MLTrader] Getting historical prices for SPY, 1 bars, 
2024-07-10 21:36:07,733: root: WARNING: quote is not implemented for YahooData, but USD was passed as the quote
2024-07-10 21:36:07,733: root: WARNING: quote is not implemented for YahooData, but USD was passed as the quote
2024-07-10 21:36:07,733: asyncio: INFO: [MLTrader] Getting historical prices for SPY, 1 bars, 
2024-07-10 21:36:07,733: root: WARNING: quote is not implemented for YahooData, but USD was passed as the quote
2024-07-10 21:36:07,734: root: WARNING: quote is not implemented for YahooData, but USD was passed as the quote
2024-07-10 21:36:07,734: asyncio: INFO: [MLTrader] Sleeping for 86400 seconds
2024-07-10 21:36:07,734: root: INFO: Current backtesting datetime 2020-11-02 16:00:00-05:00
2024-07-10 21:36:07,734: root: INFO: Current backtesting datetime 2020-11-03 09:30:00-05:00
2024-07-10 21:36:07,735: asyncio: INFO: [MLTrader] Executing the on_trading_iteration lifecycle method at 2024-07-10 21:36:07
2024-07-10 21:36:07,735: root: WARNING: quote is not implemented for YahooData, but USD was passed as the quote
2024-07-10 21:36:07,735: root: WARNING: quote is not implemented for YahooData, but USD was passed as the quote
2024-07-10 21:36:07,909: asyncio: INFO: [MLTrader] Trading iteration ended at 2024-07-10 21:36:07
2024-07-10 21:36:07,909: asyncio: INFO: [MLTrader] Getting historical prices for SPY, 1 bars, 
2024-07-10 21:36:07,909: root: WARNING: quote is not implemented for YahooData, but USD was passed as the quote
2024-07-10 21:36:07,910: root: WARNING: quote is not implemented for YahooData, but USD was passed as the quote
2024-07-10 21:36:07,910: asyncio: INFO: [MLTrader] Getting historical prices for SPY, 1 bars, 
2024-07-10 21:36:07,910: root: WARNING: quote is not implemented for YahooData, but USD was passed as the quote
2024-07-10 21:36:07,910: root: WARNING: quote is not implemented for YahooData, but USD was passed as the quote
2024-07-10 21:36:07,911: asyncio: INFO: [MLTrader] Sleeping for 86400 seconds
2024-07-10 21:36:07,911: root: INFO: Current backtesting datetime 2020-11-03 16:00:00-05:00
2024-07-10 21:36:07,911: root: INFO: Current backtesting datetime 2020-11-04 09:30:00-05:00
2024-07-10 21:36:07,912: asyncio: INFO: [MLTrader] Executing the on_trading_iteration lifecycle method at 2024-07-10 21:36:07
2024-07-10 21:36:07,912: root: WARNING: quote is not implemented for YahooData, but USD was passed as the quote
2024-07-10 21:36:07,912: root: WARNING: quote is not implemented for YahooData, but USD was passed as the quote
2024-07-10 21:36:08,034: asyncio: INFO: [MLTrader] Trading iteration ended at 2024-07-10 21:36:08
2024-07-10 21:36:08,035: asyncio: INFO: [MLTrader] Getting historical prices for SPY, 1 bars, 
2024-07-10 21:36:08,035: root: WARNING: quote is not implemented for YahooData, but USD was passed as the quote
2024-07-10 21:36:08,035: root: WARNING: quote is not implemented for YahooData, but USD was passed as the quote
2024-07-10 21:36:08,045: asyncio: INFO: [MLTrader] Getting historical prices for SPY, 1 bars, 
2024-07-10 21:36:08,045: root: WARNING: quote is not implemented for YahooData, but USD was passed as the quote
2024-07-10 21:36:08,046: root: WARNING: quote is not implemented for YahooData, but USD was passed as the quote
2024-07-10 21:36:08,047: asyncio: INFO: [MLTrader] Sleeping for 86400 seconds
2024-07-10 21:36:08,047: root: INFO: Current backtesting datetime 2020-11-04 16:00:00-05:00
2024-07-10 21:36:08,047: root: INFO: Current backtesting datetime 2020-11-05 09:30:00-05:00
2024-07-10 21:36:08,055: asyncio: INFO: [MLTrader] Executing the on_trading_iteration lifecycle method at 2024-07-10 21:36:08
2024-07-10 21:36:08,055: root: WARNING: quote is not implemented for YahooData, but USD was passed as the quote
2024-07-10 21:36:08,055: root: WARNING: quote is not implemented for YahooData, but USD was passed as the quote
2024-07-10 21:36:08,257: asyncio: INFO: [MLTrader] Trading iteration ended at 2024-07-10 21:36:08
2024-07-10 21:36:08,257: asyncio: INFO: [MLTrader] Getting historical prices for SPY, 1 bars, 
2024-07-10 21:36:08,257: root: WARNING: quote is not implemented for YahooData, but USD was passed as the quote
2024-07-10 21:36:08,258: root: WARNING: quote is not implemented for YahooData, but USD was passed as the quote
2024-07-10 21:36:08,258: asyncio: INFO: [MLTrader] Getting historical prices for SPY, 1 bars, 
2024-07-10 21:36:08,258: root: WARNING: quote is not implemented for YahooData, but USD was passed as the quote
2024-07-10 21:36:08,258: root: WARNING: quote is not implemented for YahooData, but USD was passed as the quote
2024-07-10 21:36:08,259: asyncio: INFO: [MLTrader] Sleeping for 86400 seconds
2024-07-10 21:36:08,259: root: INFO: Current backtesting datetime 2020-11-05 16:00:00-05:00
2024-07-10 21:36:08,259: root: INFO: Current backtesting datetime 2020-11-06 09:30:00-05:00
2024-07-10 21:36:08,260: asyncio: INFO: [MLTrader] Executing the on_trading_iteration lifecycle method at 2024-07-10 21:36:08
2024-07-10 21:36:08,260: root: WARNING: quote is not implemented for YahooData, but USD was passed as the quote
2024-07-10 21:36:08,260: root: WARNING: quote is not implemented for YahooData, but USD was passed as the quote
2024-07-10 21:36:08,418: asyncio: INFO: [MLTrader] Trading iteration ended at 2024-07-10 21:36:08
2024-07-10 21:36:08,418: asyncio: INFO: [MLTrader] Getting historical prices for SPY, 1 bars, 
2024-07-10 21:36:08,418: root: WARNING: quote is not implemented for YahooData, but USD was passed as the quote
2024-07-10 21:36:08,419: root: WARNING: quote is not implemented for YahooData, but USD was passed as the quote
2024-07-10 21:36:08,419: asyncio: INFO: [MLTrader] Getting historical prices for SPY, 1 bars, 
2024-07-10 21:36:08,419: root: WARNING: quote is not implemented for YahooData, but USD was passed as the quote
2024-07-10 21:36:08,419: root: WARNING: quote is not implemented for YahooData, but USD was passed as the quote
2024-07-10 21:36:08,420: asyncio: INFO: [MLTrader] Sleeping for 86400 seconds
2024-07-10 21:36:08,420: root: INFO: Current backtesting datetime 2020-11-06 16:00:00-05:00
2024-07-10 21:36:08,420: root: INFO: Current backtesting datetime 2020-11-07 09:30:00-05:00
2024-07-10 21:36:08,421: asyncio: INFO: [MLTrader] The market is not currently open, skipping this trading iteration
2024-07-10 21:36:08,421: asyncio: INFO: [MLTrader] Getting historical prices for SPY, 1 bars, 
2024-07-10 21:36:08,421: root: WARNING: quote is not implemented for YahooData, but USD was passed as the quote
2024-07-10 21:36:08,421: root: WARNING: quote is not implemented for YahooData, but USD was passed as the quote
2024-07-10 21:36:08,421: asyncio: INFO: [MLTrader] Getting historical prices for SPY, 1 bars, 
2024-07-10 21:36:08,421: root: WARNING: quote is not implemented for YahooData, but USD was passed as the quote
2024-07-10 21:36:08,422: root: WARNING: quote is not implemented for YahooData, but USD was passed as the quote
2024-07-10 21:36:08,422: asyncio: INFO: [MLTrader] Getting historical prices for SPY, 1 bars, 
2024-07-10 21:36:08,422: root: WARNING: quote is not implemented for YahooData, but USD was passed as the quote
2024-07-10 21:36:08,422: root: WARNING: quote is not implemented for YahooData, but USD was passed as the quote
2024-07-10 21:36:08,422: asyncio: INFO: [MLTrader] Getting historical prices for SPY, 1 bars, 
2024-07-10 21:36:08,422: root: WARNING: quote is not implemented for YahooData, but USD was passed as the quote
2024-07-10 21:36:08,423: root: WARNING: quote is not implemented for YahooData, but USD was passed as the quote
2024-07-10 21:36:08,423: root: INFO: Current backtesting datetime 2020-11-07 09:29:00-05:00
2024-07-10 21:36:08,423: asyncio: INFO: [MLTrader] Getting historical prices for SPY, 1 bars, 
2024-07-10 21:36:08,423: root: WARNING: quote is not implemented for YahooData, but USD was passed as the quote
2024-07-10 21:36:08,423: root: WARNING: quote is not implemented for YahooData, but USD was passed as the quote
2024-07-10 21:36:08,423: asyncio: INFO: [MLTrader] Getting historical prices for SPY, 1 bars, 
2024-07-10 21:36:08,423: root: WARNING: quote is not implemented for YahooData, but USD was passed as the quote
2024-07-10 21:36:08,424: root: WARNING: quote is not implemented for YahooData, but USD was passed as the quote
2024-07-10 21:36:08,424: root: INFO: Current backtesting datetime 2020-11-07 09:29:00-05:00
2024-07-10 21:36:08,424: asyncio: INFO: [MLTrader] Executing the after_market_closes lifecycle method
2024-07-10 21:36:08,424: asyncio: INFO: [MLTrader] Getting historical prices for SPY, 1 bars, 
2024-07-10 21:36:08,424: root: WARNING: quote is not implemented for YahooData, but USD was passed as the quote
2024-07-10 21:36:08,424: root: WARNING: quote is not implemented for YahooData, but USD was passed as the quote
2024-07-10 21:36:08,424: asyncio: INFO: [MLTrader] Getting historical prices for SPY, 1 bars, 
2024-07-10 21:36:08,424: root: WARNING: quote is not implemented for YahooData, but USD was passed as the quote
2024-07-10 21:36:08,425: root: WARNING: quote is not implemented for YahooData, but USD was passed as the quote
2024-07-10 21:36:08,425: root: INFO: Current backtesting datetime 2020-11-09 08:30:00-05:00
2024-07-10 21:36:08,425: root: WARNING: quote is not implemented for YahooData, but USD was passed as the quote
2024-07-10 21:36:08,425: root: WARNING: quote is not implemented for YahooData, but USD was passed as the quote
2024-07-10 21:36:08,426: asyncio: INFO: [MLTrader] Executing the before_market_opens lifecycle method
2024-07-10 21:36:08,426: asyncio: INFO: [MLTrader] Getting historical prices for SPY, 1 bars, 
2024-07-10 21:36:08,426: root: WARNING: quote is not implemented for YahooData, but USD was passed as the quote
2024-07-10 21:36:08,426: root: WARNING: quote is not implemented for YahooData, but USD was passed as the quote
2024-07-10 21:36:08,426: asyncio: INFO: [MLTrader] Getting historical prices for SPY, 1 bars, 
2024-07-10 21:36:08,426: root: WARNING: quote is not implemented for YahooData, but USD was passed as the quote
2024-07-10 21:36:08,426: root: WARNING: quote is not implemented for YahooData, but USD was passed as the quote
2024-07-10 21:36:08,427: root: INFO: Current backtesting datetime 2020-11-09 09:30:00-05:00
2024-07-10 21:36:08,427: asyncio: INFO: [MLTrader] Executing the before_starting_trading lifecycle method
2024-07-10 21:36:08,427: asyncio: INFO: [MLTrader] Executing the on_trading_iteration lifecycle method at 2024-07-10 21:36:08
2024-07-10 21:36:08,428: root: WARNING: quote is not implemented for YahooData, but USD was passed as the quote
2024-07-10 21:36:08,428: root: WARNING: quote is not implemented for YahooData, but USD was passed as the quote
2024-07-10 21:36:08,646: asyncio: INFO: [MLTrader] Trading iteration ended at 2024-07-10 21:36:08
2024-07-10 21:36:08,647: asyncio: INFO: [MLTrader] Getting historical prices for SPY, 1 bars, 
2024-07-10 21:36:08,647: root: WARNING: quote is not implemented for YahooData, but USD was passed as the quote
2024-07-10 21:36:08,647: root: WARNING: quote is not implemented for YahooData, but USD was passed as the quote
2024-07-10 21:36:08,647: asyncio: INFO: [MLTrader] Getting historical prices for SPY, 1 bars, 
2024-07-10 21:36:08,647: root: WARNING: quote is not implemented for YahooData, but USD was passed as the quote
2024-07-10 21:36:08,648: root: WARNING: quote is not implemented for YahooData, but USD was passed as the quote
2024-07-10 21:36:08,648: asyncio: INFO: [MLTrader] Sleeping for 86400 seconds
2024-07-10 21:36:08,648: root: INFO: Current backtesting datetime 2020-11-09 16:00:00-05:00
2024-07-10 21:36:08,648: root: INFO: Current backtesting datetime 2020-11-10 09:30:00-05:00
2024-07-10 21:36:08,649: asyncio: INFO: [MLTrader] Executing the on_trading_iteration lifecycle method at 2024-07-10 21:36:08
2024-07-10 21:36:08,649: root: WARNING: quote is not implemented for YahooData, but USD was passed as the quote
2024-07-10 21:36:08,650: root: WARNING: quote is not implemented for YahooData, but USD was passed as the quote
2024-07-10 21:36:08,796: asyncio: INFO: [MLTrader] Trading iteration ended at 2024-07-10 21:36:08
2024-07-10 21:36:08,796: asyncio: INFO: [MLTrader] Getting historical prices for SPY, 1 bars, 
2024-07-10 21:36:08,796: root: WARNING: quote is not implemented for YahooData, but USD was passed as the quote
2024-07-10 21:36:08,797: root: WARNING: quote is not implemented for YahooData, but USD was passed as the quote
2024-07-10 21:36:08,807: asyncio: INFO: [MLTrader] Getting historical prices for SPY, 1 bars, 
2024-07-10 21:36:08,807: root: WARNING: quote is not implemented for YahooData, but USD was passed as the quote
2024-07-10 21:36:08,807: root: WARNING: quote is not implemented for YahooData, but USD was passed as the quote
2024-07-10 21:36:08,808: asyncio: INFO: [MLTrader] Sleeping for 86400 seconds
2024-07-10 21:36:08,808: root: INFO: Current backtesting datetime 2020-11-10 16:00:00-05:00
2024-07-10 21:36:08,808: root: INFO: Current backtesting datetime 2020-11-11 09:30:00-05:00
2024-07-10 21:36:08,818: asyncio: INFO: [MLTrader] Executing the on_trading_iteration lifecycle method at 2024-07-10 21:36:08
2024-07-10 21:36:08,818: root: WARNING: quote is not implemented for YahooData, but USD was passed as the quote
2024-07-10 21:36:08,818: root: WARNING: quote is not implemented for YahooData, but USD was passed as the quote
2024-07-10 21:36:08,968: asyncio: INFO: [MLTrader] Trading iteration ended at 2024-07-10 21:36:08
2024-07-10 21:36:08,968: asyncio: INFO: [MLTrader] Getting historical prices for SPY, 1 bars, 
2024-07-10 21:36:08,968: root: WARNING: quote is not implemented for YahooData, but USD was passed as the quote
2024-07-10 21:36:08,969: root: WARNING: quote is not implemented for YahooData, but USD was passed as the quote
2024-07-10 21:36:08,969: asyncio: INFO: [MLTrader] Getting historical prices for SPY, 1 bars, 
2024-07-10 21:36:08,969: root: WARNING: quote is not implemented for YahooData, but USD was passed as the quote
2024-07-10 21:36:08,969: root: WARNING: quote is not implemented for YahooData, but USD was passed as the quote
2024-07-10 21:36:08,969: asyncio: INFO: [MLTrader] Sleeping for 86400 seconds
2024-07-10 21:36:08,970: root: INFO: Current backtesting datetime 2020-11-11 16:00:00-05:00
2024-07-10 21:36:08,970: root: INFO: Current backtesting datetime 2020-11-12 09:30:00-05:00
2024-07-10 21:36:08,970: asyncio: INFO: [MLTrader] Executing the on_trading_iteration lifecycle method at 2024-07-10 21:36:08
2024-07-10 21:36:08,970: root: WARNING: quote is not implemented for YahooData, but USD was passed as the quote
2024-07-10 21:36:08,971: root: WARNING: quote is not implemented for YahooData, but USD was passed as the quote
2024-07-10 21:36:09,164: asyncio: INFO: [MLTrader] Trading iteration ended at 2024-07-10 21:36:09
2024-07-10 21:36:09,164: asyncio: INFO: [MLTrader] Getting historical prices for SPY, 1 bars, 
2024-07-10 21:36:09,164: root: WARNING: quote is not implemented for YahooData, but USD was passed as the quote
2024-07-10 21:36:09,165: root: WARNING: quote is not implemented for YahooData, but USD was passed as the quote
2024-07-10 21:36:09,165: asyncio: INFO: [MLTrader] Getting historical prices for SPY, 1 bars, 
2024-07-10 21:36:09,165: root: WARNING: quote is not implemented for YahooData, but USD was passed as the quote
2024-07-10 21:36:09,165: root: WARNING: quote is not implemented for YahooData, but USD was passed as the quote
2024-07-10 21:36:09,165: asyncio: INFO: [MLTrader] Sleeping for 86400 seconds
2024-07-10 21:36:09,166: root: INFO: Current backtesting datetime 2020-11-12 16:00:00-05:00
2024-07-10 21:36:09,166: root: INFO: Current backtesting datetime 2020-11-13 09:30:00-05:00
2024-07-10 21:36:09,166: asyncio: INFO: [MLTrader] Executing the on_trading_iteration lifecycle method at 2024-07-10 21:36:09
2024-07-10 21:36:09,166: root: WARNING: quote is not implemented for YahooData, but USD was passed as the quote
2024-07-10 21:36:09,167: root: WARNING: quote is not implemented for YahooData, but USD was passed as the quote
2024-07-10 21:36:09,394: asyncio: INFO: [MLTrader] Trading iteration ended at 2024-07-10 21:36:09
2024-07-10 21:36:09,394: asyncio: INFO: [MLTrader] Getting historical prices for SPY, 1 bars, 
2024-07-10 21:36:09,394: root: WARNING: quote is not implemented for YahooData, but USD was passed as the quote
2024-07-10 21:36:09,394: root: WARNING: quote is not implemented for YahooData, but USD was passed as the quote
2024-07-10 21:36:09,395: asyncio: INFO: [MLTrader] Getting historical prices for SPY, 1 bars, 
2024-07-10 21:36:09,395: root: WARNING: quote is not implemented for YahooData, but USD was passed as the quote
2024-07-10 21:36:09,395: root: WARNING: quote is not implemented for YahooData, but USD was passed as the quote
2024-07-10 21:36:09,395: asyncio: INFO: [MLTrader] Sleeping for 86400 seconds
2024-07-10 21:36:09,396: root: INFO: Current backtesting datetime 2020-11-13 16:00:00-05:00
2024-07-10 21:36:09,396: root: INFO: Current backtesting datetime 2020-11-14 09:30:00-05:00
2024-07-10 21:36:09,396: asyncio: INFO: [MLTrader] The market is not currently open, skipping this trading iteration
2024-07-10 21:36:09,396: asyncio: INFO: [MLTrader] Getting historical prices for SPY, 1 bars, 
2024-07-10 21:36:09,396: root: WARNING: quote is not implemented for YahooData, but USD was passed as the quote
2024-07-10 21:36:09,396: root: WARNING: quote is not implemented for YahooData, but USD was passed as the quote
2024-07-10 21:36:09,397: asyncio: INFO: [MLTrader] Getting historical prices for SPY, 1 bars, 
2024-07-10 21:36:09,397: root: WARNING: quote is not implemented for YahooData, but USD was passed as the quote
2024-07-10 21:36:09,397: root: WARNING: quote is not implemented for YahooData, but USD was passed as the quote
2024-07-10 21:36:09,397: asyncio: INFO: [MLTrader] Getting historical prices for SPY, 1 bars, 
2024-07-10 21:36:09,397: root: WARNING: quote is not implemented for YahooData, but USD was passed as the quote
2024-07-10 21:36:09,398: root: WARNING: quote is not implemented for YahooData, but USD was passed as the quote
2024-07-10 21:36:09,398: asyncio: INFO: [MLTrader] Getting historical prices for SPY, 1 bars, 
2024-07-10 21:36:09,398: root: WARNING: quote is not implemented for YahooData, but USD was passed as the quote
2024-07-10 21:36:09,398: root: WARNING: quote is not implemented for YahooData, but USD was passed as the quote
2024-07-10 21:36:09,398: root: INFO: Current backtesting datetime 2020-11-14 09:29:00-05:00
2024-07-10 21:36:09,398: asyncio: INFO: [MLTrader] Getting historical prices for SPY, 1 bars, 
2024-07-10 21:36:09,398: root: WARNING: quote is not implemented for YahooData, but USD was passed as the quote
2024-07-10 21:36:09,399: root: WARNING: quote is not implemented for YahooData, but USD was passed as the quote
2024-07-10 21:36:09,399: asyncio: INFO: [MLTrader] Getting historical prices for SPY, 1 bars, 
2024-07-10 21:36:09,399: root: WARNING: quote is not implemented for YahooData, but USD was passed as the quote
2024-07-10 21:36:09,399: root: WARNING: quote is not implemented for YahooData, but USD was passed as the quote
2024-07-10 21:36:09,399: root: INFO: Current backtesting datetime 2020-11-14 09:29:00-05:00
2024-07-10 21:36:09,399: asyncio: INFO: [MLTrader] Executing the after_market_closes lifecycle method
2024-07-10 21:36:09,399: asyncio: INFO: [MLTrader] Getting historical prices for SPY, 1 bars, 
2024-07-10 21:36:09,399: root: WARNING: quote is not implemented for YahooData, but USD was passed as the quote
2024-07-10 21:36:09,400: root: WARNING: quote is not implemented for YahooData, but USD was passed as the quote
2024-07-10 21:36:09,400: asyncio: INFO: [MLTrader] Getting historical prices for SPY, 1 bars, 
2024-07-10 21:36:09,400: root: WARNING: quote is not implemented for YahooData, but USD was passed as the quote
2024-07-10 21:36:09,400: root: WARNING: quote is not implemented for YahooData, but USD was passed as the quote
2024-07-10 21:36:09,400: root: INFO: Current backtesting datetime 2020-11-16 08:30:00-05:00
2024-07-10 21:36:09,400: root: WARNING: quote is not implemented for YahooData, but USD was passed as the quote
2024-07-10 21:36:09,401: root: WARNING: quote is not implemented for YahooData, but USD was passed as the quote
2024-07-10 21:36:09,401: asyncio: INFO: [MLTrader] Executing the before_market_opens lifecycle method
2024-07-10 21:36:09,401: asyncio: INFO: [MLTrader] Getting historical prices for SPY, 1 bars, 
2024-07-10 21:36:09,401: root: WARNING: quote is not implemented for YahooData, but USD was passed as the quote
2024-07-10 21:36:09,401: root: WARNING: quote is not implemented for YahooData, but USD was passed as the quote
2024-07-10 21:36:09,401: asyncio: INFO: [MLTrader] Getting historical prices for SPY, 1 bars, 
2024-07-10 21:36:09,401: root: WARNING: quote is not implemented for YahooData, but USD was passed as the quote
2024-07-10 21:36:09,402: root: WARNING: quote is not implemented for YahooData, but USD was passed as the quote
2024-07-10 21:36:09,402: root: INFO: Current backtesting datetime 2020-11-16 09:30:00-05:00
2024-07-10 21:36:09,402: asyncio: INFO: [MLTrader] Executing the before_starting_trading lifecycle method
2024-07-10 21:36:09,403: asyncio: INFO: [MLTrader] Executing the on_trading_iteration lifecycle method at 2024-07-10 21:36:09
2024-07-10 21:36:09,403: root: WARNING: quote is not implemented for YahooData, but USD was passed as the quote
2024-07-10 21:36:09,403: root: WARNING: quote is not implemented for YahooData, but USD was passed as the quote
2024-07-10 21:36:09,584: asyncio: INFO: [MLTrader] Trading iteration ended at 2024-07-10 21:36:09
2024-07-10 21:36:09,584: asyncio: INFO: [MLTrader] Getting historical prices for SPY, 1 bars, 
2024-07-10 21:36:09,584: root: WARNING: quote is not implemented for YahooData, but USD was passed as the quote
2024-07-10 21:36:09,584: root: WARNING: quote is not implemented for YahooData, but USD was passed as the quote
2024-07-10 21:36:09,594: asyncio: INFO: [MLTrader] Getting historical prices for SPY, 1 bars, 
2024-07-10 21:36:09,594: root: WARNING: quote is not implemented for YahooData, but USD was passed as the quote
2024-07-10 21:36:09,594: root: WARNING: quote is not implemented for YahooData, but USD was passed as the quote
2024-07-10 21:36:09,596: asyncio: INFO: [MLTrader] Sleeping for 86400 seconds
2024-07-10 21:36:09,596: root: INFO: Current backtesting datetime 2020-11-16 16:00:00-05:00
2024-07-10 21:36:09,596: root: INFO: Current backtesting datetime 2020-11-17 09:30:00-05:00
2024-07-10 21:36:09,611: asyncio: INFO: [MLTrader] Executing the on_trading_iteration lifecycle method at 2024-07-10 21:36:09
2024-07-10 21:36:09,611: root: WARNING: quote is not implemented for YahooData, but USD was passed as the quote
2024-07-10 21:36:09,612: root: WARNING: quote is not implemented for YahooData, but USD was passed as the quote
2024-07-10 21:36:09,793: asyncio: INFO: [MLTrader] Trading iteration ended at 2024-07-10 21:36:09
2024-07-10 21:36:09,793: asyncio: INFO: [MLTrader] Getting historical prices for SPY, 1 bars, 
2024-07-10 21:36:09,793: root: WARNING: quote is not implemented for YahooData, but USD was passed as the quote
2024-07-10 21:36:09,794: root: WARNING: quote is not implemented for YahooData, but USD was passed as the quote
2024-07-10 21:36:09,794: asyncio: INFO: [MLTrader] Getting historical prices for SPY, 1 bars, 
2024-07-10 21:36:09,794: root: WARNING: quote is not implemented for YahooData, but USD was passed as the quote
2024-07-10 21:36:09,794: root: WARNING: quote is not implemented for YahooData, but USD was passed as the quote
2024-07-10 21:36:09,795: asyncio: INFO: [MLTrader] Sleeping for 86400 seconds
2024-07-10 21:36:09,795: root: INFO: Current backtesting datetime 2020-11-17 16:00:00-05:00
2024-07-10 21:36:09,795: root: INFO: Current backtesting datetime 2020-11-18 09:30:00-05:00
2024-07-10 21:36:09,795: asyncio: INFO: [MLTrader] Executing the on_trading_iteration lifecycle method at 2024-07-10 21:36:09
2024-07-10 21:36:09,796: root: WARNING: quote is not implemented for YahooData, but USD was passed as the quote
2024-07-10 21:36:09,796: root: WARNING: quote is not implemented for YahooData, but USD was passed as the quote
2024-07-10 21:36:10,020: asyncio: INFO: [MLTrader] Trading iteration ended at 2024-07-10 21:36:10
2024-07-10 21:36:10,020: asyncio: INFO: [MLTrader] Getting historical prices for SPY, 1 bars, 
2024-07-10 21:36:10,020: root: WARNING: quote is not implemented for YahooData, but USD was passed as the quote
2024-07-10 21:36:10,021: root: WARNING: quote is not implemented for YahooData, but USD was passed as the quote
2024-07-10 21:36:10,021: asyncio: INFO: [MLTrader] Getting historical prices for SPY, 1 bars, 
2024-07-10 21:36:10,021: root: WARNING: quote is not implemented for YahooData, but USD was passed as the quote
2024-07-10 21:36:10,021: root: WARNING: quote is not implemented for YahooData, but USD was passed as the quote
2024-07-10 21:36:10,022: asyncio: INFO: [MLTrader] Sleeping for 86400 seconds
2024-07-10 21:36:10,022: root: INFO: Current backtesting datetime 2020-11-18 16:00:00-05:00
2024-07-10 21:36:10,022: root: INFO: Current backtesting datetime 2020-11-19 09:30:00-05:00
2024-07-10 21:36:10,023: asyncio: INFO: [MLTrader] Executing the on_trading_iteration lifecycle method at 2024-07-10 21:36:10
2024-07-10 21:36:10,023: root: WARNING: quote is not implemented for YahooData, but USD was passed as the quote
2024-07-10 21:36:10,023: root: WARNING: quote is not implemented for YahooData, but USD was passed as the quote
2024-07-10 21:36:10,185: asyncio: INFO: [MLTrader] Trading iteration ended at 2024-07-10 21:36:10
2024-07-10 21:36:10,185: asyncio: INFO: [MLTrader] Getting historical prices for SPY, 1 bars, 
2024-07-10 21:36:10,186: root: WARNING: quote is not implemented for YahooData, but USD was passed as the quote
2024-07-10 21:36:10,186: root: WARNING: quote is not implemented for YahooData, but USD was passed as the quote
2024-07-10 21:36:10,186: asyncio: INFO: [MLTrader] Getting historical prices for SPY, 1 bars, 
2024-07-10 21:36:10,186: root: WARNING: quote is not implemented for YahooData, but USD was passed as the quote
2024-07-10 21:36:10,187: root: WARNING: quote is not implemented for YahooData, but USD was passed as the quote
2024-07-10 21:36:10,187: asyncio: INFO: [MLTrader] Sleeping for 86400 seconds
2024-07-10 21:36:10,187: root: INFO: Current backtesting datetime 2020-11-19 16:00:00-05:00
2024-07-10 21:36:10,187: root: INFO: Current backtesting datetime 2020-11-20 09:30:00-05:00
2024-07-10 21:36:10,188: asyncio: INFO: [MLTrader] Executing the on_trading_iteration lifecycle method at 2024-07-10 21:36:10
2024-07-10 21:36:10,188: root: WARNING: quote is not implemented for YahooData, but USD was passed as the quote
2024-07-10 21:36:10,189: root: WARNING: quote is not implemented for YahooData, but USD was passed as the quote
2024-07-10 21:36:10,417: asyncio: INFO: [MLTrader] Trading iteration ended at 2024-07-10 21:36:10
2024-07-10 21:36:10,417: asyncio: INFO: [MLTrader] Getting historical prices for SPY, 1 bars, 
2024-07-10 21:36:10,417: root: WARNING: quote is not implemented for YahooData, but USD was passed as the quote
2024-07-10 21:36:10,418: root: WARNING: quote is not implemented for YahooData, but USD was passed as the quote
2024-07-10 21:36:10,418: asyncio: INFO: [MLTrader] Getting historical prices for SPY, 1 bars, 
2024-07-10 21:36:10,433: root: WARNING: quote is not implemented for YahooData, but USD was passed as the quote
2024-07-10 21:36:10,433: root: WARNING: quote is not implemented for YahooData, but USD was passed as the quote
2024-07-10 21:36:10,434: asyncio: INFO: [MLTrader] Sleeping for 86400 seconds
2024-07-10 21:36:10,435: root: INFO: Current backtesting datetime 2020-11-20 16:00:00-05:00
2024-07-10 21:36:10,435: root: INFO: Current backtesting datetime 2020-11-21 09:30:00-05:00
2024-07-10 21:36:10,435: asyncio: INFO: [MLTrader] The market is not currently open, skipping this trading iteration
2024-07-10 21:36:10,435: asyncio: INFO: [MLTrader] Getting historical prices for SPY, 1 bars, 
2024-07-10 21:36:10,435: root: WARNING: quote is not implemented for YahooData, but USD was passed as the quote
2024-07-10 21:36:10,436: root: WARNING: quote is not implemented for YahooData, but USD was passed as the quote
2024-07-10 21:36:10,436: asyncio: INFO: [MLTrader] Getting historical prices for SPY, 1 bars, 
2024-07-10 21:36:10,436: root: WARNING: quote is not implemented for YahooData, but USD was passed as the quote
2024-07-10 21:36:10,436: root: WARNING: quote is not implemented for YahooData, but USD was passed as the quote
2024-07-10 21:36:10,436: asyncio: INFO: [MLTrader] Getting historical prices for SPY, 1 bars, 
2024-07-10 21:36:10,436: root: WARNING: quote is not implemented for YahooData, but USD was passed as the quote
2024-07-10 21:36:10,437: root: WARNING: quote is not implemented for YahooData, but USD was passed as the quote
2024-07-10 21:36:10,437: asyncio: INFO: [MLTrader] Getting historical prices for SPY, 1 bars, 
2024-07-10 21:36:10,437: root: WARNING: quote is not implemented for YahooData, but USD was passed as the quote
2024-07-10 21:36:10,437: root: WARNING: quote is not implemented for YahooData, but USD was passed as the quote
2024-07-10 21:36:10,437: root: INFO: Current backtesting datetime 2020-11-21 09:29:00-05:00
2024-07-10 21:36:10,437: asyncio: INFO: [MLTrader] Getting historical prices for SPY, 1 bars, 
2024-07-10 21:36:10,437: root: WARNING: quote is not implemented for YahooData, but USD was passed as the quote
2024-07-10 21:36:10,438: root: WARNING: quote is not implemented for YahooData, but USD was passed as the quote
2024-07-10 21:36:10,438: asyncio: INFO: [MLTrader] Getting historical prices for SPY, 1 bars, 
2024-07-10 21:36:10,438: root: WARNING: quote is not implemented for YahooData, but USD was passed as the quote
2024-07-10 21:36:10,438: root: WARNING: quote is not implemented for YahooData, but USD was passed as the quote
2024-07-10 21:36:10,438: root: INFO: Current backtesting datetime 2020-11-21 09:29:00-05:00
2024-07-10 21:36:10,438: asyncio: INFO: [MLTrader] Executing the after_market_closes lifecycle method
2024-07-10 21:36:10,438: asyncio: INFO: [MLTrader] Getting historical prices for SPY, 1 bars, 
2024-07-10 21:36:10,438: root: WARNING: quote is not implemented for YahooData, but USD was passed as the quote
2024-07-10 21:36:10,439: root: WARNING: quote is not implemented for YahooData, but USD was passed as the quote
2024-07-10 21:36:10,439: asyncio: INFO: [MLTrader] Getting historical prices for SPY, 1 bars, 
2024-07-10 21:36:10,439: root: WARNING: quote is not implemented for YahooData, but USD was passed as the quote
2024-07-10 21:36:10,439: root: WARNING: quote is not implemented for YahooData, but USD was passed as the quote
2024-07-10 21:36:10,439: root: INFO: Current backtesting datetime 2020-11-23 08:30:00-05:00
2024-07-10 21:36:10,439: root: WARNING: quote is not implemented for YahooData, but USD was passed as the quote
2024-07-10 21:36:10,440: root: WARNING: quote is not implemented for YahooData, but USD was passed as the quote
2024-07-10 21:36:10,440: asyncio: INFO: [MLTrader] Executing the before_market_opens lifecycle method
2024-07-10 21:36:10,440: asyncio: INFO: [MLTrader] Getting historical prices for SPY, 1 bars, 
2024-07-10 21:36:10,440: root: WARNING: quote is not implemented for YahooData, but USD was passed as the quote
2024-07-10 21:36:10,440: root: WARNING: quote is not implemented for YahooData, but USD was passed as the quote
2024-07-10 21:36:10,440: asyncio: INFO: [MLTrader] Getting historical prices for SPY, 1 bars, 
2024-07-10 21:36:10,440: root: WARNING: quote is not implemented for YahooData, but USD was passed as the quote
2024-07-10 21:36:10,441: root: WARNING: quote is not implemented for YahooData, but USD was passed as the quote
2024-07-10 21:36:10,441: root: INFO: Current backtesting datetime 2020-11-23 09:30:00-05:00
2024-07-10 21:36:10,441: asyncio: INFO: [MLTrader] Executing the before_starting_trading lifecycle method
2024-07-10 21:36:10,450: asyncio: INFO: [MLTrader] Executing the on_trading_iteration lifecycle method at 2024-07-10 21:36:10
2024-07-10 21:36:10,450: root: WARNING: quote is not implemented for YahooData, but USD was passed as the quote
2024-07-10 21:36:10,451: root: WARNING: quote is not implemented for YahooData, but USD was passed as the quote
2024-07-10 21:36:10,630: asyncio: INFO: [MLTrader] Trading iteration ended at 2024-07-10 21:36:10
2024-07-10 21:36:10,630: asyncio: INFO: [MLTrader] Getting historical prices for SPY, 1 bars, 
2024-07-10 21:36:10,630: root: WARNING: quote is not implemented for YahooData, but USD was passed as the quote
2024-07-10 21:36:10,631: root: WARNING: quote is not implemented for YahooData, but USD was passed as the quote
2024-07-10 21:36:10,631: asyncio: INFO: [MLTrader] Getting historical prices for SPY, 1 bars, 
2024-07-10 21:36:10,631: root: WARNING: quote is not implemented for YahooData, but USD was passed as the quote
2024-07-10 21:36:10,631: root: WARNING: quote is not implemented for YahooData, but USD was passed as the quote
2024-07-10 21:36:10,632: asyncio: INFO: [MLTrader] Sleeping for 86400 seconds
2024-07-10 21:36:10,632: root: INFO: Current backtesting datetime 2020-11-23 16:00:00-05:00
2024-07-10 21:36:10,632: root: INFO: Current backtesting datetime 2020-11-24 09:30:00-05:00
2024-07-10 21:36:10,632: asyncio: INFO: [MLTrader] Executing the on_trading_iteration lifecycle method at 2024-07-10 21:36:10
2024-07-10 21:36:10,633: root: WARNING: quote is not implemented for YahooData, but USD was passed as the quote
2024-07-10 21:36:10,633: root: WARNING: quote is not implemented for YahooData, but USD was passed as the quote
2024-07-10 21:36:10,807: asyncio: INFO: [MLTrader] Trading iteration ended at 2024-07-10 21:36:10
2024-07-10 21:36:10,807: asyncio: INFO: [MLTrader] Getting historical prices for SPY, 1 bars, 
2024-07-10 21:36:10,807: root: WARNING: quote is not implemented for YahooData, but USD was passed as the quote
2024-07-10 21:36:10,807: root: WARNING: quote is not implemented for YahooData, but USD was passed as the quote
2024-07-10 21:36:10,807: asyncio: INFO: [MLTrader] Getting historical prices for SPY, 1 bars, 
2024-07-10 21:36:10,807: root: WARNING: quote is not implemented for YahooData, but USD was passed as the quote
2024-07-10 21:36:10,808: root: WARNING: quote is not implemented for YahooData, but USD was passed as the quote
2024-07-10 21:36:10,808: asyncio: INFO: [MLTrader] Sleeping for 86400 seconds
2024-07-10 21:36:10,809: root: INFO: Current backtesting datetime 2020-11-24 16:00:00-05:00
2024-07-10 21:36:10,809: root: INFO: Current backtesting datetime 2020-11-25 09:30:00-05:00
2024-07-10 21:36:10,809: asyncio: INFO: [MLTrader] Executing the on_trading_iteration lifecycle method at 2024-07-10 21:36:10
2024-07-10 21:36:10,809: root: WARNING: quote is not implemented for YahooData, but USD was passed as the quote
2024-07-10 21:36:10,810: root: WARNING: quote is not implemented for YahooData, but USD was passed as the quote
2024-07-10 21:36:11,026: asyncio: INFO: [MLTrader] Trading iteration ended at 2024-07-10 21:36:11
2024-07-10 21:36:11,027: asyncio: INFO: [MLTrader] Getting historical prices for SPY, 1 bars, 
2024-07-10 21:36:11,027: root: WARNING: quote is not implemented for YahooData, but USD was passed as the quote
2024-07-10 21:36:11,027: root: WARNING: quote is not implemented for YahooData, but USD was passed as the quote
2024-07-10 21:36:11,027: asyncio: INFO: [MLTrader] Getting historical prices for SPY, 1 bars, 
2024-07-10 21:36:11,027: root: WARNING: quote is not implemented for YahooData, but USD was passed as the quote
2024-07-10 21:36:11,028: root: WARNING: quote is not implemented for YahooData, but USD was passed as the quote
2024-07-10 21:36:11,028: asyncio: INFO: [MLTrader] Sleeping for 86400 seconds
2024-07-10 21:36:11,028: root: INFO: Current backtesting datetime 2020-11-25 16:00:00-05:00
2024-07-10 21:36:11,028: root: INFO: Current backtesting datetime 2020-11-26 09:30:00-05:00
2024-07-10 21:36:11,029: asyncio: INFO: [MLTrader] The market is not currently open, skipping this trading iteration
2024-07-10 21:36:11,029: asyncio: INFO: [MLTrader] Getting historical prices for SPY, 1 bars, 
2024-07-10 21:36:11,029: root: WARNING: quote is not implemented for YahooData, but USD was passed as the quote
2024-07-10 21:36:11,029: root: WARNING: quote is not implemented for YahooData, but USD was passed as the quote
2024-07-10 21:36:11,029: asyncio: INFO: [MLTrader] Getting historical prices for SPY, 1 bars, 
2024-07-10 21:36:11,029: root: WARNING: quote is not implemented for YahooData, but USD was passed as the quote
2024-07-10 21:36:11,030: root: WARNING: quote is not implemented for YahooData, but USD was passed as the quote
2024-07-10 21:36:11,030: asyncio: INFO: [MLTrader] Getting historical prices for SPY, 1 bars, 
2024-07-10 21:36:11,030: root: WARNING: quote is not implemented for YahooData, but USD was passed as the quote
2024-07-10 21:36:11,030: root: WARNING: quote is not implemented for YahooData, but USD was passed as the quote
2024-07-10 21:36:11,030: asyncio: INFO: [MLTrader] Getting historical prices for SPY, 1 bars, 
2024-07-10 21:36:11,030: root: WARNING: quote is not implemented for YahooData, but USD was passed as the quote
2024-07-10 21:36:11,030: root: WARNING: quote is not implemented for YahooData, but USD was passed as the quote
2024-07-10 21:36:11,031: root: INFO: Current backtesting datetime 2020-11-26 09:29:00-05:00
2024-07-10 21:36:11,031: asyncio: INFO: [MLTrader] Getting historical prices for SPY, 1 bars, 
2024-07-10 21:36:11,031: root: WARNING: quote is not implemented for YahooData, but USD was passed as the quote
2024-07-10 21:36:11,031: root: WARNING: quote is not implemented for YahooData, but USD was passed as the quote
2024-07-10 21:36:11,031: asyncio: INFO: [MLTrader] Getting historical prices for SPY, 1 bars, 
2024-07-10 21:36:11,031: root: WARNING: quote is not implemented for YahooData, but USD was passed as the quote
2024-07-10 21:36:11,032: root: WARNING: quote is not implemented for YahooData, but USD was passed as the quote
2024-07-10 21:36:11,032: root: INFO: Current backtesting datetime 2020-11-26 09:29:00-05:00
2024-07-10 21:36:11,032: asyncio: INFO: [MLTrader] Executing the after_market_closes lifecycle method
2024-07-10 21:36:11,032: asyncio: INFO: [MLTrader] Getting historical prices for SPY, 1 bars, 
2024-07-10 21:36:11,032: root: WARNING: quote is not implemented for YahooData, but USD was passed as the quote
2024-07-10 21:36:11,032: root: WARNING: quote is not implemented for YahooData, but USD was passed as the quote
2024-07-10 21:36:11,032: asyncio: INFO: [MLTrader] Getting historical prices for SPY, 1 bars, 
2024-07-10 21:36:11,032: root: WARNING: quote is not implemented for YahooData, but USD was passed as the quote
2024-07-10 21:36:11,032: root: WARNING: quote is not implemented for YahooData, but USD was passed as the quote
2024-07-10 21:36:11,033: root: INFO: Current backtesting datetime 2020-11-27 08:30:00-05:00
2024-07-10 21:36:11,033: root: WARNING: quote is not implemented for YahooData, but USD was passed as the quote
2024-07-10 21:36:11,033: root: WARNING: quote is not implemented for YahooData, but USD was passed as the quote
2024-07-10 21:36:11,034: asyncio: INFO: [MLTrader] Executing the before_market_opens lifecycle method
2024-07-10 21:36:11,034: asyncio: INFO: [MLTrader] Getting historical prices for SPY, 1 bars, 
2024-07-10 21:36:11,034: root: WARNING: quote is not implemented for YahooData, but USD was passed as the quote
2024-07-10 21:36:11,034: root: WARNING: quote is not implemented for YahooData, but USD was passed as the quote
2024-07-10 21:36:11,034: asyncio: INFO: [MLTrader] Getting historical prices for SPY, 1 bars, 
2024-07-10 21:36:11,034: root: WARNING: quote is not implemented for YahooData, but USD was passed as the quote
2024-07-10 21:36:11,034: root: WARNING: quote is not implemented for YahooData, but USD was passed as the quote
2024-07-10 21:36:11,034: root: INFO: Current backtesting datetime 2020-11-27 09:30:00-05:00
2024-07-10 21:36:11,035: asyncio: INFO: [MLTrader] Executing the before_starting_trading lifecycle method
2024-07-10 21:36:11,035: asyncio: INFO: [MLTrader] Executing the on_trading_iteration lifecycle method at 2024-07-10 21:36:11
2024-07-10 21:36:11,035: root: WARNING: quote is not implemented for YahooData, but USD was passed as the quote
2024-07-10 21:36:11,036: root: WARNING: quote is not implemented for YahooData, but USD was passed as the quote
2024-07-10 21:36:11,178: asyncio: INFO: [MLTrader] Trading iteration ended at 2024-07-10 21:36:11
2024-07-10 21:36:11,178: asyncio: INFO: [MLTrader] Getting historical prices for SPY, 1 bars, 
2024-07-10 21:36:11,178: root: WARNING: quote is not implemented for YahooData, but USD was passed as the quote
2024-07-10 21:36:11,179: root: WARNING: quote is not implemented for YahooData, but USD was passed as the quote
2024-07-10 21:36:11,189: asyncio: INFO: [MLTrader] Getting historical prices for SPY, 1 bars, 
2024-07-10 21:36:11,190: root: WARNING: quote is not implemented for YahooData, but USD was passed as the quote
2024-07-10 21:36:11,190: root: WARNING: quote is not implemented for YahooData, but USD was passed as the quote
2024-07-10 21:36:11,190: asyncio: INFO: [MLTrader] Sleeping for 86400 seconds
2024-07-10 21:36:11,191: root: INFO: Current backtesting datetime 2020-11-27 13:00:00-05:00
2024-07-10 21:36:11,191: root: INFO: Current backtesting datetime 2020-11-28 09:30:00-05:00
2024-07-10 21:36:11,191: asyncio: INFO: [MLTrader] The market is not currently open, skipping this trading iteration
2024-07-10 21:36:11,191: asyncio: INFO: [MLTrader] Getting historical prices for SPY, 1 bars, 
2024-07-10 21:36:11,191: root: WARNING: quote is not implemented for YahooData, but USD was passed as the quote
2024-07-10 21:36:11,192: root: WARNING: quote is not implemented for YahooData, but USD was passed as the quote
2024-07-10 21:36:11,192: asyncio: INFO: [MLTrader] Getting historical prices for SPY, 1 bars, 
2024-07-10 21:36:11,192: root: WARNING: quote is not implemented for YahooData, but USD was passed as the quote
2024-07-10 21:36:11,192: root: WARNING: quote is not implemented for YahooData, but USD was passed as the quote
2024-07-10 21:36:11,192: asyncio: INFO: [MLTrader] Getting historical prices for SPY, 1 bars, 
2024-07-10 21:36:11,192: root: WARNING: quote is not implemented for YahooData, but USD was passed as the quote
2024-07-10 21:36:11,192: root: WARNING: quote is not implemented for YahooData, but USD was passed as the quote
2024-07-10 21:36:11,193: asyncio: INFO: [MLTrader] Getting historical prices for SPY, 1 bars, 
2024-07-10 21:36:11,193: root: WARNING: quote is not implemented for YahooData, but USD was passed as the quote
2024-07-10 21:36:11,193: root: WARNING: quote is not implemented for YahooData, but USD was passed as the quote
2024-07-10 21:36:11,193: root: INFO: Current backtesting datetime 2020-11-28 09:29:00-05:00
2024-07-10 21:36:11,193: asyncio: INFO: [MLTrader] Getting historical prices for SPY, 1 bars, 
2024-07-10 21:36:11,193: root: WARNING: quote is not implemented for YahooData, but USD was passed as the quote
2024-07-10 21:36:11,194: root: WARNING: quote is not implemented for YahooData, but USD was passed as the quote
2024-07-10 21:36:11,194: asyncio: INFO: [MLTrader] Getting historical prices for SPY, 1 bars, 
2024-07-10 21:36:11,194: root: WARNING: quote is not implemented for YahooData, but USD was passed as the quote
2024-07-10 21:36:11,194: root: WARNING: quote is not implemented for YahooData, but USD was passed as the quote
2024-07-10 21:36:11,194: root: INFO: Current backtesting datetime 2020-11-28 09:29:00-05:00
2024-07-10 21:36:11,194: asyncio: INFO: [MLTrader] Executing the after_market_closes lifecycle method
2024-07-10 21:36:11,194: asyncio: INFO: [MLTrader] Getting historical prices for SPY, 1 bars, 
2024-07-10 21:36:11,194: root: WARNING: quote is not implemented for YahooData, but USD was passed as the quote
2024-07-10 21:36:11,194: root: WARNING: quote is not implemented for YahooData, but USD was passed as the quote
2024-07-10 21:36:11,195: asyncio: INFO: [MLTrader] Getting historical prices for SPY, 1 bars, 
2024-07-10 21:36:11,195: root: WARNING: quote is not implemented for YahooData, but USD was passed as the quote
2024-07-10 21:36:11,195: root: WARNING: quote is not implemented for YahooData, but USD was passed as the quote
2024-07-10 21:36:11,195: root: INFO: Current backtesting datetime 2020-11-30 08:30:00-05:00
2024-07-10 21:36:11,195: root: WARNING: quote is not implemented for YahooData, but USD was passed as the quote
2024-07-10 21:36:11,196: root: WARNING: quote is not implemented for YahooData, but USD was passed as the quote
2024-07-10 21:36:11,196: asyncio: INFO: [MLTrader] Executing the before_market_opens lifecycle method
2024-07-10 21:36:11,196: asyncio: INFO: [MLTrader] Getting historical prices for SPY, 1 bars, 
2024-07-10 21:36:11,196: root: WARNING: quote is not implemented for YahooData, but USD was passed as the quote
2024-07-10 21:36:11,196: root: WARNING: quote is not implemented for YahooData, but USD was passed as the quote
2024-07-10 21:36:11,196: asyncio: INFO: [MLTrader] Getting historical prices for SPY, 1 bars, 
2024-07-10 21:36:11,196: root: WARNING: quote is not implemented for YahooData, but USD was passed as the quote
2024-07-10 21:36:11,197: root: WARNING: quote is not implemented for YahooData, but USD was passed as the quote
2024-07-10 21:36:11,197: root: INFO: Current backtesting datetime 2020-11-30 09:30:00-05:00
2024-07-10 21:36:11,197: asyncio: INFO: [MLTrader] Executing the before_starting_trading lifecycle method
2024-07-10 21:36:11,208: asyncio: INFO: [MLTrader] Executing the on_trading_iteration lifecycle method at 2024-07-10 21:36:11
2024-07-10 21:36:11,208: root: WARNING: quote is not implemented for YahooData, but USD was passed as the quote
2024-07-10 21:36:11,209: root: WARNING: quote is not implemented for YahooData, but USD was passed as the quote
2024-07-10 21:36:11,429: asyncio: INFO: [MLTrader] Trading iteration ended at 2024-07-10 21:36:11
2024-07-10 21:36:11,429: asyncio: INFO: [MLTrader] Getting historical prices for SPY, 1 bars, 
2024-07-10 21:36:11,429: root: WARNING: quote is not implemented for YahooData, but USD was passed as the quote
2024-07-10 21:36:11,430: root: WARNING: quote is not implemented for YahooData, but USD was passed as the quote
2024-07-10 21:36:11,430: asyncio: INFO: [MLTrader] Getting historical prices for SPY, 1 bars, 
2024-07-10 21:36:11,430: root: WARNING: quote is not implemented for YahooData, but USD was passed as the quote
2024-07-10 21:36:11,430: root: WARNING: quote is not implemented for YahooData, but USD was passed as the quote
2024-07-10 21:36:11,431: asyncio: INFO: [MLTrader] Sleeping for 86400 seconds
2024-07-10 21:36:11,431: root: INFO: Current backtesting datetime 2020-11-30 16:00:00-05:00
2024-07-10 21:36:11,431: root: INFO: Current backtesting datetime 2020-12-01 09:30:00-05:00
2024-07-10 21:36:11,431: asyncio: INFO: [MLTrader] Executing the on_trading_iteration lifecycle method at 2024-07-10 21:36:11
2024-07-10 21:36:11,432: root: WARNING: quote is not implemented for YahooData, but USD was passed as the quote
2024-07-10 21:36:11,432: root: WARNING: quote is not implemented for YahooData, but USD was passed as the quote
2024-07-10 21:36:11,602: asyncio: INFO: [MLTrader] Trading iteration ended at 2024-07-10 21:36:11
2024-07-10 21:36:11,602: asyncio: INFO: [MLTrader] Getting historical prices for SPY, 1 bars, 
2024-07-10 21:36:11,602: root: WARNING: quote is not implemented for YahooData, but USD was passed as the quote
2024-07-10 21:36:11,603: root: WARNING: quote is not implemented for YahooData, but USD was passed as the quote
2024-07-10 21:36:11,603: asyncio: INFO: [MLTrader] Getting historical prices for SPY, 1 bars, 
2024-07-10 21:36:11,603: root: WARNING: quote is not implemented for YahooData, but USD was passed as the quote
2024-07-10 21:36:11,603: root: WARNING: quote is not implemented for YahooData, but USD was passed as the quote
2024-07-10 21:36:11,603: asyncio: INFO: [MLTrader] Order was canceled: stop order of | 580.0 SPY sell | at price $290.8520034790039 with status canceled
2024-07-10 21:36:11,605: root: INFO: Position MLTrader Position: 0.0 shares of SPY (2 orders) liquidated
2024-07-10 21:36:11,605: asyncio: INFO: [MLTrader] Order was filled: limit order of | 580.0 SPY sell | at price $367.39 with status fill
2024-07-10 21:36:11,606: asyncio: INFO: [MLTrader] Sleeping for 86400 seconds
2024-07-10 21:36:11,606: root: INFO: Current backtesting datetime 2020-12-01 16:00:00-05:00
2024-07-10 21:36:11,606: root: INFO: Current backtesting datetime 2020-12-02 09:30:00-05:00
2024-07-10 21:36:11,607: asyncio: INFO: [MLTrader] Executing the on_trading_iteration lifecycle method at 2024-07-10 21:36:11
2024-07-10 21:36:11,607: root: WARNING: quote is not implemented for YahooData, but USD was passed as the quote
2024-07-10 21:36:11,608: root: WARNING: quote is not implemented for YahooData, but USD was passed as the quote
2024-07-10 21:36:11,818: asyncio: INFO: [MLTrader] Trading iteration ended at 2024-07-10 21:36:11
2024-07-10 21:36:11,819: asyncio: INFO: [MLTrader] Sleeping for 86400 seconds
2024-07-10 21:36:11,819: root: INFO: Current backtesting datetime 2020-12-02 16:00:00-05:00
2024-07-10 21:36:11,819: root: INFO: Current backtesting datetime 2020-12-03 09:30:00-05:00
2024-07-10 21:36:11,820: asyncio: INFO: [MLTrader] Executing the on_trading_iteration lifecycle method at 2024-07-10 21:36:11
2024-07-10 21:36:11,820: root: WARNING: quote is not implemented for YahooData, but USD was passed as the quote
2024-07-10 21:36:11,820: root: WARNING: quote is not implemented for YahooData, but USD was passed as the quote
2024-07-10 21:36:12,005: asyncio: INFO: [MLTrader] Trading iteration ended at 2024-07-10 21:36:12
2024-07-10 21:36:12,006: asyncio: INFO: [MLTrader] Sleeping for 86400 seconds
2024-07-10 21:36:12,006: root: INFO: Current backtesting datetime 2020-12-03 16:00:00-05:00
2024-07-10 21:36:12,006: root: INFO: Current backtesting datetime 2020-12-04 09:30:00-05:00
2024-07-10 21:36:12,006: asyncio: INFO: [MLTrader] Executing the on_trading_iteration lifecycle method at 2024-07-10 21:36:12
2024-07-10 21:36:12,006: root: WARNING: quote is not implemented for YahooData, but USD was passed as the quote
2024-07-10 21:36:12,007: root: WARNING: quote is not implemented for YahooData, but USD was passed as the quote
2024-07-10 21:36:12,211: asyncio: INFO: [MLTrader] Trading iteration ended at 2024-07-10 21:36:12
2024-07-10 21:36:12,212: asyncio: INFO: [MLTrader] Sleeping for 86400 seconds
2024-07-10 21:36:12,212: root: INFO: Current backtesting datetime 2020-12-04 16:00:00-05:00
2024-07-10 21:36:12,212: root: INFO: Current backtesting datetime 2020-12-05 09:30:00-05:00
2024-07-10 21:36:12,212: asyncio: INFO: [MLTrader] The market is not currently open, skipping this trading iteration
2024-07-10 21:36:12,213: root: INFO: Current backtesting datetime 2020-12-05 09:29:00-05:00
2024-07-10 21:36:12,213: root: INFO: Current backtesting datetime 2020-12-05 09:29:00-05:00
2024-07-10 21:36:12,213: asyncio: INFO: [MLTrader] Executing the after_market_closes lifecycle method
2024-07-10 21:36:12,214: root: INFO: Current backtesting datetime 2020-12-07 08:30:00-05:00
2024-07-10 21:36:12,214: asyncio: INFO: [MLTrader] Executing the before_market_opens lifecycle method
2024-07-10 21:36:12,214: root: INFO: Current backtesting datetime 2020-12-07 09:30:00-05:00
2024-07-10 21:36:12,214: asyncio: INFO: [MLTrader] Executing the before_starting_trading lifecycle method
2024-07-10 21:36:12,214: asyncio: INFO: [MLTrader] Executing the on_trading_iteration lifecycle method at 2024-07-10 21:36:12
2024-07-10 21:36:12,215: root: WARNING: quote is not implemented for YahooData, but USD was passed as the quote
2024-07-10 21:36:12,215: root: WARNING: quote is not implemented for YahooData, but USD was passed as the quote
2024-07-10 21:36:12,397: asyncio: INFO: [MLTrader] Trading iteration ended at 2024-07-10 21:36:12
2024-07-10 21:36:12,398: asyncio: INFO: [MLTrader] Sleeping for 86400 seconds
2024-07-10 21:36:12,399: root: INFO: Current backtesting datetime 2020-12-07 16:00:00-05:00
2024-07-10 21:36:12,399: root: INFO: Current backtesting datetime 2020-12-08 09:30:00-05:00
2024-07-10 21:36:12,399: asyncio: INFO: [MLTrader] Executing the on_trading_iteration lifecycle method at 2024-07-10 21:36:12
2024-07-10 21:36:12,399: root: WARNING: quote is not implemented for YahooData, but USD was passed as the quote
2024-07-10 21:36:12,399: root: WARNING: quote is not implemented for YahooData, but USD was passed as the quote
2024-07-10 21:36:12,585: asyncio: INFO: [MLTrader] Trading iteration ended at 2024-07-10 21:36:12
2024-07-10 21:36:12,586: asyncio: INFO: [MLTrader] Sleeping for 86400 seconds
2024-07-10 21:36:12,586: root: INFO: Current backtesting datetime 2020-12-08 16:00:00-05:00
2024-07-10 21:36:12,586: root: INFO: Current backtesting datetime 2020-12-09 09:30:00-05:00
2024-07-10 21:36:12,586: asyncio: INFO: [MLTrader] Executing the on_trading_iteration lifecycle method at 2024-07-10 21:36:12
2024-07-10 21:36:12,587: root: WARNING: quote is not implemented for YahooData, but USD was passed as the quote
2024-07-10 21:36:12,587: root: WARNING: quote is not implemented for YahooData, but USD was passed as the quote
2024-07-10 21:36:12,769: asyncio: INFO: [MLTrader] Trading iteration ended at 2024-07-10 21:36:12
2024-07-10 21:36:12,770: asyncio: INFO: [MLTrader] Sleeping for 86400 seconds
2024-07-10 21:36:12,770: root: INFO: Current backtesting datetime 2020-12-09 16:00:00-05:00
2024-07-10 21:36:12,771: root: INFO: Current backtesting datetime 2020-12-10 09:30:00-05:00
2024-07-10 21:36:12,771: asyncio: INFO: [MLTrader] Executing the on_trading_iteration lifecycle method at 2024-07-10 21:36:12
2024-07-10 21:36:12,771: root: WARNING: quote is not implemented for YahooData, but USD was passed as the quote
2024-07-10 21:36:12,771: root: WARNING: quote is not implemented for YahooData, but USD was passed as the quote
2024-07-10 21:36:12,942: asyncio: INFO: [MLTrader] Trading iteration ended at 2024-07-10 21:36:12
2024-07-10 21:36:12,943: asyncio: INFO: [MLTrader] Sleeping for 86400 seconds
2024-07-10 21:36:12,943: root: INFO: Current backtesting datetime 2020-12-10 16:00:00-05:00
2024-07-10 21:36:12,943: root: INFO: Current backtesting datetime 2020-12-11 09:30:00-05:00
2024-07-10 21:36:12,943: asyncio: INFO: [MLTrader] Executing the on_trading_iteration lifecycle method at 2024-07-10 21:36:12
2024-07-10 21:36:12,943: root: WARNING: quote is not implemented for YahooData, but USD was passed as the quote
2024-07-10 21:36:12,944: root: WARNING: quote is not implemented for YahooData, but USD was passed as the quote
2024-07-10 21:36:13,087: asyncio: INFO: [MLTrader] Trading iteration ended at 2024-07-10 21:36:13
2024-07-10 21:36:13,088: asyncio: INFO: [MLTrader] Sleeping for 86400 seconds
2024-07-10 21:36:13,089: root: INFO: Current backtesting datetime 2020-12-11 16:00:00-05:00
2024-07-10 21:36:13,089: root: INFO: Current backtesting datetime 2020-12-12 09:30:00-05:00
2024-07-10 21:36:13,089: asyncio: INFO: [MLTrader] The market is not currently open, skipping this trading iteration
2024-07-10 21:36:13,089: root: INFO: Current backtesting datetime 2020-12-12 09:29:00-05:00
2024-07-10 21:36:13,090: root: INFO: Current backtesting datetime 2020-12-12 09:29:00-05:00
2024-07-10 21:36:13,090: asyncio: INFO: [MLTrader] Executing the after_market_closes lifecycle method
2024-07-10 21:36:13,090: root: INFO: Current backtesting datetime 2020-12-14 08:30:00-05:00
2024-07-10 21:36:13,090: asyncio: INFO: [MLTrader] Executing the before_market_opens lifecycle method
2024-07-10 21:36:13,090: root: INFO: Current backtesting datetime 2020-12-14 09:30:00-05:00
2024-07-10 21:36:13,090: asyncio: INFO: [MLTrader] Executing the before_starting_trading lifecycle method
2024-07-10 21:36:13,091: asyncio: INFO: [MLTrader] Executing the on_trading_iteration lifecycle method at 2024-07-10 21:36:13
2024-07-10 21:36:13,091: root: WARNING: quote is not implemented for YahooData, but USD was passed as the quote
2024-07-10 21:36:13,091: root: WARNING: quote is not implemented for YahooData, but USD was passed as the quote
2024-07-10 21:36:13,279: asyncio: INFO: [MLTrader] Trading iteration ended at 2024-07-10 21:36:13
2024-07-10 21:36:13,280: asyncio: INFO: [MLTrader] Sleeping for 86400 seconds
2024-07-10 21:36:13,280: root: INFO: Current backtesting datetime 2020-12-14 16:00:00-05:00
2024-07-10 21:36:13,280: root: INFO: Current backtesting datetime 2020-12-15 09:30:00-05:00
2024-07-10 21:36:13,280: asyncio: INFO: [MLTrader] Executing the on_trading_iteration lifecycle method at 2024-07-10 21:36:13
2024-07-10 21:36:13,280: root: WARNING: quote is not implemented for YahooData, but USD was passed as the quote
2024-07-10 21:36:13,281: root: WARNING: quote is not implemented for YahooData, but USD was passed as the quote
2024-07-10 21:36:13,485: asyncio: INFO: [MLTrader] Trading iteration ended at 2024-07-10 21:36:13
2024-07-10 21:36:13,485: asyncio: INFO: [MLTrader] Sleeping for 86400 seconds
2024-07-10 21:36:13,486: root: INFO: Current backtesting datetime 2020-12-15 16:00:00-05:00
2024-07-10 21:36:13,486: root: INFO: Current backtesting datetime 2020-12-16 09:30:00-05:00
2024-07-10 21:36:13,486: asyncio: INFO: [MLTrader] Executing the on_trading_iteration lifecycle method at 2024-07-10 21:36:13
2024-07-10 21:36:13,486: root: WARNING: quote is not implemented for YahooData, but USD was passed as the quote
2024-07-10 21:36:13,487: root: WARNING: quote is not implemented for YahooData, but USD was passed as the quote
2024-07-10 21:36:13,678: asyncio: INFO: [MLTrader] Trading iteration ended at 2024-07-10 21:36:13
2024-07-10 21:36:13,679: asyncio: INFO: [MLTrader] Sleeping for 86400 seconds
2024-07-10 21:36:13,679: root: INFO: Current backtesting datetime 2020-12-16 16:00:00-05:00
2024-07-10 21:36:13,680: root: INFO: Current backtesting datetime 2020-12-17 09:30:00-05:00
2024-07-10 21:36:13,680: asyncio: INFO: [MLTrader] Executing the on_trading_iteration lifecycle method at 2024-07-10 21:36:13
2024-07-10 21:36:13,680: root: WARNING: quote is not implemented for YahooData, but USD was passed as the quote
2024-07-10 21:36:13,680: root: WARNING: quote is not implemented for YahooData, but USD was passed as the quote
2024-07-10 21:36:13,893: asyncio: INFO: [MLTrader] Trading iteration ended at 2024-07-10 21:36:13
2024-07-10 21:36:13,894: asyncio: INFO: [MLTrader] Sleeping for 86400 seconds
2024-07-10 21:36:13,894: root: INFO: Current backtesting datetime 2020-12-17 16:00:00-05:00
2024-07-10 21:36:13,894: root: INFO: Current backtesting datetime 2020-12-18 09:30:00-05:00
2024-07-10 21:36:13,895: asyncio: INFO: [MLTrader] Executing the on_trading_iteration lifecycle method at 2024-07-10 21:36:13
2024-07-10 21:36:13,895: root: WARNING: quote is not implemented for YahooData, but USD was passed as the quote
2024-07-10 21:36:13,895: root: WARNING: quote is not implemented for YahooData, but USD was passed as the quote
2024-07-10 21:36:14,057: asyncio: INFO: [MLTrader] Trading iteration ended at 2024-07-10 21:36:14
2024-07-10 21:36:14,058: asyncio: INFO: [MLTrader] Sleeping for 86400 seconds
2024-07-10 21:36:14,058: root: INFO: Current backtesting datetime 2020-12-18 16:00:00-05:00
2024-07-10 21:36:14,058: root: INFO: Current backtesting datetime 2020-12-19 09:30:00-05:00
2024-07-10 21:36:14,058: asyncio: INFO: [MLTrader] The market is not currently open, skipping this trading iteration
2024-07-10 21:36:14,059: root: INFO: Current backtesting datetime 2020-12-19 09:29:00-05:00
2024-07-10 21:36:14,059: root: INFO: Current backtesting datetime 2020-12-19 09:29:00-05:00
2024-07-10 21:36:14,059: asyncio: INFO: [MLTrader] Executing the after_market_closes lifecycle method
2024-07-10 21:36:14,060: root: INFO: Current backtesting datetime 2020-12-21 08:30:00-05:00
2024-07-10 21:36:14,060: asyncio: INFO: [MLTrader] Executing the before_market_opens lifecycle method
2024-07-10 21:36:14,060: root: INFO: Current backtesting datetime 2020-12-21 09:30:00-05:00
2024-07-10 21:36:14,060: asyncio: INFO: [MLTrader] Executing the before_starting_trading lifecycle method
2024-07-10 21:36:14,060: asyncio: INFO: [MLTrader] Executing the on_trading_iteration lifecycle method at 2024-07-10 21:36:14
2024-07-10 21:36:14,061: root: WARNING: quote is not implemented for YahooData, but USD was passed as the quote
2024-07-10 21:36:14,061: root: WARNING: quote is not implemented for YahooData, but USD was passed as the quote
2024-07-10 21:36:14,271: asyncio: INFO: [MLTrader] Trading iteration ended at 2024-07-10 21:36:14
2024-07-10 21:36:14,272: asyncio: INFO: [MLTrader] Sleeping for 86400 seconds
2024-07-10 21:36:14,273: root: INFO: Current backtesting datetime 2020-12-21 16:00:00-05:00
2024-07-10 21:36:14,273: root: INFO: Current backtesting datetime 2020-12-22 09:30:00-05:00
2024-07-10 21:36:14,273: asyncio: INFO: [MLTrader] Executing the on_trading_iteration lifecycle method at 2024-07-10 21:36:14
2024-07-10 21:36:14,273: root: WARNING: quote is not implemented for YahooData, but USD was passed as the quote
2024-07-10 21:36:14,274: root: WARNING: quote is not implemented for YahooData, but USD was passed as the quote
2024-07-10 21:36:14,446: asyncio: INFO: [MLTrader] Trading iteration ended at 2024-07-10 21:36:14
2024-07-10 21:36:14,446: asyncio: INFO: [MLTrader] Sleeping for 86400 seconds
2024-07-10 21:36:14,447: root: INFO: Current backtesting datetime 2020-12-22 16:00:00-05:00
2024-07-10 21:36:14,447: root: INFO: Current backtesting datetime 2020-12-23 09:30:00-05:00
2024-07-10 21:36:14,447: asyncio: INFO: [MLTrader] Executing the on_trading_iteration lifecycle method at 2024-07-10 21:36:14
2024-07-10 21:36:14,447: root: WARNING: quote is not implemented for YahooData, but USD was passed as the quote
2024-07-10 21:36:14,448: root: WARNING: quote is not implemented for YahooData, but USD was passed as the quote
2024-07-10 21:36:14,668: asyncio: INFO: [MLTrader] Trading iteration ended at 2024-07-10 21:36:14
2024-07-10 21:36:14,669: asyncio: INFO: [MLTrader] Sleeping for 86400 seconds
2024-07-10 21:36:14,669: root: INFO: Current backtesting datetime 2020-12-23 16:00:00-05:00
2024-07-10 21:36:14,669: root: INFO: Current backtesting datetime 2020-12-24 09:30:00-05:00
2024-07-10 21:36:14,669: asyncio: INFO: [MLTrader] Executing the on_trading_iteration lifecycle method at 2024-07-10 21:36:14
2024-07-10 21:36:14,669: root: WARNING: quote is not implemented for YahooData, but USD was passed as the quote
2024-07-10 21:36:14,670: root: WARNING: quote is not implemented for YahooData, but USD was passed as the quote
2024-07-10 21:36:14,804: asyncio: INFO: [MLTrader] Trading iteration ended at 2024-07-10 21:36:14
2024-07-10 21:36:14,805: asyncio: INFO: [MLTrader] Sleeping for 86400 seconds
2024-07-10 21:36:14,806: root: INFO: Current backtesting datetime 2020-12-24 13:00:00-05:00
2024-07-10 21:36:14,806: root: INFO: Current backtesting datetime 2020-12-25 09:30:00-05:00
2024-07-10 21:36:14,806: asyncio: INFO: [MLTrader] The market is not currently open, skipping this trading iteration
2024-07-10 21:36:14,806: root: INFO: Current backtesting datetime 2020-12-25 09:29:00-05:00
2024-07-10 21:36:14,807: root: INFO: Current backtesting datetime 2020-12-25 09:29:00-05:00
2024-07-10 21:36:14,807: asyncio: INFO: [MLTrader] Executing the after_market_closes lifecycle method
2024-07-10 21:36:14,807: root: INFO: Current backtesting datetime 2020-12-28 08:30:00-05:00
2024-07-10 21:36:14,807: asyncio: INFO: [MLTrader] Executing the before_market_opens lifecycle method
2024-07-10 21:36:14,807: root: INFO: Current backtesting datetime 2020-12-28 09:30:00-05:00
2024-07-10 21:36:14,808: asyncio: INFO: [MLTrader] Executing the before_starting_trading lifecycle method
2024-07-10 21:36:14,808: asyncio: INFO: [MLTrader] Executing the on_trading_iteration lifecycle method at 2024-07-10 21:36:14
2024-07-10 21:36:14,808: root: WARNING: quote is not implemented for YahooData, but USD was passed as the quote
2024-07-10 21:36:14,809: root: WARNING: quote is not implemented for YahooData, but USD was passed as the quote
2024-07-10 21:36:14,905: asyncio: INFO: [MLTrader] Trading iteration ended at 2024-07-10 21:36:14
2024-07-10 21:36:14,907: asyncio: INFO: [MLTrader] Sleeping for 86400 seconds
2024-07-10 21:36:14,908: root: INFO: Current backtesting datetime 2020-12-28 16:00:00-05:00
2024-07-10 21:36:14,908: root: INFO: Current backtesting datetime 2020-12-29 09:30:00-05:00
2024-07-10 21:36:14,908: asyncio: INFO: [MLTrader] Executing the on_trading_iteration lifecycle method at 2024-07-10 21:36:14
2024-07-10 21:36:14,908: root: WARNING: quote is not implemented for YahooData, but USD was passed as the quote
2024-07-10 21:36:14,909: root: WARNING: quote is not implemented for YahooData, but USD was passed as the quote
2024-07-10 21:36:15,121: asyncio: INFO: [MLTrader] Trading iteration ended at 2024-07-10 21:36:15
2024-07-10 21:36:15,121: asyncio: INFO: [MLTrader] Sleeping for 86400 seconds
2024-07-10 21:36:15,122: root: INFO: Current backtesting datetime 2020-12-29 16:00:00-05:00
2024-07-10 21:36:15,122: root: INFO: Current backtesting datetime 2020-12-30 09:30:00-05:00
2024-07-10 21:36:15,122: asyncio: INFO: [MLTrader] Executing the on_trading_iteration lifecycle method at 2024-07-10 21:36:15
2024-07-10 21:36:15,122: root: WARNING: quote is not implemented for YahooData, but USD was passed as the quote
2024-07-10 21:36:15,123: root: WARNING: quote is not implemented for YahooData, but USD was passed as the quote
2024-07-10 21:36:15,318: asyncio: INFO: [MLTrader] Trading iteration ended at 2024-07-10 21:36:15
2024-07-10 21:36:15,319: asyncio: INFO: [MLTrader] Sleeping for 86400 seconds
2024-07-10 21:36:15,319: root: INFO: Current backtesting datetime 2020-12-30 16:00:00-05:00
2024-07-10 21:36:15,320: root: INFO: Current backtesting datetime 2020-12-31 09:30:00-05:00
2024-07-10 21:36:15,320: asyncio: INFO: [MLTrader] Executing the on_trading_iteration lifecycle method at 2024-07-10 21:36:15
2024-07-10 21:36:15,320: root: WARNING: quote is not implemented for YahooData, but USD was passed as the quote
2024-07-10 21:36:15,320: root: WARNING: quote is not implemented for YahooData, but USD was passed as the quote
2024-07-10 21:36:15,529: asyncio: INFO: [MLTrader] Trading iteration ended at 2024-07-10 21:36:15
2024-07-10 21:36:15,529: asyncio: INFO: [MLTrader] Sleeping for 86400 seconds
2024-07-10 21:36:15,530: root: INFO: Current backtesting datetime 2020-12-31 16:00:00-05:00
2024-07-10 21:36:15,530: root: INFO: Current backtesting datetime 2021-01-01 09:30:00-05:00
2024-07-10 21:36:15,530: asyncio: INFO: [MLTrader] The market is not currently open, skipping this trading iteration
2024-07-10 21:36:15,531: root: INFO: Current backtesting datetime 2021-01-01 09:29:00-05:00
2024-07-10 21:36:15,531: root: INFO: Current backtesting datetime 2021-01-01 09:29:00-05:00
2024-07-10 21:36:15,531: asyncio: INFO: [MLTrader] Executing the after_market_closes lifecycle method
2024-07-10 21:36:15,531: root: INFO: Current backtesting datetime 2021-01-04 08:30:00-05:00
2024-07-10 21:36:15,532: asyncio: INFO: [MLTrader] Executing the before_market_opens lifecycle method
2024-07-10 21:36:15,532: root: INFO: Current backtesting datetime 2021-01-04 09:30:00-05:00
2024-07-10 21:36:15,532: asyncio: INFO: [MLTrader] Executing the before_starting_trading lifecycle method
2024-07-10 21:36:15,532: asyncio: INFO: [MLTrader] Executing the on_trading_iteration lifecycle method at 2024-07-10 21:36:15
2024-07-10 21:36:15,532: root: WARNING: quote is not implemented for YahooData, but USD was passed as the quote
2024-07-10 21:36:15,533: root: WARNING: quote is not implemented for YahooData, but USD was passed as the quote
2024-07-10 21:36:15,773: asyncio: INFO: [MLTrader] Trading iteration ended at 2024-07-10 21:36:15
2024-07-10 21:36:15,774: asyncio: INFO: [MLTrader] Sleeping for 86400 seconds
2024-07-10 21:36:15,774: root: INFO: Current backtesting datetime 2021-01-04 16:00:00-05:00
2024-07-10 21:36:15,774: root: INFO: Current backtesting datetime 2021-01-05 09:30:00-05:00
2024-07-10 21:36:15,775: asyncio: INFO: [MLTrader] Executing the on_trading_iteration lifecycle method at 2024-07-10 21:36:15
2024-07-10 21:36:15,775: root: WARNING: quote is not implemented for YahooData, but USD was passed as the quote
2024-07-10 21:36:15,775: root: WARNING: quote is not implemented for YahooData, but USD was passed as the quote
2024-07-10 21:36:15,933: asyncio: INFO: [MLTrader] Trading iteration ended at 2024-07-10 21:36:15
2024-07-10 21:36:15,934: asyncio: INFO: [MLTrader] Sleeping for 86400 seconds
2024-07-10 21:36:15,934: root: INFO: Current backtesting datetime 2021-01-05 16:00:00-05:00
2024-07-10 21:36:15,934: root: INFO: Current backtesting datetime 2021-01-06 09:30:00-05:00
2024-07-10 21:36:15,935: asyncio: INFO: [MLTrader] Executing the on_trading_iteration lifecycle method at 2024-07-10 21:36:15
2024-07-10 21:36:15,935: root: WARNING: quote is not implemented for YahooData, but USD was passed as the quote
2024-07-10 21:36:15,935: root: WARNING: quote is not implemented for YahooData, but USD was passed as the quote
2024-07-10 21:36:16,198: asyncio: INFO: [MLTrader] Trading iteration ended at 2024-07-10 21:36:16
2024-07-10 21:36:16,199: asyncio: INFO: [MLTrader] Sleeping for 86400 seconds
2024-07-10 21:36:16,200: root: INFO: Current backtesting datetime 2021-01-06 16:00:00-05:00
2024-07-10 21:36:16,200: root: INFO: Current backtesting datetime 2021-01-07 09:30:00-05:00
2024-07-10 21:36:16,200: asyncio: INFO: [MLTrader] Executing the on_trading_iteration lifecycle method at 2024-07-10 21:36:16
2024-07-10 21:36:16,200: root: WARNING: quote is not implemented for YahooData, but USD was passed as the quote
2024-07-10 21:36:16,201: root: WARNING: quote is not implemented for YahooData, but USD was passed as the quote
2024-07-10 21:36:16,374: asyncio: INFO: [MLTrader] Trading iteration ended at 2024-07-10 21:36:16
2024-07-10 21:36:16,375: asyncio: INFO: [MLTrader] Sleeping for 86400 seconds
2024-07-10 21:36:16,375: root: INFO: Current backtesting datetime 2021-01-07 16:00:00-05:00
2024-07-10 21:36:16,375: root: INFO: Current backtesting datetime 2021-01-08 09:30:00-05:00
2024-07-10 21:36:16,375: asyncio: INFO: [MLTrader] Executing the on_trading_iteration lifecycle method at 2024-07-10 21:36:16
2024-07-10 21:36:16,375: root: WARNING: quote is not implemented for YahooData, but USD was passed as the quote
2024-07-10 21:36:16,376: root: WARNING: quote is not implemented for YahooData, but USD was passed as the quote
2024-07-10 21:36:16,585: asyncio: INFO: [MLTrader] Trading iteration ended at 2024-07-10 21:36:16
2024-07-10 21:36:16,586: asyncio: INFO: [MLTrader] Sleeping for 86400 seconds
2024-07-10 21:36:16,586: root: INFO: Current backtesting datetime 2021-01-08 16:00:00-05:00
2024-07-10 21:36:16,586: root: INFO: Current backtesting datetime 2021-01-09 09:30:00-05:00
2024-07-10 21:36:16,587: asyncio: INFO: [MLTrader] The market is not currently open, skipping this trading iteration
2024-07-10 21:36:16,587: root: INFO: Current backtesting datetime 2021-01-09 09:29:00-05:00
2024-07-10 21:36:16,588: root: INFO: Current backtesting datetime 2021-01-09 09:29:00-05:00
2024-07-10 21:36:16,588: asyncio: INFO: [MLTrader] Executing the after_market_closes lifecycle method
2024-07-10 21:36:16,588: root: INFO: Current backtesting datetime 2021-01-11 08:30:00-05:00
2024-07-10 21:36:16,588: asyncio: INFO: [MLTrader] Executing the before_market_opens lifecycle method
2024-07-10 21:36:16,588: root: INFO: Current backtesting datetime 2021-01-11 09:30:00-05:00
2024-07-10 21:36:16,588: asyncio: INFO: [MLTrader] Executing the before_starting_trading lifecycle method
2024-07-10 21:36:16,589: asyncio: INFO: [MLTrader] Executing the on_trading_iteration lifecycle method at 2024-07-10 21:36:16
2024-07-10 21:36:16,589: root: WARNING: quote is not implemented for YahooData, but USD was passed as the quote
2024-07-10 21:36:16,589: root: WARNING: quote is not implemented for YahooData, but USD was passed as the quote
2024-07-10 21:36:16,839: asyncio: INFO: [MLTrader] Trading iteration ended at 2024-07-10 21:36:16
2024-07-10 21:36:16,840: asyncio: INFO: [MLTrader] Sleeping for 86400 seconds
2024-07-10 21:36:16,840: root: INFO: Current backtesting datetime 2021-01-11 16:00:00-05:00
2024-07-10 21:36:16,840: root: INFO: Current backtesting datetime 2021-01-12 09:30:00-05:00
2024-07-10 21:36:16,840: asyncio: INFO: [MLTrader] Executing the on_trading_iteration lifecycle method at 2024-07-10 21:36:16
2024-07-10 21:36:16,841: root: WARNING: quote is not implemented for YahooData, but USD was passed as the quote
2024-07-10 21:36:16,841: root: WARNING: quote is not implemented for YahooData, but USD was passed as the quote
2024-07-10 21:36:17,058: asyncio: INFO: [MLTrader] Trading iteration ended at 2024-07-10 21:36:17
2024-07-10 21:36:17,059: asyncio: INFO: [MLTrader] Sleeping for 86400 seconds
2024-07-10 21:36:17,060: root: INFO: Current backtesting datetime 2021-01-12 16:00:00-05:00
2024-07-10 21:36:17,060: root: INFO: Current backtesting datetime 2021-01-13 09:30:00-05:00
2024-07-10 21:36:17,060: asyncio: INFO: [MLTrader] Executing the on_trading_iteration lifecycle method at 2024-07-10 21:36:17
2024-07-10 21:36:17,060: root: WARNING: quote is not implemented for YahooData, but USD was passed as the quote
2024-07-10 21:36:17,061: root: WARNING: quote is not implemented for YahooData, but USD was passed as the quote
2024-07-10 21:36:17,310: asyncio: INFO: [MLTrader] Trading iteration ended at 2024-07-10 21:36:17
2024-07-10 21:36:17,311: asyncio: INFO: [MLTrader] Sleeping for 86400 seconds
2024-07-10 21:36:17,312: root: INFO: Current backtesting datetime 2021-01-13 16:00:00-05:00
2024-07-10 21:36:17,312: root: INFO: Current backtesting datetime 2021-01-14 09:30:00-05:00
2024-07-10 21:36:17,312: asyncio: INFO: [MLTrader] Executing the on_trading_iteration lifecycle method at 2024-07-10 21:36:17
2024-07-10 21:36:17,312: root: WARNING: quote is not implemented for YahooData, but USD was passed as the quote
2024-07-10 21:36:17,313: root: WARNING: quote is not implemented for YahooData, but USD was passed as the quote
2024-07-10 21:36:17,500: asyncio: INFO: [MLTrader] Trading iteration ended at 2024-07-10 21:36:17
2024-07-10 21:36:17,501: asyncio: INFO: [MLTrader] Sleeping for 86400 seconds
2024-07-10 21:36:17,502: root: INFO: Current backtesting datetime 2021-01-14 16:00:00-05:00
2024-07-10 21:36:17,502: root: INFO: Current backtesting datetime 2021-01-15 09:30:00-05:00
2024-07-10 21:36:17,502: asyncio: INFO: [MLTrader] Executing the on_trading_iteration lifecycle method at 2024-07-10 21:36:17
2024-07-10 21:36:17,502: root: WARNING: quote is not implemented for YahooData, but USD was passed as the quote
2024-07-10 21:36:17,502: root: WARNING: quote is not implemented for YahooData, but USD was passed as the quote
2024-07-10 21:36:17,716: asyncio: INFO: [MLTrader] Trading iteration ended at 2024-07-10 21:36:17
2024-07-10 21:36:17,721: asyncio: INFO: [MLTrader] Sleeping for 86400 seconds
2024-07-10 21:36:17,721: root: INFO: Current backtesting datetime 2021-01-15 16:00:00-05:00
2024-07-10 21:36:17,721: root: INFO: Current backtesting datetime 2021-01-16 09:30:00-05:00
2024-07-10 21:36:17,722: asyncio: INFO: [MLTrader] The market is not currently open, skipping this trading iteration
2024-07-10 21:36:17,722: root: INFO: Current backtesting datetime 2021-01-16 09:29:00-05:00
2024-07-10 21:36:17,723: root: INFO: Current backtesting datetime 2021-01-16 09:29:00-05:00
2024-07-10 21:36:17,723: asyncio: INFO: [MLTrader] Executing the after_market_closes lifecycle method
2024-07-10 21:36:17,723: root: INFO: Current backtesting datetime 2021-01-19 08:30:00-05:00
2024-07-10 21:36:17,723: asyncio: INFO: [MLTrader] Executing the before_market_opens lifecycle method
2024-07-10 21:36:17,723: root: INFO: Current backtesting datetime 2021-01-19 09:30:00-05:00
2024-07-10 21:36:17,724: asyncio: INFO: [MLTrader] Executing the before_starting_trading lifecycle method
2024-07-10 21:36:17,724: asyncio: INFO: [MLTrader] Executing the on_trading_iteration lifecycle method at 2024-07-10 21:36:17
2024-07-10 21:36:17,724: root: WARNING: quote is not implemented for YahooData, but USD was passed as the quote
2024-07-10 21:36:17,725: root: WARNING: quote is not implemented for YahooData, but USD was passed as the quote
2024-07-10 21:36:17,833: asyncio: INFO: [MLTrader] Trading iteration ended at 2024-07-10 21:36:17
2024-07-10 21:36:17,834: asyncio: INFO: [MLTrader] Sleeping for 86400 seconds
2024-07-10 21:36:17,834: root: INFO: Current backtesting datetime 2021-01-19 16:00:00-05:00
2024-07-10 21:36:17,834: root: INFO: Current backtesting datetime 2021-01-20 09:30:00-05:00
2024-07-10 21:36:17,834: asyncio: INFO: [MLTrader] Executing the on_trading_iteration lifecycle method at 2024-07-10 21:36:17
2024-07-10 21:36:17,835: root: WARNING: quote is not implemented for YahooData, but USD was passed as the quote
2024-07-10 21:36:17,835: root: WARNING: quote is not implemented for YahooData, but USD was passed as the quote
2024-07-10 21:36:18,025: asyncio: INFO: [MLTrader] Trading iteration ended at 2024-07-10 21:36:18
2024-07-10 21:36:18,026: asyncio: INFO: [MLTrader] Sleeping for 86400 seconds
2024-07-10 21:36:18,026: root: INFO: Current backtesting datetime 2021-01-20 16:00:00-05:00
2024-07-10 21:36:18,026: root: INFO: Current backtesting datetime 2021-01-21 09:30:00-05:00
2024-07-10 21:36:18,026: asyncio: INFO: [MLTrader] Executing the on_trading_iteration lifecycle method at 2024-07-10 21:36:18
2024-07-10 21:36:18,027: root: WARNING: quote is not implemented for YahooData, but USD was passed as the quote
2024-07-10 21:36:18,027: root: WARNING: quote is not implemented for YahooData, but USD was passed as the quote
2024-07-10 21:36:18,268: asyncio: INFO: [MLTrader] Trading iteration ended at 2024-07-10 21:36:18
2024-07-10 21:36:18,269: asyncio: INFO: [MLTrader] Sleeping for 86400 seconds
2024-07-10 21:36:18,269: root: INFO: Current backtesting datetime 2021-01-21 16:00:00-05:00
2024-07-10 21:36:18,269: root: INFO: Current backtesting datetime 2021-01-22 09:30:00-05:00
2024-07-10 21:36:18,269: asyncio: INFO: [MLTrader] Executing the on_trading_iteration lifecycle method at 2024-07-10 21:36:18
2024-07-10 21:36:18,269: root: WARNING: quote is not implemented for YahooData, but USD was passed as the quote
2024-07-10 21:36:18,270: root: WARNING: quote is not implemented for YahooData, but USD was passed as the quote
2024-07-10 21:36:18,412: asyncio: INFO: [MLTrader] Trading iteration ended at 2024-07-10 21:36:18
2024-07-10 21:36:18,413: asyncio: INFO: [MLTrader] Sleeping for 86400 seconds
2024-07-10 21:36:18,413: root: INFO: Current backtesting datetime 2021-01-22 16:00:00-05:00
2024-07-10 21:36:18,413: root: INFO: Current backtesting datetime 2021-01-23 09:30:00-05:00
2024-07-10 21:36:18,413: asyncio: INFO: [MLTrader] The market is not currently open, skipping this trading iteration
2024-07-10 21:36:18,414: root: INFO: Current backtesting datetime 2021-01-23 09:29:00-05:00
2024-07-10 21:36:18,414: root: INFO: Current backtesting datetime 2021-01-23 09:29:00-05:00
2024-07-10 21:36:18,414: asyncio: INFO: [MLTrader] Executing the after_market_closes lifecycle method
2024-07-10 21:36:18,415: root: INFO: Current backtesting datetime 2021-01-25 08:30:00-05:00
2024-07-10 21:36:18,415: asyncio: INFO: [MLTrader] Executing the before_market_opens lifecycle method
2024-07-10 21:36:18,415: root: INFO: Current backtesting datetime 2021-01-25 09:30:00-05:00
2024-07-10 21:36:18,415: asyncio: INFO: [MLTrader] Executing the before_starting_trading lifecycle method
2024-07-10 21:36:18,415: asyncio: INFO: [MLTrader] Executing the on_trading_iteration lifecycle method at 2024-07-10 21:36:18
2024-07-10 21:36:18,416: root: WARNING: quote is not implemented for YahooData, but USD was passed as the quote
2024-07-10 21:36:18,416: root: WARNING: quote is not implemented for YahooData, but USD was passed as the quote
2024-07-10 21:36:18,574: asyncio: INFO: [MLTrader] Trading iteration ended at 2024-07-10 21:36:18
2024-07-10 21:36:18,575: asyncio: INFO: [MLTrader] Sleeping for 86400 seconds
2024-07-10 21:36:18,576: root: INFO: Current backtesting datetime 2021-01-25 16:00:00-05:00
2024-07-10 21:36:18,576: root: INFO: Current backtesting datetime 2021-01-26 09:30:00-05:00
2024-07-10 21:36:18,576: asyncio: INFO: [MLTrader] Executing the on_trading_iteration lifecycle method at 2024-07-10 21:36:18
2024-07-10 21:36:18,576: root: WARNING: quote is not implemented for YahooData, but USD was passed as the quote
2024-07-10 21:36:18,576: root: WARNING: quote is not implemented for YahooData, but USD was passed as the quote
2024-07-10 21:36:18,752: asyncio: INFO: [MLTrader] Trading iteration ended at 2024-07-10 21:36:18
2024-07-10 21:36:18,753: asyncio: INFO: [MLTrader] Sleeping for 86400 seconds
2024-07-10 21:36:18,753: root: INFO: Current backtesting datetime 2021-01-26 16:00:00-05:00
2024-07-10 21:36:18,753: root: INFO: Current backtesting datetime 2021-01-27 09:30:00-05:00
2024-07-10 21:36:18,753: asyncio: INFO: [MLTrader] Executing the on_trading_iteration lifecycle method at 2024-07-10 21:36:18
2024-07-10 21:36:18,754: root: WARNING: quote is not implemented for YahooData, but USD was passed as the quote
2024-07-10 21:36:18,754: root: WARNING: quote is not implemented for YahooData, but USD was passed as the quote
2024-07-10 21:36:18,942: asyncio: INFO: [MLTrader] Trading iteration ended at 2024-07-10 21:36:18
2024-07-10 21:36:18,943: asyncio: INFO: [MLTrader] Sleeping for 86400 seconds
2024-07-10 21:36:18,943: root: INFO: Current backtesting datetime 2021-01-27 16:00:00-05:00
2024-07-10 21:36:18,943: root: INFO: Current backtesting datetime 2021-01-28 09:30:00-05:00
2024-07-10 21:36:18,943: asyncio: INFO: [MLTrader] Executing the on_trading_iteration lifecycle method at 2024-07-10 21:36:18
2024-07-10 21:36:18,944: root: WARNING: quote is not implemented for YahooData, but USD was passed as the quote
2024-07-10 21:36:18,944: root: WARNING: quote is not implemented for YahooData, but USD was passed as the quote
2024-07-10 21:36:19,218: asyncio: INFO: [MLTrader] Trading iteration ended at 2024-07-10 21:36:19
2024-07-10 21:36:19,219: asyncio: INFO: [MLTrader] Sleeping for 86400 seconds
2024-07-10 21:36:19,220: root: INFO: Current backtesting datetime 2021-01-28 16:00:00-05:00
2024-07-10 21:36:19,220: root: INFO: Current backtesting datetime 2021-01-29 09:30:00-05:00
2024-07-10 21:36:19,220: asyncio: INFO: [MLTrader] Executing the on_trading_iteration lifecycle method at 2024-07-10 21:36:19
2024-07-10 21:36:19,220: root: WARNING: quote is not implemented for YahooData, but USD was passed as the quote
2024-07-10 21:36:19,221: root: WARNING: quote is not implemented for YahooData, but USD was passed as the quote
2024-07-10 21:36:19,366: asyncio: INFO: [MLTrader] Trading iteration ended at 2024-07-10 21:36:19
2024-07-10 21:36:19,367: asyncio: INFO: [MLTrader] Sleeping for 86400 seconds
2024-07-10 21:36:19,367: root: INFO: Current backtesting datetime 2021-01-29 16:00:00-05:00
2024-07-10 21:36:19,367: root: INFO: Current backtesting datetime 2021-01-30 09:30:00-05:00
2024-07-10 21:36:19,368: asyncio: INFO: [MLTrader] The market is not currently open, skipping this trading iteration
2024-07-10 21:36:19,368: root: INFO: Current backtesting datetime 2021-01-30 09:29:00-05:00
2024-07-10 21:36:19,369: root: INFO: Current backtesting datetime 2021-01-30 09:29:00-05:00
2024-07-10 21:36:19,369: asyncio: INFO: [MLTrader] Executing the after_market_closes lifecycle method
2024-07-10 21:36:19,369: root: INFO: Current backtesting datetime 2021-02-01 08:30:00-05:00
2024-07-10 21:36:19,369: asyncio: INFO: [MLTrader] Executing the before_market_opens lifecycle method
2024-07-10 21:36:19,370: root: INFO: Current backtesting datetime 2021-02-01 09:30:00-05:00
2024-07-10 21:36:19,370: asyncio: INFO: [MLTrader] Executing the before_starting_trading lifecycle method
2024-07-10 21:36:19,370: asyncio: INFO: [MLTrader] Executing the on_trading_iteration lifecycle method at 2024-07-10 21:36:19
2024-07-10 21:36:19,370: root: WARNING: quote is not implemented for YahooData, but USD was passed as the quote
2024-07-10 21:36:19,371: root: WARNING: quote is not implemented for YahooData, but USD was passed as the quote
2024-07-10 21:36:19,552: asyncio: INFO: [MLTrader] Trading iteration ended at 2024-07-10 21:36:19
2024-07-10 21:36:19,553: asyncio: INFO: [MLTrader] Sleeping for 86400 seconds
2024-07-10 21:36:19,553: root: INFO: Current backtesting datetime 2021-02-01 16:00:00-05:00
2024-07-10 21:36:19,554: root: INFO: Current backtesting datetime 2021-02-02 09:30:00-05:00
2024-07-10 21:36:19,554: asyncio: INFO: [MLTrader] Executing the on_trading_iteration lifecycle method at 2024-07-10 21:36:19
2024-07-10 21:36:19,554: root: WARNING: quote is not implemented for YahooData, but USD was passed as the quote
2024-07-10 21:36:19,554: root: WARNING: quote is not implemented for YahooData, but USD was passed as the quote
2024-07-10 21:36:19,749: asyncio: INFO: [MLTrader] Trading iteration ended at 2024-07-10 21:36:19
2024-07-10 21:36:19,750: asyncio: INFO: [MLTrader] Sleeping for 86400 seconds
2024-07-10 21:36:19,753: root: INFO: Current backtesting datetime 2021-02-02 16:00:00-05:00
2024-07-10 21:36:19,754: root: INFO: Current backtesting datetime 2021-02-03 09:30:00-05:00
2024-07-10 21:36:19,755: asyncio: INFO: [MLTrader] Executing the on_trading_iteration lifecycle method at 2024-07-10 21:36:19
2024-07-10 21:36:19,755: root: WARNING: quote is not implemented for YahooData, but USD was passed as the quote
2024-07-10 21:36:19,758: root: WARNING: quote is not implemented for YahooData, but USD was passed as the quote
2024-07-10 21:36:19,930: asyncio: INFO: [MLTrader] Trading iteration ended at 2024-07-10 21:36:19
2024-07-10 21:36:19,931: asyncio: INFO: [MLTrader] Sleeping for 86400 seconds
2024-07-10 21:36:19,932: root: INFO: Current backtesting datetime 2021-02-03 16:00:00-05:00
2024-07-10 21:36:19,932: root: INFO: Current backtesting datetime 2021-02-04 09:30:00-05:00
2024-07-10 21:36:19,932: asyncio: INFO: [MLTrader] Executing the on_trading_iteration lifecycle method at 2024-07-10 21:36:19
2024-07-10 21:36:19,933: root: WARNING: quote is not implemented for YahooData, but USD was passed as the quote
2024-07-10 21:36:19,933: root: WARNING: quote is not implemented for YahooData, but USD was passed as the quote
2024-07-10 21:36:20,171: asyncio: INFO: [MLTrader] Trading iteration ended at 2024-07-10 21:36:20
2024-07-10 21:36:20,172: asyncio: INFO: [MLTrader] Sleeping for 86400 seconds
2024-07-10 21:36:20,173: root: INFO: Current backtesting datetime 2021-02-04 16:00:00-05:00
2024-07-10 21:36:20,173: root: INFO: Current backtesting datetime 2021-02-05 09:30:00-05:00
2024-07-10 21:36:20,173: asyncio: INFO: [MLTrader] Executing the on_trading_iteration lifecycle method at 2024-07-10 21:36:20
2024-07-10 21:36:20,173: root: WARNING: quote is not implemented for YahooData, but USD was passed as the quote
2024-07-10 21:36:20,174: root: WARNING: quote is not implemented for YahooData, but USD was passed as the quote
2024-07-10 21:36:20,426: asyncio: INFO: [MLTrader] Trading iteration ended at 2024-07-10 21:36:20
2024-07-10 21:36:20,427: asyncio: INFO: [MLTrader] Sleeping for 86400 seconds
2024-07-10 21:36:20,428: root: INFO: Current backtesting datetime 2021-02-05 16:00:00-05:00
2024-07-10 21:36:20,428: root: INFO: Current backtesting datetime 2021-02-06 09:30:00-05:00
2024-07-10 21:36:20,428: asyncio: INFO: [MLTrader] The market is not currently open, skipping this trading iteration
2024-07-10 21:36:20,429: root: INFO: Current backtesting datetime 2021-02-06 09:29:00-05:00
2024-07-10 21:36:20,429: root: INFO: Current backtesting datetime 2021-02-06 09:29:00-05:00
2024-07-10 21:36:20,429: asyncio: INFO: [MLTrader] Executing the after_market_closes lifecycle method
2024-07-10 21:36:20,430: root: INFO: Current backtesting datetime 2021-02-08 08:30:00-05:00
2024-07-10 21:36:20,430: asyncio: INFO: [MLTrader] Executing the before_market_opens lifecycle method
2024-07-10 21:36:20,430: root: INFO: Current backtesting datetime 2021-02-08 09:30:00-05:00
2024-07-10 21:36:20,430: asyncio: INFO: [MLTrader] Executing the before_starting_trading lifecycle method
2024-07-10 21:36:20,431: asyncio: INFO: [MLTrader] Executing the on_trading_iteration lifecycle method at 2024-07-10 21:36:20
2024-07-10 21:36:20,431: root: WARNING: quote is not implemented for YahooData, but USD was passed as the quote
2024-07-10 21:36:20,432: root: WARNING: quote is not implemented for YahooData, but USD was passed as the quote
2024-07-10 21:36:20,572: asyncio: INFO: [MLTrader] Trading iteration ended at 2024-07-10 21:36:20
2024-07-10 21:36:20,573: asyncio: INFO: [MLTrader] Sleeping for 86400 seconds
2024-07-10 21:36:20,573: root: INFO: Current backtesting datetime 2021-02-08 16:00:00-05:00
2024-07-10 21:36:20,573: root: INFO: Current backtesting datetime 2021-02-09 09:30:00-05:00
2024-07-10 21:36:20,573: asyncio: INFO: [MLTrader] Executing the on_trading_iteration lifecycle method at 2024-07-10 21:36:20
2024-07-10 21:36:20,574: root: WARNING: quote is not implemented for YahooData, but USD was passed as the quote
2024-07-10 21:36:20,574: root: WARNING: quote is not implemented for YahooData, but USD was passed as the quote
2024-07-10 21:36:20,807: asyncio: INFO: [MLTrader] Trading iteration ended at 2024-07-10 21:36:20
2024-07-10 21:36:20,807: asyncio: INFO: [MLTrader] Sleeping for 86400 seconds
2024-07-10 21:36:20,808: root: INFO: Current backtesting datetime 2021-02-09 16:00:00-05:00
2024-07-10 21:36:20,808: root: INFO: Current backtesting datetime 2021-02-10 09:30:00-05:00
2024-07-10 21:36:20,808: asyncio: INFO: [MLTrader] Executing the on_trading_iteration lifecycle method at 2024-07-10 21:36:20
2024-07-10 21:36:20,808: root: WARNING: quote is not implemented for YahooData, but USD was passed as the quote
2024-07-10 21:36:20,809: root: WARNING: quote is not implemented for YahooData, but USD was passed as the quote
2024-07-10 21:36:20,959: asyncio: INFO: [MLTrader] Trading iteration ended at 2024-07-10 21:36:20
2024-07-10 21:36:20,960: asyncio: INFO: [MLTrader] Sleeping for 86400 seconds
2024-07-10 21:36:20,960: root: INFO: Current backtesting datetime 2021-02-10 16:00:00-05:00
2024-07-10 21:36:20,961: root: INFO: Current backtesting datetime 2021-02-11 09:30:00-05:00
2024-07-10 21:36:20,961: asyncio: INFO: [MLTrader] Executing the on_trading_iteration lifecycle method at 2024-07-10 21:36:20
2024-07-10 21:36:20,961: root: WARNING: quote is not implemented for YahooData, but USD was passed as the quote
2024-07-10 21:36:20,961: root: WARNING: quote is not implemented for YahooData, but USD was passed as the quote
2024-07-10 21:36:21,157: asyncio: INFO: [MLTrader] Trading iteration ended at 2024-07-10 21:36:21
2024-07-10 21:36:21,158: asyncio: INFO: [MLTrader] Sleeping for 86400 seconds
2024-07-10 21:36:21,158: root: INFO: Current backtesting datetime 2021-02-11 16:00:00-05:00
2024-07-10 21:36:21,158: root: INFO: Current backtesting datetime 2021-02-12 09:30:00-05:00
2024-07-10 21:36:21,159: asyncio: INFO: [MLTrader] Executing the on_trading_iteration lifecycle method at 2024-07-10 21:36:21
2024-07-10 21:36:21,159: root: WARNING: quote is not implemented for YahooData, but USD was passed as the quote
2024-07-10 21:36:21,159: root: WARNING: quote is not implemented for YahooData, but USD was passed as the quote
2024-07-10 21:36:21,398: asyncio: INFO: [MLTrader] Trading iteration ended at 2024-07-10 21:36:21
2024-07-10 21:36:21,399: asyncio: INFO: [MLTrader] Sleeping for 86400 seconds
2024-07-10 21:36:21,400: root: INFO: Current backtesting datetime 2021-02-12 16:00:00-05:00
2024-07-10 21:36:21,400: root: INFO: Current backtesting datetime 2021-02-13 09:30:00-05:00
2024-07-10 21:36:21,400: asyncio: INFO: [MLTrader] The market is not currently open, skipping this trading iteration
2024-07-10 21:36:21,401: root: INFO: Current backtesting datetime 2021-02-13 09:29:00-05:00
2024-07-10 21:36:21,401: root: INFO: Current backtesting datetime 2021-02-13 09:29:00-05:00
2024-07-10 21:36:21,401: asyncio: INFO: [MLTrader] Executing the after_market_closes lifecycle method
2024-07-10 21:36:21,401: root: INFO: Current backtesting datetime 2021-02-16 08:30:00-05:00
2024-07-10 21:36:21,402: asyncio: INFO: [MLTrader] Executing the before_market_opens lifecycle method
2024-07-10 21:36:21,402: root: INFO: Current backtesting datetime 2021-02-16 09:30:00-05:00
2024-07-10 21:36:21,402: asyncio: INFO: [MLTrader] Executing the before_starting_trading lifecycle method
2024-07-10 21:36:21,403: asyncio: INFO: [MLTrader] Executing the on_trading_iteration lifecycle method at 2024-07-10 21:36:21
2024-07-10 21:36:21,403: root: WARNING: quote is not implemented for YahooData, but USD was passed as the quote
2024-07-10 21:36:21,403: root: WARNING: quote is not implemented for YahooData, but USD was passed as the quote
2024-07-10 21:36:21,496: asyncio: INFO: [MLTrader] Trading iteration ended at 2024-07-10 21:36:21
2024-07-10 21:36:21,497: asyncio: INFO: [MLTrader] Sleeping for 86400 seconds
2024-07-10 21:36:21,497: root: INFO: Current backtesting datetime 2021-02-16 16:00:00-05:00
2024-07-10 21:36:21,497: root: INFO: Current backtesting datetime 2021-02-17 09:30:00-05:00
2024-07-10 21:36:21,498: asyncio: INFO: [MLTrader] Executing the on_trading_iteration lifecycle method at 2024-07-10 21:36:21
2024-07-10 21:36:21,498: root: WARNING: quote is not implemented for YahooData, but USD was passed as the quote
2024-07-10 21:36:21,498: root: WARNING: quote is not implemented for YahooData, but USD was passed as the quote
2024-07-10 21:36:21,689: asyncio: INFO: [MLTrader] Trading iteration ended at 2024-07-10 21:36:21
2024-07-10 21:36:21,690: asyncio: INFO: [MLTrader] Sleeping for 86400 seconds
2024-07-10 21:36:21,690: root: INFO: Current backtesting datetime 2021-02-17 16:00:00-05:00
2024-07-10 21:36:21,690: root: INFO: Current backtesting datetime 2021-02-18 09:30:00-05:00
2024-07-10 21:36:21,691: asyncio: INFO: [MLTrader] Executing the on_trading_iteration lifecycle method at 2024-07-10 21:36:21
2024-07-10 21:36:21,691: root: WARNING: quote is not implemented for YahooData, but USD was passed as the quote
2024-07-10 21:36:21,691: root: WARNING: quote is not implemented for YahooData, but USD was passed as the quote
2024-07-10 21:36:21,978: asyncio: INFO: [MLTrader] Trading iteration ended at 2024-07-10 21:36:21
2024-07-10 21:36:21,979: asyncio: INFO: [MLTrader] Sleeping for 86400 seconds
2024-07-10 21:36:21,979: root: INFO: Current backtesting datetime 2021-02-18 16:00:00-05:00
2024-07-10 21:36:21,979: root: INFO: Current backtesting datetime 2021-02-19 09:30:00-05:00
2024-07-10 21:36:21,980: asyncio: INFO: [MLTrader] Executing the on_trading_iteration lifecycle method at 2024-07-10 21:36:21
2024-07-10 21:36:21,980: root: WARNING: quote is not implemented for YahooData, but USD was passed as the quote
2024-07-10 21:36:21,980: root: WARNING: quote is not implemented for YahooData, but USD was passed as the quote
2024-07-10 21:36:22,113: asyncio: INFO: [MLTrader] Trading iteration ended at 2024-07-10 21:36:22
2024-07-10 21:36:22,114: asyncio: INFO: [MLTrader] Sleeping for 86400 seconds
2024-07-10 21:36:22,114: root: INFO: Current backtesting datetime 2021-02-19 16:00:00-05:00
2024-07-10 21:36:22,114: root: INFO: Current backtesting datetime 2021-02-20 09:30:00-05:00
2024-07-10 21:36:22,114: asyncio: INFO: [MLTrader] The market is not currently open, skipping this trading iteration
2024-07-10 21:36:22,115: root: INFO: Current backtesting datetime 2021-02-20 09:29:00-05:00
2024-07-10 21:36:22,115: root: INFO: Current backtesting datetime 2021-02-20 09:29:00-05:00
2024-07-10 21:36:22,115: asyncio: INFO: [MLTrader] Executing the after_market_closes lifecycle method
2024-07-10 21:36:22,116: root: INFO: Current backtesting datetime 2021-02-22 08:30:00-05:00
2024-07-10 21:36:22,116: asyncio: INFO: [MLTrader] Executing the before_market_opens lifecycle method
2024-07-10 21:36:22,116: root: INFO: Current backtesting datetime 2021-02-22 09:30:00-05:00
2024-07-10 21:36:22,116: asyncio: INFO: [MLTrader] Executing the before_starting_trading lifecycle method
2024-07-10 21:36:22,117: asyncio: INFO: [MLTrader] Executing the on_trading_iteration lifecycle method at 2024-07-10 21:36:22
2024-07-10 21:36:22,117: root: WARNING: quote is not implemented for YahooData, but USD was passed as the quote
2024-07-10 21:36:22,117: root: WARNING: quote is not implemented for YahooData, but USD was passed as the quote
2024-07-10 21:36:22,410: asyncio: INFO: [MLTrader] Trading iteration ended at 2024-07-10 21:36:22
2024-07-10 21:36:22,411: asyncio: INFO: [MLTrader] Sleeping for 86400 seconds
2024-07-10 21:36:22,411: root: INFO: Current backtesting datetime 2021-02-22 16:00:00-05:00
2024-07-10 21:36:22,411: root: INFO: Current backtesting datetime 2021-02-23 09:30:00-05:00
2024-07-10 21:36:22,412: asyncio: INFO: [MLTrader] Executing the on_trading_iteration lifecycle method at 2024-07-10 21:36:22
2024-07-10 21:36:22,412: root: WARNING: quote is not implemented for YahooData, but USD was passed as the quote
2024-07-10 21:36:22,412: root: WARNING: quote is not implemented for YahooData, but USD was passed as the quote
2024-07-10 21:36:22,842: asyncio: INFO: [MLTrader] Trading iteration ended at 2024-07-10 21:36:22
2024-07-10 21:36:22,843: asyncio: INFO: [MLTrader] Sleeping for 86400 seconds
2024-07-10 21:36:22,843: root: INFO: Current backtesting datetime 2021-02-23 16:00:00-05:00
2024-07-10 21:36:22,843: root: INFO: Current backtesting datetime 2021-02-24 09:30:00-05:00
2024-07-10 21:36:22,844: asyncio: INFO: [MLTrader] Executing the on_trading_iteration lifecycle method at 2024-07-10 21:36:22
2024-07-10 21:36:22,844: root: WARNING: quote is not implemented for YahooData, but USD was passed as the quote
2024-07-10 21:36:22,844: root: WARNING: quote is not implemented for YahooData, but USD was passed as the quote
2024-07-10 21:36:23,004: asyncio: INFO: [MLTrader] Trading iteration ended at 2024-07-10 21:36:23
2024-07-10 21:36:23,005: asyncio: INFO: [MLTrader] Sleeping for 86400 seconds
2024-07-10 21:36:23,005: root: INFO: Current backtesting datetime 2021-02-24 16:00:00-05:00
2024-07-10 21:36:23,006: root: INFO: Current backtesting datetime 2021-02-25 09:30:00-05:00
2024-07-10 21:36:23,006: asyncio: INFO: [MLTrader] Executing the on_trading_iteration lifecycle method at 2024-07-10 21:36:23
2024-07-10 21:36:23,006: root: WARNING: quote is not implemented for YahooData, but USD was passed as the quote
2024-07-10 21:36:23,006: root: WARNING: quote is not implemented for YahooData, but USD was passed as the quote
2024-07-10 21:36:23,172: asyncio: INFO: [MLTrader] Trading iteration ended at 2024-07-10 21:36:23
2024-07-10 21:36:23,173: asyncio: INFO: [MLTrader] Sleeping for 86400 seconds
2024-07-10 21:36:23,173: root: INFO: Current backtesting datetime 2021-02-25 16:00:00-05:00
2024-07-10 21:36:23,173: root: INFO: Current backtesting datetime 2021-02-26 09:30:00-05:00
2024-07-10 21:36:23,174: asyncio: INFO: [MLTrader] Executing the on_trading_iteration lifecycle method at 2024-07-10 21:36:23
2024-07-10 21:36:23,174: root: WARNING: quote is not implemented for YahooData, but USD was passed as the quote
2024-07-10 21:36:23,174: root: WARNING: quote is not implemented for YahooData, but USD was passed as the quote
2024-07-10 21:36:23,332: asyncio: INFO: [MLTrader] Trading iteration ended at 2024-07-10 21:36:23
2024-07-10 21:36:23,333: asyncio: INFO: [MLTrader] Sleeping for 86400 seconds
2024-07-10 21:36:23,334: root: INFO: Current backtesting datetime 2021-02-26 16:00:00-05:00
2024-07-10 21:36:23,334: root: INFO: Current backtesting datetime 2021-02-27 09:30:00-05:00
2024-07-10 21:36:23,334: asyncio: INFO: [MLTrader] The market is not currently open, skipping this trading iteration
2024-07-10 21:36:23,335: root: INFO: Current backtesting datetime 2021-02-27 09:29:00-05:00
2024-07-10 21:36:23,335: root: INFO: Current backtesting datetime 2021-02-27 09:29:00-05:00
2024-07-10 21:36:23,335: asyncio: INFO: [MLTrader] Executing the after_market_closes lifecycle method
2024-07-10 21:36:23,336: root: INFO: Current backtesting datetime 2021-03-01 08:30:00-05:00
2024-07-10 21:36:23,336: asyncio: INFO: [MLTrader] Executing the before_market_opens lifecycle method
2024-07-10 21:36:23,336: root: INFO: Current backtesting datetime 2021-03-01 09:30:00-05:00
2024-07-10 21:36:23,336: asyncio: INFO: [MLTrader] Executing the before_starting_trading lifecycle method
2024-07-10 21:36:23,337: asyncio: INFO: [MLTrader] Executing the on_trading_iteration lifecycle method at 2024-07-10 21:36:23
2024-07-10 21:36:23,337: root: WARNING: quote is not implemented for YahooData, but USD was passed as the quote
2024-07-10 21:36:23,337: root: WARNING: quote is not implemented for YahooData, but USD was passed as the quote
2024-07-10 21:36:23,734: asyncio: INFO: [MLTrader] Trading iteration ended at 2024-07-10 21:36:23
2024-07-10 21:36:23,735: asyncio: INFO: [MLTrader] Sleeping for 86400 seconds
2024-07-10 21:36:23,736: root: INFO: Current backtesting datetime 2021-03-01 16:00:00-05:00
2024-07-10 21:36:23,736: root: INFO: Current backtesting datetime 2021-03-02 09:30:00-05:00
2024-07-10 21:36:23,736: asyncio: INFO: [MLTrader] Executing the on_trading_iteration lifecycle method at 2024-07-10 21:36:23
2024-07-10 21:36:23,736: root: WARNING: quote is not implemented for YahooData, but USD was passed as the quote
2024-07-10 21:36:23,738: root: WARNING: quote is not implemented for YahooData, but USD was passed as the quote
2024-07-10 21:36:23,940: asyncio: INFO: [MLTrader] Trading iteration ended at 2024-07-10 21:36:23
2024-07-10 21:36:23,941: asyncio: INFO: [MLTrader] Sleeping for 86400 seconds
2024-07-10 21:36:23,941: root: INFO: Current backtesting datetime 2021-03-02 16:00:00-05:00
2024-07-10 21:36:23,941: root: INFO: Current backtesting datetime 2021-03-03 09:30:00-05:00
2024-07-10 21:36:23,941: asyncio: INFO: [MLTrader] Executing the on_trading_iteration lifecycle method at 2024-07-10 21:36:23
2024-07-10 21:36:23,942: root: WARNING: quote is not implemented for YahooData, but USD was passed as the quote
2024-07-10 21:36:23,942: root: WARNING: quote is not implemented for YahooData, but USD was passed as the quote
2024-07-10 21:36:24,117: asyncio: INFO: [MLTrader] Trading iteration ended at 2024-07-10 21:36:24
2024-07-10 21:36:24,118: asyncio: INFO: [MLTrader] Sleeping for 86400 seconds
2024-07-10 21:36:24,118: root: INFO: Current backtesting datetime 2021-03-03 16:00:00-05:00
2024-07-10 21:36:24,118: root: INFO: Current backtesting datetime 2021-03-04 09:30:00-05:00
2024-07-10 21:36:24,118: asyncio: INFO: [MLTrader] Executing the on_trading_iteration lifecycle method at 2024-07-10 21:36:24
2024-07-10 21:36:24,118: root: WARNING: quote is not implemented for YahooData, but USD was passed as the quote
2024-07-10 21:36:24,119: root: WARNING: quote is not implemented for YahooData, but USD was passed as the quote
2024-07-10 21:36:24,299: asyncio: INFO: [MLTrader] Trading iteration ended at 2024-07-10 21:36:24
2024-07-10 21:36:24,301: asyncio: INFO: [MLTrader] Sleeping for 86400 seconds
2024-07-10 21:36:24,305: root: INFO: Current backtesting datetime 2021-03-04 16:00:00-05:00
2024-07-10 21:36:24,306: root: INFO: Current backtesting datetime 2021-03-05 09:30:00-05:00
2024-07-10 21:36:24,306: asyncio: INFO: [MLTrader] Executing the on_trading_iteration lifecycle method at 2024-07-10 21:36:24
2024-07-10 21:36:24,306: root: WARNING: quote is not implemented for YahooData, but USD was passed as the quote
2024-07-10 21:36:24,307: root: WARNING: quote is not implemented for YahooData, but USD was passed as the quote
2024-07-10 21:36:24,503: asyncio: INFO: [MLTrader] Trading iteration ended at 2024-07-10 21:36:24
2024-07-10 21:36:24,503: asyncio: INFO: [MLTrader] Sleeping for 86400 seconds
2024-07-10 21:36:24,504: root: INFO: Current backtesting datetime 2021-03-05 16:00:00-05:00
2024-07-10 21:36:24,504: root: INFO: Current backtesting datetime 2021-03-06 09:30:00-05:00
2024-07-10 21:36:24,504: asyncio: INFO: [MLTrader] The market is not currently open, skipping this trading iteration
2024-07-10 21:36:24,504: root: INFO: Current backtesting datetime 2021-03-06 09:29:00-05:00
2024-07-10 21:36:24,505: root: INFO: Current backtesting datetime 2021-03-06 09:29:00-05:00
2024-07-10 21:36:24,505: asyncio: INFO: [MLTrader] Executing the after_market_closes lifecycle method
2024-07-10 21:36:24,505: root: INFO: Current backtesting datetime 2021-03-08 08:30:00-05:00
2024-07-10 21:36:24,505: asyncio: INFO: [MLTrader] Executing the before_market_opens lifecycle method
2024-07-10 21:36:24,506: root: INFO: Current backtesting datetime 2021-03-08 09:30:00-05:00
2024-07-10 21:36:24,506: asyncio: INFO: [MLTrader] Executing the before_starting_trading lifecycle method
2024-07-10 21:36:24,506: asyncio: INFO: [MLTrader] Executing the on_trading_iteration lifecycle method at 2024-07-10 21:36:24
2024-07-10 21:36:24,506: root: WARNING: quote is not implemented for YahooData, but USD was passed as the quote
2024-07-10 21:36:24,507: root: WARNING: quote is not implemented for YahooData, but USD was passed as the quote
2024-07-10 21:36:24,654: asyncio: INFO: [MLTrader] Trading iteration ended at 2024-07-10 21:36:24
2024-07-10 21:36:24,655: asyncio: INFO: [MLTrader] Sleeping for 86400 seconds
2024-07-10 21:36:24,655: root: INFO: Current backtesting datetime 2021-03-08 16:00:00-05:00
2024-07-10 21:36:24,655: root: INFO: Current backtesting datetime 2021-03-09 09:30:00-05:00
2024-07-10 21:36:24,655: asyncio: INFO: [MLTrader] Executing the on_trading_iteration lifecycle method at 2024-07-10 21:36:24
2024-07-10 21:36:24,655: root: WARNING: quote is not implemented for YahooData, but USD was passed as the quote
2024-07-10 21:36:24,656: root: WARNING: quote is not implemented for YahooData, but USD was passed as the quote
2024-07-10 21:36:24,814: asyncio: INFO: [MLTrader] Trading iteration ended at 2024-07-10 21:36:24
2024-07-10 21:36:24,815: asyncio: INFO: [MLTrader] Sleeping for 86400 seconds
2024-07-10 21:36:24,815: root: INFO: Current backtesting datetime 2021-03-09 16:00:00-05:00
2024-07-10 21:36:24,815: root: INFO: Current backtesting datetime 2021-03-10 09:30:00-05:00
2024-07-10 21:36:24,816: asyncio: INFO: [MLTrader] Executing the on_trading_iteration lifecycle method at 2024-07-10 21:36:24
2024-07-10 21:36:24,816: root: WARNING: quote is not implemented for YahooData, but USD was passed as the quote
2024-07-10 21:36:24,816: root: WARNING: quote is not implemented for YahooData, but USD was passed as the quote
2024-07-10 21:36:25,020: asyncio: INFO: [MLTrader] Trading iteration ended at 2024-07-10 21:36:25
2024-07-10 21:36:25,021: asyncio: INFO: [MLTrader] Sleeping for 86400 seconds
2024-07-10 21:36:25,021: root: INFO: Current backtesting datetime 2021-03-10 16:00:00-05:00
2024-07-10 21:36:25,021: root: INFO: Current backtesting datetime 2021-03-11 09:30:00-05:00
2024-07-10 21:36:25,021: asyncio: INFO: [MLTrader] Executing the on_trading_iteration lifecycle method at 2024-07-10 21:36:25
2024-07-10 21:36:25,021: root: WARNING: quote is not implemented for YahooData, but USD was passed as the quote
2024-07-10 21:36:25,022: root: WARNING: quote is not implemented for YahooData, but USD was passed as the quote
2024-07-10 21:36:25,243: asyncio: INFO: [MLTrader] Trading iteration ended at 2024-07-10 21:36:25
2024-07-10 21:36:25,244: asyncio: INFO: [MLTrader] Sleeping for 86400 seconds
2024-07-10 21:36:25,244: root: INFO: Current backtesting datetime 2021-03-11 16:00:00-05:00
2024-07-10 21:36:25,244: root: INFO: Current backtesting datetime 2021-03-12 09:30:00-05:00
2024-07-10 21:36:25,244: asyncio: INFO: [MLTrader] Executing the on_trading_iteration lifecycle method at 2024-07-10 21:36:25
2024-07-10 21:36:25,244: root: WARNING: quote is not implemented for YahooData, but USD was passed as the quote
2024-07-10 21:36:25,245: root: WARNING: quote is not implemented for YahooData, but USD was passed as the quote
2024-07-10 21:36:25,454: asyncio: INFO: [MLTrader] Trading iteration ended at 2024-07-10 21:36:25
2024-07-10 21:36:25,455: asyncio: INFO: [MLTrader] Sleeping for 86400 seconds
2024-07-10 21:36:25,456: root: INFO: Current backtesting datetime 2021-03-12 16:00:00-05:00
2024-07-10 21:36:25,456: root: INFO: Current backtesting datetime 2021-03-13 09:30:00-05:00
2024-07-10 21:36:25,456: asyncio: INFO: [MLTrader] The market is not currently open, skipping this trading iteration
2024-07-10 21:36:25,456: root: INFO: Current backtesting datetime 2021-03-13 09:29:00-05:00
2024-07-10 21:36:25,457: root: INFO: Current backtesting datetime 2021-03-13 09:29:00-05:00
2024-07-10 21:36:25,457: asyncio: INFO: [MLTrader] Executing the after_market_closes lifecycle method
2024-07-10 21:36:25,457: root: INFO: Current backtesting datetime 2021-03-15 07:30:00-05:00
2024-07-10 21:36:25,457: asyncio: INFO: [MLTrader] Executing the before_market_opens lifecycle method
2024-07-10 21:36:25,458: root: INFO: Current backtesting datetime 2021-03-15 08:30:00-05:00
2024-07-10 21:36:25,458: asyncio: INFO: [MLTrader] Executing the before_starting_trading lifecycle method
2024-07-10 21:36:25,458: asyncio: INFO: [MLTrader] Executing the on_trading_iteration lifecycle method at 2024-07-10 21:36:25
2024-07-10 21:36:25,458: root: WARNING: quote is not implemented for YahooData, but USD was passed as the quote
2024-07-10 21:36:25,459: root: WARNING: quote is not implemented for YahooData, but USD was passed as the quote
2024-07-10 21:36:25,613: asyncio: INFO: [MLTrader] Trading iteration ended at 2024-07-10 21:36:25
2024-07-10 21:36:25,614: asyncio: INFO: [MLTrader] Sleeping for 86400 seconds
2024-07-10 21:36:25,614: root: INFO: Current backtesting datetime 2021-03-15 15:00:00-05:00
2024-07-10 21:36:25,614: root: INFO: Current backtesting datetime 2021-03-16 08:30:00-05:00
2024-07-10 21:36:25,615: asyncio: INFO: [MLTrader] Executing the on_trading_iteration lifecycle method at 2024-07-10 21:36:25
2024-07-10 21:36:25,615: root: WARNING: quote is not implemented for YahooData, but USD was passed as the quote
2024-07-10 21:36:25,615: root: WARNING: quote is not implemented for YahooData, but USD was passed as the quote
2024-07-10 21:36:25,818: asyncio: INFO: [MLTrader] Trading iteration ended at 2024-07-10 21:36:25
2024-07-10 21:36:25,818: asyncio: INFO: [MLTrader] Sleeping for 86400 seconds
2024-07-10 21:36:25,819: root: INFO: Current backtesting datetime 2021-03-16 15:00:00-05:00
2024-07-10 21:36:25,819: root: INFO: Current backtesting datetime 2021-03-17 08:30:00-05:00
2024-07-10 21:36:25,819: asyncio: INFO: [MLTrader] Executing the on_trading_iteration lifecycle method at 2024-07-10 21:36:25
2024-07-10 21:36:25,819: root: WARNING: quote is not implemented for YahooData, but USD was passed as the quote
2024-07-10 21:36:25,820: root: WARNING: quote is not implemented for YahooData, but USD was passed as the quote
2024-07-10 21:36:25,996: asyncio: INFO: [MLTrader] Trading iteration ended at 2024-07-10 21:36:25
2024-07-10 21:36:25,997: asyncio: INFO: [MLTrader] Sleeping for 86400 seconds
2024-07-10 21:36:25,997: root: INFO: Current backtesting datetime 2021-03-17 15:00:00-05:00
2024-07-10 21:36:25,997: root: INFO: Current backtesting datetime 2021-03-18 08:30:00-05:00
2024-07-10 21:36:25,997: asyncio: INFO: [MLTrader] Executing the on_trading_iteration lifecycle method at 2024-07-10 21:36:25
2024-07-10 21:36:25,997: root: WARNING: quote is not implemented for YahooData, but USD was passed as the quote
2024-07-10 21:36:25,998: root: WARNING: quote is not implemented for YahooData, but USD was passed as the quote
2024-07-10 21:36:26,139: asyncio: INFO: [MLTrader] Trading iteration ended at 2024-07-10 21:36:26
2024-07-10 21:36:26,140: asyncio: INFO: [MLTrader] Sleeping for 86400 seconds
2024-07-10 21:36:26,140: root: INFO: Current backtesting datetime 2021-03-18 15:00:00-05:00
2024-07-10 21:36:26,140: root: INFO: Current backtesting datetime 2021-03-19 08:30:00-05:00
2024-07-10 21:36:26,140: asyncio: INFO: [MLTrader] Executing the on_trading_iteration lifecycle method at 2024-07-10 21:36:26
2024-07-10 21:36:26,141: root: WARNING: quote is not implemented for YahooData, but USD was passed as the quote
2024-07-10 21:36:26,141: root: WARNING: quote is not implemented for YahooData, but USD was passed as the quote
2024-07-10 21:36:26,205: asyncio: INFO: [MLTrader] Executing the on_abrupt_closing event method
2024-07-10 21:36:26,370: asyncio: INFO: [MLTrader] Trading iteration ended at 2024-07-10 21:36:26
2024-07-10 21:36:26,371: root: INFO: Current backtesting datetime 2021-03-19 14:59:00-05:00
2024-07-10 21:36:26,372: root: INFO: Current backtesting datetime 2021-03-19 15:00:00-05:00
2024-07-10 21:36:27,119: root: INFO: Trading finished
2024-07-10 21:36:27,119: root: INFO: Backtesting finished
2024-07-10 21:36:30,017: backtest_stats: INFO: Backtest took 0:01:04.187754 for a speed of 0.000
